_id,title,language,format,screening_count
3243,Pismo naród.,german,2D,101
816,Sportowy.,spanish,IMAX,100
3264,Koszula nazwisko.,polish,3D,99
5382,Powinien.,english,2D,99
2030,Przeciwny.,spanish,3D,99
6452,Czoło wkrótce.,polish,2D,98
9307,Mecz technika.,polish,IMAX,98
281,Odcień sygnał.,polish,2D,98
7472,Charakterystyczny.,polish,2D,97
7650,Igła istnieć.,polish,3D,97
1326,Jabłko prezent.,spanish,2D,97
8500,Pan.,spanish,2D,97
1294,Październik ważny.,english,2D,97
921,Pomiędzy syn.,polish,IMAX,97
437,Rozwój.,english,3D,97
7948,Ilość przedsiębiorstwo.,english,IMAX,96
4349,Muzyka zdobyć.,polish,3D,96
7410,Pałac.,spanish,3D,96
806,Podatek przeznaczyć.,english,3D,96
4911,Rzadko.,polish,3D,96
261,Samica.,english,3D,96
4191,Skończyć.,spanish,IMAX,96
7789,Zacząć.,polish,IMAX,96
8654,Żeński uniwersytet.,spanish,IMAX,96
4177,Archipelag.,german,3D,95
73,Figura 60.,spanish,3D,95
3172,Jadalny zbiór.,english,IMAX,95
8542,Obóz.,english,3D,95
4892,Odzież.,english,3D,95
9765,Port Europa.,german,2D,95
386,Zapalenie.,english,IMAX,95
6419,Zwycięstwo klasa.,polish,IMAX,95
9464,Budować aż.,english,IMAX,94
3585,Dalej.,spanish,IMAX,94
5787,Dźwięk alkoholowy.,polish,2D,94
5288,Okrągły.,english,2D,94
3163,Polityk centralny.,polish,IMAX,94
6854,Przez opłata.,english,2D,94
7955,Rola.,spanish,3D,94
9756,Róża.,german,2D,94
5672,Różnica okolica.,english,IMAX,94
2428,Smak.,english,3D,94
2986,Sukienka rola.,english,IMAX,94
846,Szklanka.,german,3D,94
1941,Walczyć.,polish,3D,94
210,Wiele.,polish,3D,94
2191,Większość.,german,3D,94
958,Zdrowy.,spanish,3D,94
317,1000.,english,IMAX,93
2050,Chmura dla.,german,2D,93
7758,Czysty.,spanish,2D,93
2972,Deszcz.,spanish,3D,93
7270,Drobny.,german,IMAX,93
4421,Intensywny.,spanish,2D,93
2486,Jezus koniec.,spanish,2D,93
5486,Klasa.,english,IMAX,93
6060,Książę.,german,3D,93
3633,Literatura.,german,3D,93
6374,Nic.,english,IMAX,93
8233,Podłoga.,english,IMAX,93
6786,Podstawowy uchodzić.,german,2D,93
1843,Powszechny.,spanish,2D,93
8683,Przychodzić.,english,IMAX,93
8772,Sala.,english,IMAX,93
4540,Siódmy.,german,3D,93
9526,Straszny cesarz.,german,3D,93
7434,Telewizyjny podróżować.,spanish,2D,93
8092,Zabawa.,spanish,IMAX,93
4498,Zajmować przyjąć.,german,3D,93
7366,Żydowski pusty.,spanish,3D,93
1895,1000 za pomocą.,english,IMAX,92
7018,5.,spanish,IMAX,92
9472,Boże Narodzenie teraz.,spanish,IMAX,92
5393,Chcieć.,german,2D,92
749,Działalność ojczyzna.,polish,IMAX,92
6478,Gniazdo wykorzystywać.,german,3D,92
4482,Imię.,german,IMAX,92
4152,Klub stosunek.,english,3D,92
1416,Kontakt kosz.,german,2D,92
4109,Masa rower.,english,IMAX,92
9631,Mocno byk.,english,IMAX,92
1605,Myśl wrogość.,english,2D,92
4624,Naczynie.,polish,IMAX,92
6345,Naj-.,german,3D,92
5212,Naród 80.,spanish,IMAX,92
8039,Obiad umysł.,english,3D,92
7379,Pewien.,german,IMAX,92
6765,Pokój oni.,polish,IMAX,92
7212,Polak.,german,3D,92
8266,Pomidor.,german,2D,92
3010,Przestać mocno.,english,3D,92
4481,Siła.,english,IMAX,92
2659,Strona projekt.,polish,IMAX,92
1376,Sylaba.,spanish,IMAX,92
6780,Szczęśliwy.,english,3D,92
561,Sztuka spotkać.,english,2D,92
5730,Więcej łyżka.,german,3D,92
2730,Żeby przeprowadzać.,german,2D,92
2887,Abugida.,polish,3D,91
43,Ciekawy banknot.,german,2D,91
6756,Ciepły poruszać się.,polish,3D,91
950,Go głowa.,polish,2D,91
4086,Grecja.,polish,IMAX,91
1926,I.,spanish,2D,91
6187,Lis liczba.,spanish,IMAX,91
7624,Liść mówić.,german,2D,91
8331,Ładny otaczać.,spanish,IMAX,91
2067,Metal mózg.,spanish,3D,91
5816,Mieć pomóc.,spanish,3D,91
3828,Miejski dziecięcy.,polish,IMAX,91
9265,Możliwy dobry.,spanish,IMAX,91
2970,Np. chyba.,polish,2D,91
9614,Oba.,polish,3D,91
9846,Palec grzyb.,english,3D,91
4084,Pasmo.,polish,2D,91
7355,Po robotnik.,german,IMAX,91
4711,Poczta wychodzić.,polish,IMAX,91
5680,Przestępstwo.,spanish,3D,91
9818,Rosja mrówka.,english,2D,91
6111,Rumunia ty.,german,3D,91
9910,Składać Się.,english,3D,91
4478,Słoneczny anioł.,polish,2D,91
9060,Srebrny piąty.,polish,3D,91
4667,Stawiać.,english,IMAX,91
109,Syn trochę.,polish,2D,91
4064,Tajemnica zanim.,german,3D,91
305,Taniec.,polish,IMAX,91
3717,Tytuł.,polish,3D,91
6964,Umieć coś.,english,2D,91
8799,Wola ten sam.,german,2D,91
3085,Wybór.,german,2D,91
4654,Wywoływać bilet.,german,2D,91
1541,Zakon.,spanish,IMAX,91
6647,Zawsze.,polish,IMAX,91
2418,Źródło.,german,3D,91
2297,60 30.,polish,IMAX,90
1347,70 ponownie.,polish,3D,90
7529,Bawić Się.,german,IMAX,90
7458,Bułgarski.,german,2D,90
5172,Czasownik.,german,3D,90
2677,Część.,english,IMAX,90
9898,Członek między.,german,IMAX,90
1529,Doprowadzić.,english,IMAX,90
3123,Dziewięć.,spanish,2D,90
1248,Gałąź.,german,IMAX,90
415,Gaz.,german,IMAX,90
7853,Granica umieć.,spanish,2D,90
910,Itp. węgiel.,english,2D,90
5628,Jajo interes.,english,IMAX,90
5468,Lekcja.,polish,3D,90
834,Liczyć świnia.,spanish,3D,90
3475,Mięso na zewnątrz.,english,2D,90
2573,Minuta lecz.,spanish,2D,90
8759,No.,english,2D,90
9880,Obowiązek rzucać.,german,3D,90
6410,Obrót.,english,3D,90
3003,Osiągnąć piec.,german,2D,90
9540,Pamięć ból.,polish,IMAX,90
9353,Podawać.,spanish,IMAX,90
1434,Podział późny.,spanish,IMAX,90
3821,Pokonać.,spanish,3D,90
3794,Położyć.,spanish,3D,90
65,Potrafić grób.,english,2D,90
6716,Późny.,polish,3D,90
1168,Późny.,polish,3D,90
1458,Promień imię.,german,2D,90
6455,Próbować gniazdo.,polish,2D,90
8601,Różowy podobny.,spanish,2D,90
8525,Siódmy.,german,2D,90
180,Słoń sukienka.,polish,2D,90
1127,Słowacki łączyć.,polish,IMAX,90
4501,Słuchać.,english,3D,90
6899,Słyszeć bogaty.,spanish,2D,90
5648,Spokojny umiejętność.,german,IMAX,90
2862,Srebro przyczyna.,english,2D,90
2797,Stosunek mieszkaniec.,english,2D,90
9461,Styczeń nadmierny.,spanish,IMAX,90
7522,Szczyt Francja.,polish,2D,90
4677,Transport.,spanish,3D,90
5282,Trudność rząd.,polish,IMAX,90
6613,Urodzić.,spanish,2D,90
9826,Uważać.,spanish,2D,90
9677,Walczyć hodować.,polish,3D,90
1362,Wchodzić.,spanish,2D,90
4793,Wierny nauka.,polish,3D,90
5986,Wieża usuwać.,spanish,2D,90
92,Wydarzenie zmieniać.,german,2D,90
9997,Z Krwi I Kości wrogość.,polish,IMAX,90
6909,Zmarły.,english,2D,90
58,Znów.,english,2D,90
3391,1 polski.,spanish,IMAX,89
6275,20 kolumna.,polish,2D,89
616,8.,english,IMAX,89
2823,Administracyjny waluta.,polish,2D,89
840,Bar wojskowy.,spanish,3D,89
6987,Błoto drugi.,polish,IMAX,89
420,Brzuch kura.,english,3D,89
1587,Całkowicie.,english,3D,89
7364,Cesarz całkowity.,german,3D,89
7905,Chłop równy.,german,3D,89
6704,Ciągle.,english,IMAX,89
3904,Daleki samolot.,polish,2D,89
377,Dar.,english,IMAX,89
2680,Farba.,german,2D,89
9345,Herbata uzyskać.,english,2D,89
1229,Hotel.,english,2D,89
3030,Kraj.,english,2D,89
7605,Mężczyzna poeta.,polish,3D,89
6874,Mieszkanka.,spanish,IMAX,89
2641,Moralny okazja.,english,2D,89
3961,Nagle.,german,2D,89
1830,Niebezpieczeństwo.,polish,3D,89
7791,Niemcy zdanie.,polish,IMAX,89
2484,Obiad.,german,IMAX,89
5656,Obywatelka.,spanish,2D,89
3655,Odcinek.,spanish,3D,89
9995,Pacjent.,spanish,3D,89
6746,Pięć.,german,3D,89
6448,Pismo poduszka.,polish,2D,89
5057,Płyn.,german,IMAX,89
8964,Płyta.,english,3D,89
3099,Pochodzić.,polish,2D,89
1983,Polować południowy.,polish,3D,89
8862,Ponieważ toponim.,spanish,3D,89
2602,Produkować.,english,2D,89
7806,Przedmiot przychodzić.,german,2D,89
5873,Przestać.,polish,3D,89
4900,Pytać zaczynać.,english,2D,89
3852,Ryba.,spanish,IMAX,89
1472,Rzucać jedynie.,english,IMAX,89
2763,Słowacja.,spanish,IMAX,89
5150,Staw.,german,3D,89
6017,Staw.,polish,2D,89
5911,Sukienka.,english,3D,89
9260,Szeroki.,spanish,2D,89
8032,Ściana towar.,english,IMAX,89
2582,Świecić.,german,IMAX,89
1786,Temu pozycja.,english,3D,89
8447,Trudno urząd.,german,2D,89
2307,Tutaj.,english,IMAX,89
5649,Tworzyć zapis.,german,2D,89
174,Tysiąc wieczór.,spanish,2D,89
7535,Układ.,polish,IMAX,89
7025,Uznawać starożytny.,polish,3D,89
6988,Uznawać.,english,3D,89
6318,Wątpliwość.,polish,2D,89
5281,Wesoły nadawać.,polish,3D,89
6640,Wewnątrz budynek.,polish,2D,89
1384,Wierzyć działanie.,english,IMAX,89
4209,Wino wśród.,spanish,3D,89
914,Władca jako.,english,2D,89
3380,Wspólnota papież.,polish,2D,89
1823,Wybrać.,spanish,2D,89
3570,Zając chyba.,polish,3D,89
9343,Zakończenie.,english,IMAX,89
1871,Złodziej.,english,IMAX,89
1092,Znaleźć ta.,english,IMAX,89
5912,Znowu strefa.,spanish,IMAX,89
8517,Znów.,spanish,2D,89
9750,Żółty.,polish,2D,89
7661,Życie 40.,polish,3D,89
7567,- przez.,polish,3D,88
4833,60 przeprowadzać.,english,IMAX,88
2110,Adres.,polish,3D,88
4670,Aktor dodatkowy.,spanish,3D,88
1004,Babcia wybrzeże.,english,IMAX,88
1905,Bronić.,german,IMAX,88
8332,Całkiem opłata.,english,3D,88
1732,Chiński źródło.,english,3D,88
5458,Ciąża trzeci.,german,3D,88
9594,Cisza w.,english,IMAX,88
5616,Co.,german,3D,88
8714,Coraz orzeł.,spanish,2D,88
5975,Coś.,german,2D,88
4465,Czekać dziedzina.,spanish,2D,88
7229,Czekolada.,polish,IMAX,88
6858,Częściowo narzędzie.,german,3D,88
9253,Dar.,german,2D,88
7781,Dobrze.,polish,3D,88
1360,Dokonywać.,english,IMAX,88
9413,Dziedzina.,german,3D,88
7153,Dzisiaj but.,polish,2D,88
9624,Fakt.,spanish,IMAX,88
812,Głos znać.,german,IMAX,88
5758,Godny.,german,3D,88
5034,Herb.,english,3D,88
873,Istotny czynić.,english,3D,88
34,Kontynent.,spanish,3D,88
4759,Kość.,polish,3D,88
9993,Kula.,spanish,2D,88
2877,Literatura sala.,spanish,3D,88
9266,Literatura stracić.,english,IMAX,88
9699,Łódź.,polish,3D,88
4696,Małpa przyjaciel.,english,3D,88
804,Natychmiast fotografia.,polish,2D,88
9606,Niektóry.,english,IMAX,88
3093,Noga.,german,3D,88
5465,Obecny zespół.,polish,3D,88
2401,Ojczyzna.,polish,3D,88
864,Palec.,german,3D,88
6324,Pierwiastek Chemiczny.,english,IMAX,88
8708,Pięć fotografia.,english,IMAX,88
9423,Plecy.,spanish,3D,88
3955,Południe.,polish,2D,88
3124,Pomagać dodatek.,polish,3D,88
6724,Porządek.,spanish,3D,88
4135,Posługiwać Się.,spanish,3D,88
7330,Powstanie.,polish,IMAX,88
6645,Poza.,english,IMAX,88
4535,Prawie piętnaście.,german,2D,88
2181,Przestępstwo.,german,3D,88
5054,Punkt but.,spanish,2D,88
7670,Rodzina.,polish,3D,88
7622,Rozmawiać wino.,english,IMAX,88
5102,Rysunek lub.,english,IMAX,88
5182,Rzadko.,english,3D,88
3840,Samochód malować.,english,2D,88
6224,Służyć.,german,3D,88
6992,Sposób.,english,IMAX,88
4827,Strumień.,polish,3D,88
5249,Suma.,german,2D,88
8824,Symbol obraz.,english,IMAX,88
4151,Szczególnie.,german,2D,88
5619,Sześćdziesiąt.,english,3D,88
1330,Szwedzki.,polish,3D,88
6893,Śmiech ilość.,polish,IMAX,88
8917,Środek.,spanish,2D,88
8726,Tam.,spanish,IMAX,88
6070,Temat kaczka.,english,3D,88
1575,Tradycja przeszłość.,spanish,3D,88
5666,Transport idea.,polish,2D,88
1574,Urodziny.,polish,3D,88
5784,Usuwać siedem.,spanish,2D,88
1303,Wczesny.,german,3D,88
7131,Wiatr.,spanish,3D,88
9738,Własny wykorzystywać.,english,IMAX,88
3745,Włosy cecha.,german,3D,88
153,Wynik dawno.,german,IMAX,88
2011,Zakładać.,german,IMAX,88
5311,Zakończenie.,english,IMAX,88
9477,Zamek 80.,spanish,3D,88
5181,Zamieszkiwać.,polish,IMAX,88
6705,Zazwyczaj.,spanish,3D,88
9859,Związany zły.,spanish,IMAX,88
3523,Zwolennik wstyd.,polish,IMAX,88
8293,– dym.,polish,3D,87
4748,Akt.,spanish,IMAX,87
8655,Aktor pociąg.,polish,2D,87
7878,Aktywny pokazywać.,polish,3D,87
6467,Alkohol.,german,3D,87
5931,Bajka.,spanish,2D,87
8195,Bank.,spanish,IMAX,87
1788,Bank.,polish,3D,87
3021,Barwa.,spanish,IMAX,87
951,Bić zegar.,polish,IMAX,87
3833,Bogini.,german,IMAX,87
4288,Chłop średniowieczny.,english,IMAX,87
2839,Choroba.,polish,2D,87
7794,Członek.,english,2D,87
7757,Czy.,english,IMAX,87
4754,Czy.,german,IMAX,87
9100,Dać Się 90.,spanish,2D,87
5080,Diabeł żydowski.,polish,3D,87
1370,Dlatego pies.,german,2D,87
717,Dokładny.,english,IMAX,87
38,Drewniany.,german,IMAX,87
2554,Dusza zaraz.,german,2D,87
3664,Duży.,german,3D,87
7580,Egipt gatunek.,english,2D,87
1148,Epoka.,spanish,3D,87
3486,Gęsty pragnienie.,spanish,2D,87
5925,Głupek obcy.,english,3D,87
1029,Gospodarczy prowadzić.,spanish,IMAX,87
5804,Grecja też.,german,IMAX,87
4147,Grzech Węgry.,polish,IMAX,87
1078,Handel.,polish,2D,87
9546,Herb kot.,spanish,2D,87
3561,Inny wewnątrz.,english,3D,87
3756,Interes kij.,polish,2D,87
9841,Jadalny.,polish,2D,87
4774,Jedynie.,german,IMAX,87
550,Jedzenie.,english,3D,87
7738,Kanał.,german,IMAX,87
8012,Kapelusz szwedzki.,polish,IMAX,87
3533,Kraina praca.,german,IMAX,87
3053,Kultura.,german,IMAX,87
7921,Lecieć.,english,3D,87
8210,Lecz opieka.,english,3D,87
5932,Linia.,polish,IMAX,87
7655,List piękny.,german,3D,87
2910,Lud jezioro.,english,IMAX,87
8672,Łódź.,spanish,IMAX,87
9444,Mądry jeździć.,english,2D,87
9962,Metalowy umieszczać.,english,3D,87
98,Miasto termin.,german,2D,87
2331,Miesiąc.,spanish,IMAX,87
601,Mieszkanie nadzieja.,german,3D,87
172,Mnóstwo podłoga.,german,IMAX,87
9451,Móc miara.,german,IMAX,87
4601,Musieć prąd.,german,3D,87
7277,Myśleć wieczór.,polish,3D,87
6658,Nagle wewnętrzny.,polish,2D,87
7418,Nieść.,german,IMAX,87
5947,Noga kanał.,polish,2D,87
9634,Obiekt.,spanish,IMAX,87
8197,Otrzymywać treść.,english,IMAX,87
1438,Panna bogaty.,english,3D,87
6202,Panować leżeć.,german,IMAX,87
8328,Para.,spanish,3D,87
5919,Pas.,polish,IMAX,87
2563,Pieśń sposób.,polish,IMAX,87
4347,Pisarz tył.,german,IMAX,87
9828,Płakać.,spanish,2D,87
5126,Pomysł do.,german,IMAX,87
3948,Powolny.,english,2D,87
427,Powstanie gleba.,polish,2D,87
871,Pozostać.,german,2D,87
6533,Pracownik akcja.,spanish,IMAX,87
1219,Przedstawienie.,german,IMAX,87
1052,Przyjemny charakter.,polish,2D,87
2452,Radość.,polish,3D,87
8731,Raz kino.,german,IMAX,87
2255,Róża wąż.,polish,IMAX,87
9409,Różnica liczba.,german,3D,87
8961,Rzym.,spanish,3D,87
1981,Samica.,spanish,3D,87
5008,Sądzić.,english,IMAX,87
6018,Sierpień również.,spanish,3D,87
5081,Słońce.,english,2D,87
598,Ssak.,polish,IMAX,87
8931,Tradycja.,german,IMAX,87
7576,Uderzać zamiast.,english,IMAX,87
9771,Uzyskać.,spanish,IMAX,87
4600,Uzyskać.,english,2D,87
260,Wątpliwość nagły.,english,IMAX,87
5186,Węgiel mistrz.,spanish,IMAX,87
778,Wielkość.,polish,2D,87
6445,Więcej.,polish,2D,87
3643,Wioska.,polish,2D,87
9291,Wiosna Afganistan.,german,2D,87
3424,Wydawać Się właściwy.,spanish,2D,87
2046,Wykorzystywać 1.,spanish,IMAX,87
5400,Wysiłek.,german,3D,87
1806,Wystawa.,english,IMAX,87
2790,Z Krwi I Kości.,english,3D,87
1536,Zajmować Się potem.,spanish,3D,87
3323,Zawartość tamten.,polish,IMAX,87
7191,Zawodowy przyjąć.,german,IMAX,87
293,Zdolny.,spanish,2D,87
3958,Zima myśleć.,polish,3D,87
5285,Zima znak.,german,3D,87
2213,Złoty dziesięć.,english,3D,87
1180,Zły.,german,2D,87
9689,Zwłaszcza.,spanish,IMAX,87
7869,Zwykły ćwiczenie.,german,IMAX,87
3589,— czyjś.,german,IMAX,86
8001,50.,spanish,2D,86
8681,Afganistan waluta.,spanish,3D,86
4822,Aktor.,spanish,2D,86
5315,Babcia.,english,IMAX,86
1845,Bieda istnieć.,spanish,2D,86
82,Błoto.,spanish,IMAX,86
4571,Bogactwo sprzedaż.,german,3D,86
7817,Boże Narodzenie.,german,3D,86
564,Brzydki.,english,IMAX,86
4499,Cesarz spór.,polish,3D,86
4941,Chcieć.,polish,IMAX,86
1429,Ciekawy uśmiech.,spanish,2D,86
3836,Cierpieć wzgórze.,english,IMAX,86
4805,Cierpienie.,german,2D,86
1838,Co sobie.,spanish,3D,86
591,Coraz.,spanish,IMAX,86
651,Coś artysta.,english,2D,86
3785,Człowiek umieć.,german,2D,86
7090,Czuć.,english,IMAX,86
6207,Czynnik.,spanish,2D,86
1940,Deszcz.,english,3D,86
4552,Długi samiec.,polish,IMAX,86
9550,Dokładnie.,english,IMAX,86
650,Dokument komputer.,english,3D,86
5381,Drewno drzewo.,polish,3D,86
1793,Drużyna terytorium.,spanish,3D,86
7415,Drzwi ten sam.,german,IMAX,86
9467,Dwa bliski.,german,2D,86
1946,Dziadek.,english,IMAX,86
2757,Dziecko.,english,2D,86
1028,Dziura.,spanish,3D,86
6798,Energia wodny.,german,2D,86
6190,Głowa.,english,2D,86
6327,Gospodarczy.,german,IMAX,86
5328,Górski prowincja.,polish,2D,86
2456,Grudzień.,english,IMAX,86
7283,Gwiazda.,spanish,IMAX,86
6671,Handel wczesny.,english,2D,86
8051,Hotel usługa.,german,IMAX,86
125,Ich.,spanish,2D,86
9298,Jajo bawić się.,spanish,IMAX,86
9479,Jakby trzeba.,spanish,IMAX,86
7413,Japonia.,spanish,2D,86
458,Jednak przyjaciel.,english,IMAX,86
716,Katastrofa.,polish,2D,86
379,Kłaść.,german,2D,86
6955,Kolacja.,german,3D,86
4196,Kościelny tkanina.,german,IMAX,86
4074,Kot.,spanish,2D,86
2804,Kształt.,german,3D,86
4405,Kupować.,spanish,3D,86
1198,Lecieć Polska.,spanish,2D,86
6566,Linia.,polish,IMAX,86
1295,Lista przyjemny.,spanish,2D,86
9988,Lotnisko.,spanish,3D,86
2432,Łóżko.,english,IMAX,86
4918,Małżeństwo.,polish,2D,86
8553,Marka sprawa.,german,3D,86
8553,Marka sprawa.,english,2D,86
187,Matematyka.,polish,IMAX,86
42,Matka.,english,IMAX,86
5371,Mądry.,spanish,2D,86
4973,Miejscowość.,german,2D,86
5419,Mieszkaniec.,polish,2D,86
9926,Miękki stracić.,english,3D,86
839,Morze.,english,IMAX,86
8000,Niebo.,english,2D,86
764,Obecny.,spanish,2D,86
9792,Obywatel zbudować.,spanish,IMAX,86
8376,Od zdolny.,english,3D,86
5264,Oddawać Rosja.,polish,2D,86
7643,Odkryć.,english,IMAX,86
9401,Odległość czerwony.,english,IMAX,86
7971,Operacja przybyć.,english,3D,86
887,Organizacja sztuka.,english,3D,86
9435,Oś.,german,2D,86
7228,Otwierać.,polish,IMAX,86
4046,Pacjent przedmiot.,polish,2D,86
2515,Pająk danie.,spanish,3D,86
2903,Państwo żeby.,english,3D,86
5006,Pisarz szeroki.,polish,IMAX,86
7499,Plemię.,polish,IMAX,86
1989,Pojemnik profesor.,polish,2D,86
6019,Policja.,english,IMAX,86
5425,Pomagać promień.,german,2D,86
9633,Potem.,german,IMAX,86
4403,Późny prostytutka.,english,3D,86
5035,Praktyka.,spanish,3D,86
7162,Prawda uchodzić.,english,2D,86
6781,Prędkość ostatni.,spanish,IMAX,86
4164,Prędkość.,spanish,IMAX,86
6685,Prosić.,spanish,3D,86
8863,Przejaw.,german,IMAX,86
2683,Przejście.,spanish,IMAX,86
1727,Przerwa las.,polish,2D,86
7646,Przyjaciel.,spanish,IMAX,86
3628,Przypominać.,polish,3D,86
2153,Psychiczny niewolnik.,polish,2D,86
2693,Raz.,polish,2D,86
2152,Robotnik.,german,2D,86
4325,Rodzic kontynent.,english,3D,86
4629,Róg.,german,IMAX,86
4620,Sąd osiemdziesiąt.,polish,2D,86
3517,Seksualny.,spanish,2D,86
1357,Skutek.,english,2D,86
9724,Słońce.,spanish,2D,86
2637,Słowacki.,spanish,IMAX,86
8334,Słownik łatwy.,spanish,3D,86
5657,Spadek.,english,2D,86
1103,Sport żołnierz.,german,3D,86
6161,Spotkanie.,german,IMAX,86
3921,Stosować.,spanish,3D,86
6439,Swój krótki.,german,2D,86
8497,Szkodliwy.,english,2D,86
2644,Szkolny.,polish,2D,86
1568,Szybko 10.,english,IMAX,86
2343,Świecić szkolny.,english,2D,86
5168,Świecić.,spanish,3D,86
9838,Świnia.,spanish,3D,86
9058,Tam proszę.,german,3D,86
4888,Tani.,spanish,IMAX,86
6035,Tarcza pies.,polish,IMAX,86
9929,Tłumaczyć ocena.,english,2D,86
7579,Tracić budzić.,english,3D,86
8160,Trudno.,polish,IMAX,86
1106,Tutaj wszyscy.,polish,2D,86
4243,Uchodzić okazja.,polish,IMAX,86
3152,Udać Się znaczyć.,polish,2D,86
9986,Ulica zmieniać.,german,3D,86
2921,Wcześnie zaczynać.,english,3D,86
756,Wilk.,english,IMAX,86
6853,Właściwy imię.,german,3D,86
3252,Wojskowy.,spanish,2D,86
6785,Wolno.,polish,3D,86
7951,Wrócić.,polish,3D,86
7233,Wrzesień.,spanish,2D,86
7321,Wspaniały metalowy.,german,2D,86
8019,Wszystek.,english,3D,86
3469,Wyjść.,german,2D,86
1583,Wysłać.,polish,IMAX,86
2509,Występować.,polish,3D,86
6453,Wysyłać słodki.,spanish,3D,86
1339,Wytwarzać fabryka.,german,2D,86
3792,Zajmować.,spanish,3D,86
319,Zaraz fala.,spanish,IMAX,86
4153,Zbiór miejscowość.,german,3D,86
2779,Zdolny możliwy.,spanish,2D,86
6118,Zdolny urząd.,german,3D,86
9930,Zdrowy radiowy.,spanish,2D,86
1841,Zgodnie.,spanish,IMAX,86
9273,Znak czynnik.,spanish,3D,86
9921,Znów zwycięstwo.,german,2D,86
4830,Zobaczyć wnętrze.,english,IMAX,86
2017,Zrobić nie.,english,3D,86
3502,Zwrot należeć.,polish,3D,86
3832,Żeński.,english,3D,86
514,? igła.,polish,2D,85
6194,4 zamieszkiwać.,english,2D,85
3874,900 gwiazda.,german,IMAX,85
1243,Artysta.,german,3D,85
1467,Atmosfera.,german,3D,85
2927,Broda sytuacja.,german,IMAX,85
3160,Brzuch.,polish,IMAX,85
328,Cały wojskowy.,english,2D,85
4650,Chmura.,spanish,IMAX,85
6096,Cichy.,spanish,IMAX,85
3086,Ciepło prywatny.,spanish,IMAX,85
8805,Czekolada zatoka.,polish,IMAX,85
8820,Czerwiec powód.,spanish,3D,85
7470,Czyjś.,spanish,IMAX,85
9748,Czysty.,spanish,3D,85
1928,Dla.,german,IMAX,85
2409,Duński.,polish,IMAX,85
4625,Dusza prosty.,german,3D,85
5795,Dużo.,spanish,3D,85
4908,Dużo.,spanish,IMAX,85
6048,Dwanaście.,spanish,2D,85
4623,Dzisiejszy firma.,german,IMAX,85
7995,Finansowy.,english,IMAX,85
3684,Gałąź zamiar.,german,2D,85
7723,Gardło.,polish,2D,85
7230,Grecja historia.,spanish,IMAX,85
8482,Grzyb.,english,3D,85
4940,I kapelusz.,english,IMAX,85
2198,Jak.,polish,3D,85
3444,Jaki.,english,2D,85
844,Jan.,english,2D,85
9481,Jedyny.,english,IMAX,85
3490,Jeżeli.,english,IMAX,85
3620,Język ten.,spanish,IMAX,85
5573,Kanał.,english,2D,85
4006,Kilka zazwyczaj.,spanish,2D,85
1671,Kilka.,english,IMAX,85
1208,Kosztować.,english,IMAX,85
4717,Las.,polish,2D,85
859,List można.,polish,3D,85
5010,Lista.,german,IMAX,85
5936,Litwa.,german,2D,85
8838,Łatwy.,spanish,2D,85
8402,Majuskuła kara.,german,IMAX,85
7843,Małpa smutny.,english,3D,85
1224,Mąka posługiwać się.,spanish,2D,85
7373,Męski wstyd.,polish,2D,85
2997,Minuta drużyna.,german,IMAX,85
5263,Modlitwa.,english,2D,85
294,Możliwość robić.,english,IMAX,85
5416,Muzeum istota.,german,2D,85
5830,Muzyka Słońce.,english,IMAX,85
2341,My wszyscy.,english,2D,85
9173,My.,english,IMAX,85
6927,Narzędzie.,polish,IMAX,85
6027,Naukowy.,english,IMAX,85
3354,Odczuwać prasa.,english,3D,85
9695,Odważny.,spanish,IMAX,85
9398,Okazja podnieść.,english,3D,85
6075,Okno instytucja.,english,IMAX,85
5544,One.,german,3D,85
2074,Opisać.,german,3D,85
660,Organizacja.,spanish,3D,85
2500,Otrzymywać obrót.,spanish,IMAX,85
165,Owca Żyd.,english,IMAX,85
5749,Panna określony.,spanish,IMAX,85
7349,Pewny efekt.,spanish,3D,85
1686,Piątek bok.,polish,IMAX,85
3392,Piec stawiać.,polish,IMAX,85
8312,Pierwiastek.,english,IMAX,85
4488,Planeta sobie.,polish,IMAX,85
7919,Plemię dziewczynka.,german,3D,85
982,Pływać.,spanish,IMAX,85
6166,Poduszka adres.,spanish,IMAX,85
4188,Pogląd związać.,german,IMAX,85
1616,Ponieważ.,polish,IMAX,85
5296,Postępowanie.,german,2D,85
8653,Potrzebny.,german,2D,85
884,Powstać.,polish,IMAX,85
8613,Prawda.,german,3D,85
7606,Produkt.,spanish,3D,85
2570,Prowadzić.,english,2D,85
5497,Przebywać pozycja.,german,IMAX,85
3098,Przed przyjęcie.,english,3D,85
5631,Przejaw.,german,3D,85
5372,Przepis.,german,IMAX,85
4047,Przyjmować.,spanish,3D,85
8198,Przyprawa.,spanish,3D,85
4063,Przyszłość.,german,2D,85
5239,Relacja bilet.,spanish,IMAX,85
3512,Rosnąć.,spanish,3D,85
6388,Rosyjski.,polish,IMAX,85
8574,Róg.,german,IMAX,85
4311,Również.,spanish,3D,85
5301,Rumunia rana.,german,IMAX,85
5654,Rysunek.,spanish,IMAX,85
6908,Sala pierwszy.,english,IMAX,85
4083,Sąd ksiądz.,spanish,3D,85
3763,Skala czterdzieści.,spanish,IMAX,85
241,Skład.,spanish,IMAX,85
7159,Skóra.,english,IMAX,85
7784,Słowacki.,polish,2D,85
1683,Słownik okno.,english,3D,85
1961,Słuchać wieczór.,spanish,2D,85
3026,Sobota rząd.,polish,IMAX,85
3601,Sok lista.,english,2D,85
1524,Spokój.,german,IMAX,85
9123,Spór.,spanish,3D,85
7042,Sprawiać.,spanish,3D,85
79,Sprzedaż spowodować.,german,IMAX,85
266,Stać Się przejaw.,german,IMAX,85
7491,Stały obóz.,spanish,3D,85
6493,Sukces wyłącznie.,german,3D,85
2569,Swój pokarm.,spanish,3D,85
7649,Szkolny wokół.,german,2D,85
7201,Szukać.,english,2D,85
4901,Śpiewać.,polish,3D,85
5938,Środek świadczyć.,polish,2D,85
4799,Tablica móc.,spanish,IMAX,85
8564,Tam but.,english,3D,85
5876,Teatr sobie.,spanish,IMAX,85
5941,Temat.,polish,2D,85
6829,Termin dom.,polish,3D,85
144,Tradycja 40.,english,2D,85
4136,Trwały.,english,2D,85
6518,Uciec ciasto.,polish,IMAX,85
5939,Ukraina.,english,2D,85
7966,Urodzić Się iść.,spanish,IMAX,85
9914,W autobus.,spanish,2D,85
5462,Wakacje.,spanish,3D,85
1726,Warzywo.,english,IMAX,85
3549,Wejść tekst.,german,2D,85
4365,Więcej.,english,IMAX,85
7915,Większość.,polish,2D,85
7699,Większy traktować.,polish,3D,85
4597,Właściwy.,polish,3D,85
9306,Wojna nazywać.,german,3D,85
5130,Wszelki.,polish,2D,85
8474,Wycieczka.,polish,IMAX,85
5356,Wydać miecz.,spanish,IMAX,85
6923,Wyglądać Ameryka.,spanish,2D,85
5210,Wynosić Rzym.,polish,2D,85
2252,Zainteresowanie religijny.,spanish,3D,85
7241,Zgodny korzeń.,polish,IMAX,85
622,Znaczenie byk.,spanish,IMAX,85
2481,Znajdować Się u.,polish,3D,85
7539,Znak milion.,german,3D,85
8523,Zrobić pan.,german,IMAX,85
7129,Zupa ciężar.,spanish,3D,85
8832,Związek.,english,3D,85
7046,Że.,german,IMAX,85
6962,Żeby.,polish,IMAX,85
8756,2.,polish,2D,84
644,3 rosyjski.,polish,IMAX,84
3148,900 posługiwać się.,polish,2D,84
6550,A.,polish,2D,84
6278,Administracyjny powietrze.,spanish,2D,84
2703,Ale.,german,3D,84
7604,Armia określenie.,polish,2D,84
35,Artysta.,english,IMAX,84
5100,Badać deszcz.,spanish,2D,84
3487,Bar.,german,IMAX,84
8864,Biblioteka wynosić.,spanish,3D,84
2415,Bliski.,english,3D,84
5722,Brudny.,polish,3D,84
621,By.,english,2D,84
7585,Cesarz.,english,3D,84
5823,Chodzić serce.,polish,3D,84
718,Ci.,polish,IMAX,84
1080,Ciało morze.,spanish,3D,84
5169,Ciężki prowincja.,german,2D,84
3810,Co.,polish,3D,84
6813,Czapka.,polish,3D,84
9349,Czasem.,english,2D,84
2658,Czekolada akcja.,spanish,2D,84
832,Czerwony.,german,3D,84
5211,Czoło i.,spanish,IMAX,84
9105,Czyn uznawać.,polish,2D,84
4068,Czynność decyzja.,german,2D,84
973,Daleki.,german,2D,84
1385,Dania.,english,3D,84
7311,Danie.,english,2D,84
1057,Dawno.,german,3D,84
6380,Dlaczego.,spanish,2D,84
2830,Dokładnie między.,german,3D,84
4490,Dokument.,polish,2D,84
2604,Dom.,german,IMAX,84
9632,Doskonały wada.,german,IMAX,84
8377,Drzewo.,spanish,2D,84
1070,Dziać Się.,spanish,2D,84
743,Dziedzina.,spanish,2D,84
4810,Dziesięć wierny.,english,2D,84
1868,Dziki na zewnątrz.,spanish,IMAX,84
4115,Efekt.,spanish,3D,84
4334,Energia dolny.,polish,3D,84
7515,Epoka.,german,3D,84
6755,Fala europejski.,english,3D,84
1962,Gaz.,english,3D,84
8260,Gazeta połączyć.,german,2D,84
7299,Gdy.,german,3D,84
1839,Góra.,spanish,2D,84
2652,Grecja.,spanish,2D,84
7614,Intensywny.,polish,3D,84
4049,Jądro sklep.,spanish,3D,84
8715,Jeszcze.,english,2D,84
6542,Jezioro niemiecki.,spanish,3D,84
2145,Kalendarz koń.,polish,2D,84
7489,Kilka hałas.,polish,3D,84
8302,Klucz działalność.,german,3D,84
2003,Klucz sobie.,german,2D,84
8663,Kolejowy.,english,3D,84
2690,Kolor.,polish,3D,84
8416,Komputerowy.,english,2D,84
5389,Kończyć.,german,2D,84
1136,Kościelny.,german,2D,84
852,Krzesło.,german,IMAX,84
6574,Księga chemiczny.,german,IMAX,84
1805,Księga podatek.,english,3D,84
8901,Ku tajemnica.,german,IMAX,84
6132,Kula.,spanish,IMAX,84
1239,Kura dziać się.,polish,2D,84
8869,Lecieć powolny.,german,3D,84
2263,Litwa element.,english,3D,84
108,Lód.,spanish,2D,84
25,Łatwy.,german,2D,84
78,Łączyć pijany.,polish,2D,84
119,Łyżka dorosły.,spanish,IMAX,84
2654,Miejsce.,spanish,3D,84
1202,Mieszkanie nagły.,german,2D,84
4992,Między wychodzić.,spanish,2D,84
8596,Mięsień ono.,spanish,2D,84
6140,Motyl czyjś.,german,IMAX,84
1170,Mur.,english,2D,84
9073,Muzeum pragnąć.,polish,IMAX,84
5152,Nadmierny dzisiaj.,polish,2D,84
394,Nagle kończyć.,german,IMAX,84
1608,Narząd.,german,IMAX,84
5370,Nasienie teraz.,german,IMAX,84
4203,Nauczycielka zajmować się.,spanish,2D,84
2431,Nawet granica.,polish,3D,84
5375,Nazywać dokonać.,spanish,3D,84
9478,Nic.,german,2D,84
5902,Niebezpieczeństwo.,english,2D,84
2874,Niebo.,spanish,2D,84
1548,Niedziela.,spanish,IMAX,84
185,Nieszczęście.,polish,3D,84
1485,Niezwykły.,polish,3D,84
5961,Nikt.,english,2D,84
9754,Obowiązek kura.,german,2D,84
1249,Obowiązywać śnieg.,german,2D,84
632,Odpowiadać program.,polish,IMAX,84
6185,Odpowiadać urodzić.,german,2D,84
2,Odpowiedź.,german,2D,84
7653,Oglądać.,german,3D,84
3432,Opieka.,spanish,3D,84
1884,Ostry.,english,IMAX,84
505,Padać.,spanish,IMAX,84
4214,Paliwo.,polish,3D,84
968,Pamięć planeta.,spanish,3D,84
407,Pewny.,german,IMAX,84
3101,Pieniądz.,polish,3D,84
130,Pięć.,english,3D,84
8524,Pisarz wpływ.,spanish,IMAX,84
426,Po wygrać.,english,3D,84
6040,Pogląd.,german,2D,84
6951,Policjant oś.,german,3D,84
4273,Polska południe.,polish,3D,84
8580,Połączyć.,spanish,3D,84
9406,Pomóc waga.,german,IMAX,84
9406,Pomóc waga.,spanish,3D,84
4883,Postać.,spanish,2D,84
9777,Powodować.,german,2D,84
3919,Powstanie.,german,IMAX,84
5198,Powstawać imię.,spanish,3D,84
5976,Pozbawić długość.,german,IMAX,84
2020,Pozwalać.,english,IMAX,84
1316,Półwysep.,german,IMAX,84
5878,Późny.,polish,IMAX,84
4616,Prawda Japonia.,spanish,3D,84
3991,Prędkość.,polish,3D,84
7151,Przecież.,english,2D,84
1042,Przyjmować.,polish,3D,84
3615,Przyrząd.,german,3D,84
1218,Publiczny budynek.,polish,IMAX,84
7986,Pytać scena.,spanish,2D,84
3857,Raz.,spanish,IMAX,84
6948,Region.,german,2D,84
6269,Rejon.,german,2D,84
3513,Rodzic.,english,2D,84
335,Rok szkolny.,polish,3D,84
5665,Również skrzydło.,german,3D,84
1759,Rzecz.,polish,IMAX,84
5826,Rzucać.,spanish,2D,84
2483,Siedemdziesiąt.,polish,2D,84
8584,Skończyć zwolennik.,german,IMAX,84
3635,Społeczeństwo składnik.,polish,3D,84
3911,Sto.,spanish,IMAX,84
5714,Stracić urząd.,english,2D,84
7133,Strona.,polish,2D,84
3867,Struktura czwartek.,polish,3D,84
9148,Strumień.,german,2D,84
8659,Suchy ryzyko.,polish,IMAX,84
6967,Szkoda.,spanish,3D,84
7021,Śniadanie biec.,spanish,2D,84
1866,Telewizyjny.,english,2D,84
4339,Tłuszcz powszechny.,german,2D,84
3662,Tłuszcz.,english,IMAX,84
2278,Trwać.,english,2D,84
5269,Trwały.,english,IMAX,84
603,Tu układ.,german,3D,84
5558,Tysiąc.,english,2D,84
4715,Uniwersytet.,spanish,2D,84
7117,Urządzenie podnieść.,german,IMAX,84
554,Usta.,german,3D,84
7755,Użyć.,german,3D,84
1948,Użytkownik wydarzenie.,spanish,3D,84
9061,Używać ciasto.,spanish,3D,84
5572,W Celu.,spanish,3D,84
6648,W Postaci odpowiadać.,english,IMAX,84
5848,W Postaci wykonać.,spanish,3D,84
6947,Walczyć teatr.,spanish,3D,84
7215,Wątpliwość.,polish,3D,84
3420,Wczoraj gdyby.,german,2D,84
5444,We projekt.,english,3D,84
1740,Węgry świadczyć.,english,3D,84
1544,Węgry.,german,IMAX,84
4844,Widoczny.,german,2D,84
4509,Wiek postać.,english,3D,84
5088,Wierny.,german,3D,84
5608,Większy.,spanish,2D,84
931,Wilk.,polish,2D,84
126,Właściwość obwód.,english,3D,84
2449,Wokół uczeń.,english,2D,84
6730,Wrogi ani.,polish,3D,84
9781,Wspomnienie.,polish,IMAX,84
6646,Wszystko dziób.,polish,IMAX,84
2893,Wygrać ryzyko.,english,IMAX,84
2427,Wykonywanie zobaczyć.,spanish,2D,84
3084,Wykorzystywać konflikt.,spanish,IMAX,84
8754,Wyłącznie.,english,3D,84
1978,Wypadek majuskuła.,english,3D,84
2538,Wyrażenie.,german,2D,84
5786,Wzrok postać.,spanish,3D,84
6622,Zaczynać nieszczęście.,polish,3D,84
9519,Zamiast.,spanish,IMAX,84
6025,Zatrzymać powstanie.,english,IMAX,84
2182,Zaufanie.,polish,2D,84
763,Zdrowie.,spanish,3D,84
7180,Zgoda.,english,2D,84
7824,Ziemniak.,english,IMAX,84
2323,Złodziej dziecko.,polish,IMAX,84
2256,Zły mózg.,english,IMAX,84
121,Znaleźć światło.,german,2D,84
9370,Znosić Rosja.,english,3D,84
2676,Zwierzę.,german,3D,84
5898,Żaba.,german,3D,84
8896,Żyć wspólny.,spanish,IMAX,84
295,1000 moralny.,spanish,3D,83
15,30 tajemnica.,english,3D,83
9698,Albo możliwość.,german,2D,83
4651,Alkohol.,spanish,IMAX,83
1205,Angielski młody.,english,IMAX,83
9004,Anioł.,english,2D,83
9866,Archipelag martwy.,polish,IMAX,83
9588,Armia co.,polish,2D,83
3272,Bać Się przeznaczyć.,english,IMAX,83
4828,Barwa słoń.,spanish,IMAX,83
7972,Belgia lotniczy.,polish,3D,83
997,Bilet.,spanish,IMAX,83
359,Bok znaczyć.,english,IMAX,83
1199,Brudny.,spanish,2D,83
5856,Burza lekarz.,german,3D,83
4022,By.,polish,3D,83
885,Cesarz pomidor.,english,2D,83
4447,Charakter pod.,spanish,2D,83
1708,Chłop wzór.,english,IMAX,83
2024,Chociaż srebro.,german,2D,83
9391,Chrześcijaństwo czytać.,polish,3D,83
1901,Cichy.,polish,2D,83
4435,Ciepły.,polish,3D,83
7477,Czynnik.,german,3D,83
9304,Daleki trwać.,spanish,IMAX,83
221,Dany kilka.,polish,3D,83
820,Dokonywać badanie.,polish,3D,83
1213,Dokument dar.,polish,2D,83
4052,Dokument.,spanish,2D,83
5452,Dostać.,english,IMAX,83
2744,Dwanaście.,polish,2D,83
1314,Dziewczyna wolność.,english,2D,83
3173,Dziewczyna.,polish,3D,83
9623,Dziewczynka zeszły.,spanish,3D,83
6464,Dziki drzewo.,spanish,2D,83
7077,Dziki krótki.,polish,IMAX,83
203,Dzisiejszy rynek.,english,3D,83
4695,Dziwny –.,english,IMAX,83
6087,Egzamin.,english,IMAX,83
4968,Filozofia.,english,2D,83
6820,Gardło.,polish,2D,83
2079,Głośny kochać.,english,IMAX,83
3384,Głośny ściana.,spanish,2D,83
9240,Głupiec bank.,german,2D,83
1801,Gołąb szkoda.,polish,IMAX,83
8692,Gospodarczy dziewięć.,polish,2D,83
3157,Górski traktować.,polish,3D,83
9602,Gwiazda 0.,polish,IMAX,83
2892,Handlowy.,spanish,IMAX,83
3311,Historia.,polish,3D,83
6792,Ich.,polish,2D,83
2054,Iść.,english,IMAX,83
5174,Ja.,german,IMAX,83
5044,Jaki woda.,english,3D,83
1610,Jakiś plan.,spanish,3D,83
5926,Jeden wrażenie.,english,2D,83
8685,Jedenaście prostytutka.,polish,2D,83
7017,Jutro.,spanish,2D,83
8309,Kierowca związek.,english,IMAX,83
6482,Kierowca.,polish,3D,83
8814,Klub.,polish,IMAX,83
3871,Kolano.,german,2D,83
53,Kolumna późno.,spanish,3D,83
498,Kontynent.,english,IMAX,83
6157,Koń cierpieć.,polish,3D,83
4039,Koza wcześnie.,german,3D,83
276,Kura ogólny.,spanish,3D,83
5556,Kwiat bezpośrednio.,english,3D,83
9428,Lew.,spanish,3D,83
9870,Leżeć uprawiać.,german,IMAX,83
6870,Liczyć farba.,spanish,3D,83
527,Liczyć majuskuła.,german,3D,83
6390,Los.,spanish,IMAX,83
4652,Lub Bóg.,german,IMAX,83
1761,Ludowy.,german,3D,83
8050,Łódź praktyka.,english,2D,83
8079,Martwy.,spanish,3D,83
1890,Matematyka.,german,2D,83
224,Mądry wrzesień.,spanish,2D,83
3146,Mecz Ukraina.,english,3D,83
8324,Młody.,english,2D,83
160,Morze Ameryka.,spanish,IMAX,83
3779,Morze pierś.,polish,3D,83
5141,Most powiat.,english,3D,83
2981,Mowa.,english,2D,83
8988,Muzyczny szczęście.,polish,2D,83
454,Nad.,spanish,IMAX,83
1630,Nadawać suma.,spanish,3D,83
3347,Nadmierny sądowy.,english,2D,83
4265,Nagle.,spanish,3D,83
7690,Narkotyk kończyć.,german,3D,83
9381,Narkotyk.,english,IMAX,83
2207,Niewielki godzina.,english,IMAX,83
3796,Nigdy ten.,german,IMAX,83
9295,Norma napisać.,polish,IMAX,83
8973,Oczywiście.,spanish,2D,83
2733,Odbywać Się lis.,polish,IMAX,83
7188,Odbywać Się ty.,polish,3D,83
32,Oddech pomidor.,german,3D,83
8855,Ogół pieniądze.,english,2D,83
9640,Oko ocena.,german,2D,83
2294,Oko.,english,IMAX,83
7850,Okrągły.,polish,3D,83
7389,Okres.,spanish,2D,83
2828,On.,german,3D,83
4666,Ona jesień.,spanish,IMAX,83
1446,Ono charakterystyczny.,polish,2D,83
5443,Operacja bezpieczeństwo.,english,2D,83
8314,Opieka zysk.,german,IMAX,83
3104,Ostatni czynić.,german,3D,83
5753,Otrzymywać Bóg.,english,3D,83
8944,Palec.,english,IMAX,83
6434,Pamiętać.,german,3D,83
2408,Pas radio.,english,3D,83
50,Pieniądz niedźwiedź.,german,2D,83
5664,Piętnaście dusza.,german,3D,83
9981,Piwo skala.,german,2D,83
331,Płacić dziewięć.,german,3D,83
4816,Podatek korona.,spanish,2D,83
465,Podnieść zielony.,polish,2D,83
8169,Podstawowy obok.,spanish,3D,83
8498,Podział.,german,IMAX,83
4212,Pojawiać Się.,german,3D,83
7520,Policzek wielki.,english,IMAX,83
6444,Położenie wyrażać.,english,IMAX,83
8627,Położony klasa.,german,3D,83
7929,Pomarańczowy.,spanish,IMAX,83
5575,Ponad.,german,IMAX,83
7742,Powolny.,spanish,3D,83
6300,Powstawać.,german,3D,83
6886,Poza dostęp.,german,2D,83
3605,Pozbawić chiński.,spanish,2D,83
1781,Pozostawać.,spanish,IMAX,83
9907,Pozwalać określony.,german,3D,83
1395,Pozycja sen.,english,2D,83
7037,Praca graniczyć.,spanish,3D,83
4784,Pragnąć.,spanish,IMAX,83
952,Pragnienie Chrystus.,polish,3D,83
3725,Prawy podnieść.,polish,3D,83
8532,Prezent niechęć.,spanish,2D,83
4551,Prędkość.,german,3D,83
7549,Procent USA.,polish,IMAX,83
2655,Program biblioteka.,german,3D,83
462,Projekt.,spanish,3D,83
7332,Prosić zespół.,spanish,IMAX,83
6450,Przeciwko my.,spanish,2D,83
7546,Przedstawiać wykonać.,spanish,2D,83
8880,Przejście mieszkanka.,spanish,3D,83
168,Przestępstwo.,english,IMAX,83
5047,Przez chwila.,spanish,3D,83
9385,Przybyć.,english,IMAX,83
3992,Przyprawa.,spanish,IMAX,83
2691,Przyrząd.,spanish,3D,83
6259,Pusty.,spanish,IMAX,83
3176,Pytać.,spanish,3D,83
8766,Rachunek serce.,polish,2D,83
9520,Radiowy rezultat.,spanish,3D,83
9735,Robota czekolada.,polish,IMAX,83
5476,Robota.,english,IMAX,83
8606,Rodzinny.,english,IMAX,83
8635,Rosja.,english,3D,83
3557,Rozmawiać znowu.,spanish,3D,83
2775,Róża.,spanish,3D,83
3452,Ryzyko.,german,IMAX,83
7156,Rzadki.,spanish,3D,83
2630,Rządzić przyczyna.,spanish,IMAX,83
1530,Rzym Warszawa.,polish,2D,83
8044,Sam koszula.,spanish,IMAX,83
3567,Się.,english,IMAX,83
4418,Silny.,polish,IMAX,83
6387,Skończyć Bóg.,spanish,IMAX,83
4098,Skończyć.,german,IMAX,83
898,Słowacja pisarz.,german,3D,83
2605,Słyszeć sprzęt.,german,3D,83
7987,Sobie.,polish,IMAX,83
8486,Sok Chiny.,polish,IMAX,83
4217,Spaść dobro.,german,IMAX,83
5431,Spodnie środowisko.,english,IMAX,83
3677,Sposób ciemny.,spanish,3D,83
3823,Stany Zjednoczone Szwecja.,english,3D,83
188,Stary.,english,IMAX,83
2248,Staw dobry.,spanish,2D,83
5593,Stopień według.,german,3D,83
9234,Stół.,german,3D,83
4974,Strefa nieszczęście.,spanish,IMAX,83
4379,Sukces Litwa.,english,IMAX,83
9666,Sygnał czarny.,german,2D,83
3409,Sytuacja akcja.,polish,IMAX,83
2956,Szanowny dzielnica.,spanish,2D,83
545,Szary zgodnie.,german,IMAX,83
9346,Szef.,spanish,3D,83
3233,Szereg.,spanish,2D,83
9609,Szkoda.,german,3D,83
1325,Szkodliwy dostać.,german,3D,83
6776,Szkolny wyrażenie.,spanish,2D,83
7459,Szybki zawsze.,polish,3D,83
3164,Środowisko.,polish,2D,83
3990,Święty próbować.,english,IMAX,83
7374,Trochę żeby.,polish,2D,83
4593,Trudno stado.,english,IMAX,83
1729,Trudność.,english,3D,83
7043,Tył energia.,polish,3D,83
1020,Umiejętność.,polish,3D,83
7479,Umożliwiać stawać się.,german,2D,83
9379,Utrzymywać postać.,german,2D,83
9701,Użytkownik malować.,english,2D,83
5744,Użytkownik.,polish,IMAX,83
1918,Wartość.,german,IMAX,83
2127,Wesoły broda.,spanish,3D,83
4014,Wielki otaczać.,german,3D,83
3270,Własność niemiecki.,german,3D,83
855,Wola.,spanish,3D,83
3741,Wrogi lekcja.,english,3D,83
9538,Wrogość drapieżny.,spanish,IMAX,83
8025,Wschód.,spanish,2D,83
1366,Wtedy.,polish,IMAX,83
3682,Wtorek cena.,german,2D,83
6000,Wygrać określać.,polish,3D,83
2793,Wynosić obowiązek.,spanish,2D,83
8351,Wypowiedź wiele.,polish,IMAX,83
8068,Wyraz.,polish,IMAX,83
6178,Wysoki.,spanish,3D,83
8411,Wyspa kosztować.,polish,3D,83
7324,Wystawa artystyczny.,polish,3D,83
9797,Wysyłać.,spanish,2D,83
303,Z Powodu zaufanie.,german,3D,83
2837,Zachodni średni.,german,IMAX,83
9470,Zacząć Chrystus.,english,2D,83
2211,Zajmować.,german,IMAX,83
9558,Zakład.,spanish,2D,83
3364,Zamknąć krowa.,polish,2D,83
793,Zapis handlowy.,german,3D,83
6767,Zaraz.,polish,2D,83
1238,Zboże.,spanish,3D,83
2465,Zdrowie zero.,english,3D,83
7203,Ziemia święty.,english,3D,83
6977,Znaleźć.,english,3D,83
2788,Znowu.,german,3D,83
9848,Źródło list.,polish,IMAX,83
5352,Życie.,polish,IMAX,83
3761,-.,english,IMAX,82
5905,2.,english,2D,82
5204,A częściowo.,polish,3D,82
3250,Ameryka.,spanish,2D,82
7574,Archipelag człowiek.,english,3D,82
6146,Armia zbiór.,english,2D,82
541,Armia.,spanish,3D,82
7347,Austria.,polish,2D,82
5488,Bar trzydziesty.,polish,3D,82
9903,Barwa.,polish,3D,82
9587,Bawić Się bliski.,spanish,2D,82
8730,Bez.,spanish,3D,82
654,Bezpieczeństwo.,spanish,2D,82
3617,Białoruś.,polish,IMAX,82
2347,Biedny.,english,2D,82
5450,Bóg.,polish,3D,82
4382,Budowa pas.,spanish,3D,82
2026,Budzić.,spanish,3D,82
4923,Cesarz.,english,IMAX,82
6642,Chemiczny sztuczny.,polish,2D,82
6367,Chęć.,polish,IMAX,82
1440,Chiński dzięki.,english,IMAX,82
83,Chłopiec piętro.,polish,2D,82
9342,Chłopiec władza.,german,2D,82
6490,Chociaż.,spanish,2D,82
4255,Choć hotel.,german,2D,82
7825,Chronić.,english,3D,82
5825,Ci.,spanish,3D,82
5832,Cienki.,german,IMAX,82
2961,Ciężki.,german,IMAX,82
8780,Co dziewiąty.,german,IMAX,82
4870,Czerwiec alfabet.,spanish,IMAX,82
7428,Czerwiec.,spanish,2D,82
1808,Czerwony finansowy.,german,2D,82
773,Część.,polish,2D,82
7199,Człowiek zostać.,spanish,3D,82
4712,Czuć grecki.,polish,IMAX,82
7629,Czuć szklanka.,polish,2D,82
8911,Czwartek.,german,2D,82
4107,Czyn.,english,2D,82
943,Czynność.,spanish,3D,82
3355,Dane lot.,spanish,3D,82
6543,Danie.,english,IMAX,82
3100,Dawno.,polish,IMAX,82
2930,Decyzja utwór.,english,3D,82
8015,Dlaczego 9.,spanish,2D,82
5591,Długi zaraz.,german,3D,82
7026,Dobro cena.,spanish,IMAX,82
75,Dolina.,english,2D,82
1875,Dopływ północny.,spanish,3D,82
831,Dorosły.,polish,2D,82
4154,Dostęp.,german,2D,82
7914,Drapieżny święty.,polish,3D,82
6602,Drzewo kolor.,german,IMAX,82
4414,Duch.,german,2D,82
6723,Dwa godność.,english,IMAX,82
9256,Dzień zwierzę.,german,3D,82
5952,Dziewięćdziesiąt strefa.,polish,3D,82
9136,Dzięki.,german,IMAX,82
7973,Dziób.,spanish,3D,82
4949,Efekt ręka.,english,3D,82
6046,Fala wewnętrzny.,spanish,IMAX,82
7445,Fala.,english,2D,82
7676,Fałszywy powstanie.,polish,2D,82
2987,Fragment.,english,3D,82
6459,Gardło wychodzić.,spanish,IMAX,82
5067,Gdy.,german,2D,82
4095,Gdzie.,english,2D,82
9549,Głównie.,english,IMAX,82
7872,Gotować cebula.,spanish,2D,82
4927,Gra pokarm.,english,IMAX,82
769,Grecja.,english,IMAX,82
470,Grzech.,polish,IMAX,82
9708,Handel.,english,2D,82
8568,Handlowy.,polish,3D,82
5901,Hotel.,german,2D,82
6857,Instrument powoli.,spanish,2D,82
220,Instytucja.,polish,2D,82
1580,Internetowy zakładać.,german,IMAX,82
3171,Istotny.,polish,3D,82
8426,Istotny.,english,IMAX,82
5070,Jadalny niedziela.,spanish,3D,82
7420,Jakby.,german,IMAX,82
8438,Japonia bitwa.,english,IMAX,82
8843,Jedzenie.,polish,2D,82
5221,Jej częściowo.,english,3D,82
836,Jeść urząd.,spanish,IMAX,82
4819,Jeździć sprawa.,english,2D,82
578,Kapelusz.,english,IMAX,82
4172,Klimat.,german,3D,82
9080,Klub.,spanish,2D,82
7446,Kobieta.,english,2D,82
3107,Kolorowy sos.,english,3D,82
9021,Kolorowy.,spanish,3D,82
5046,Komputer poduszka.,spanish,2D,82
5046,Komputer poduszka.,spanish,IMAX,82
6952,Koń zły.,polish,2D,82
4066,Korzyść policja.,english,3D,82
2709,Kraina matka.,german,IMAX,82
2709,Kraina matka.,spanish,2D,82
2709,Kraina matka.,spanish,IMAX,82
5607,Kraina.,spanish,IMAX,82
8305,Król nie-.,spanish,IMAX,82
8186,Królestwo.,german,3D,82
8052,Który.,english,2D,82
4029,Kula ponownie.,polish,3D,82
7444,Lampa.,polish,IMAX,82
4227,Lata rada.,spanish,2D,82
2132,Lato Niemcy.,english,2D,82
3551,Lecieć.,english,IMAX,82
3516,List instrument.,polish,2D,82
2200,Marka lecz.,english,2D,82
5123,Masa jedzenie.,polish,3D,82
2707,Maszyna.,english,2D,82
8143,Materiał.,german,2D,82
3068,Mądry korona.,polish,2D,82
7082,Mądry.,german,3D,82
4953,Mi.,german,2D,82
1026,Miejsce.,german,2D,82
8443,Minuskuła.,polish,3D,82
9506,Mocny usuwać.,english,IMAX,82
5937,Możliwość.,german,IMAX,82
7749,Mur piłka nożna.,german,2D,82
721,Nad październik.,german,IMAX,82
8499,Nadawać.,spanish,IMAX,82
9390,Nadzieja ciało.,spanish,3D,82
9628,Nagle.,spanish,2D,82
9628,Nagle.,polish,IMAX,82
7560,Naprawdę szkolny.,english,2D,82
1383,Narząd.,english,2D,82
4425,Natychmiast wtorek.,polish,IMAX,82
9185,Naukowy.,polish,3D,82
703,Nawet minerał.,polish,3D,82
6120,Nazwa.,spanish,IMAX,82
1088,Niebezpieczeństwo.,german,IMAX,82
8488,Niech.,polish,IMAX,82
944,Nieść.,spanish,3D,82
9805,Norma.,english,3D,82
9600,Nóż.,polish,2D,82
1950,Obchodzić.,polish,2D,82
6246,Obowiązek wśród.,spanish,2D,82
5689,Obóz pałac.,german,2D,82
2133,Obywatel.,english,3D,82
4492,Odbywać Się.,polish,2D,82
6088,Odnosić Się.,polish,2D,82
781,Odważny.,german,IMAX,82
3656,Oglądać.,english,IMAX,82
3591,Ogon wycieczka.,spanish,2D,82
7802,Ono.,spanish,IMAX,82
3590,Opowiadać rzymski.,spanish,2D,82
3773,Orzeł grzech.,english,IMAX,82
9333,Osiemdziesiąt.,english,IMAX,82
5105,Osiemdziesiąt.,spanish,2D,82
8728,Osobisty.,polish,3D,82
7500,Owad.,polish,IMAX,82
713,Ozdoba ciemność.,german,2D,82
9236,Pacjent.,english,IMAX,82
7030,Palić.,spanish,2D,82
6750,Pan.,english,3D,82
8930,Pełny.,spanish,2D,82
9452,Pewny według.,english,2D,82
2494,Piec łączyć.,german,3D,82
133,Pieśń.,german,IMAX,82
1878,Pięć komórka.,spanish,IMAX,82
7763,Pięćdziesiąt wakacje.,spanish,2D,82
2292,Piękny muzyka.,spanish,3D,82
3091,Piotr godny.,polish,3D,82
4128,Pismo.,english,3D,82
1256,Plac.,spanish,IMAX,82
2907,Plaża.,english,2D,82
854,Po.,polish,2D,82
2756,Pociąg.,english,3D,82
8812,Podnosić moment.,polish,2D,82
3025,Pojawić Się palec.,german,IMAX,82
7195,Pojazd samica.,spanish,2D,82
3737,Pojedynczy.,english,2D,82
2982,Pokryć.,polish,2D,82
1223,Polak.,german,3D,82
9255,Położenie medycyna.,english,2D,82
3050,Pomiędzy ona.,spanish,IMAX,82
2023,Poniedziałek piątek.,german,IMAX,82
7219,Ponownie.,english,IMAX,82
4533,Postępowanie czuć.,polish,IMAX,82
4579,Potem.,english,2D,82
6449,Potrafić spadek.,polish,3D,82
8879,Potrafić.,english,2D,82
3112,Potrawa.,german,2D,82
7380,Półwysep długi.,spanish,2D,82
8557,Półwysep.,german,IMAX,82
2007,Późno także.,polish,IMAX,82
9626,Praca.,spanish,2D,82
7439,Pragnąć przyjęcie.,polish,3D,82
5464,Pragnąć.,english,3D,82
8466,Pragnąć.,spanish,2D,82
2296,Pragnienie.,english,3D,82
4516,Prawny.,polish,2D,82
7084,Prędkość.,spanish,IMAX,82
9570,Prędkość.,polish,3D,82
9655,Produkcja lecz.,english,3D,82
4009,Produkcja.,english,IMAX,82
5566,Produkować obraz.,german,IMAX,82
1108,Program dwudziesty.,spanish,3D,82
8070,Prowadzić.,english,2D,82
1543,Prowincja.,polish,2D,82
8085,Przebywać.,spanish,2D,82
320,Przejaw.,spanish,2D,82
4384,Przemysł.,spanish,IMAX,82
2769,Przeprowadzać.,polish,IMAX,82
3463,Przeprowadzać.,english,2D,82
9783,Przybyć klub.,spanish,3D,82
1128,Przybyć.,polish,3D,82
6575,R. połowa.,polish,3D,82
6575,R. połowa.,english,2D,82
8813,Rak.,spanish,2D,82
59,Ramię.,german,2D,82
4020,Rana.,polish,3D,82
5157,Rano robotnik.,spanish,2D,82
3951,Reguła tajemnica.,polish,3D,82
3777,Reguła z powodu.,english,2D,82
6993,Robić.,german,2D,82
1657,Rosnąć.,polish,IMAX,82
6559,Rozmowa chłop.,spanish,3D,82
2645,Rysunek.,english,2D,82
8295,Rzeczywistość.,spanish,3D,82
8713,Rzucać.,english,IMAX,82
445,Rzucać.,english,3D,82
8713,Rzucać.,polish,IMAX,82
6432,Rzymski.,spanish,IMAX,82
6304,Rzymski.,spanish,IMAX,82
9225,Sala.,spanish,IMAX,82
4741,Sam.,german,2D,82
5223,Seksualny.,german,IMAX,82
3231,Sędzia.,german,2D,82
5645,Sędzia.,spanish,IMAX,82
9360,Siódmy.,polish,2D,82
1115,Skończyć nasiono.,spanish,IMAX,82
8675,Skończyć.,spanish,IMAX,82
2078,Słowacki.,english,3D,82
9224,Słowo.,spanish,2D,82
2390,Sobie może.,spanish,2D,82
731,Sok osoba.,polish,IMAX,82
7608,Spadek.,spanish,3D,82
9653,Spaść średni.,english,3D,82
2328,Specjalista rosyjski.,german,2D,82
4545,Spokój zdobyć.,polish,2D,82
5242,Sportowy.,polish,2D,82
4980,Sposób.,polish,3D,82
145,Sprzedaż.,german,IMAX,82
9117,Starożytny kończyć.,spanish,3D,82
2776,Stawiać.,spanish,IMAX,82
6749,Stopa.,english,3D,82
6222,Stracić próbować.,german,2D,82
8415,Stworzyć tekst.,spanish,IMAX,82
7015,Sukienka.,english,IMAX,82
1397,Suma.,english,IMAX,82
3367,Swój dawno.,polish,2D,82
2446,Szeroki ja.,german,IMAX,82
2120,Sztuczny.,spanish,3D,82
9505,Szybki ziemia.,spanish,2D,82
4348,Śmierć.,english,2D,82
173,Śnieg.,spanish,3D,82
4374,Średni sprzedawać.,spanish,IMAX,82
4374,Średni sprzedawać.,english,IMAX,82
3786,Średni.,spanish,2D,82
6508,Środek jakby.,polish,2D,82
2885,Św. substancja.,english,IMAX,82
9665,Świeży.,english,3D,82
3292,Święto.,english,3D,82
1349,Święty wielkość.,english,3D,82
2848,Tamten rejon.,polish,IMAX,82
2547,Ten płaski.,german,3D,82
8229,Trawa.,german,3D,82
6513,Trwały widoczny.,spanish,2D,82
2988,Trwały.,spanish,IMAX,82
6527,Tysiąc.,polish,IMAX,82
2946,Uczeń płyn.,polish,2D,82
5721,Udać Się próbować.,spanish,2D,82
6131,Udać Się.,english,IMAX,82
4739,Umrzeć.,english,2D,82
6442,Uprawiać funkcja.,german,2D,82
113,W Postaci.,english,2D,82
113,W Postaci.,english,2D,82
5060,W.,spanish,IMAX,82
284,Wada zbiór.,polish,2D,82
2019,Warzywo.,german,3D,82
7403,Wcześnie.,polish,3D,82
8895,We.,german,2D,82
5317,Według.,spanish,IMAX,82
8797,Wejść 20.,spanish,3D,82
1215,Wieczorem oko.,german,2D,82
2286,Wobec.,german,IMAX,82
7830,Wpływ.,polish,3D,82
1241,Wróg gdyby.,polish,2D,82
9496,Wschód budynek.,spanish,IMAX,82
7524,Wspomnienie.,polish,3D,82
1967,Wykonywać list.,english,2D,82
5355,Wyraz wykonać.,spanish,3D,82
1578,Wyraz.,polish,3D,82
6355,Wystawa.,polish,2D,82
315,Wysyłać.,spanish,3D,82
5803,Zawartość.,german,3D,82
5162,Zawodowy gwałtowny.,english,IMAX,82
7840,Zbiór drzwi.,german,3D,82
5484,Zboże godność.,german,3D,82
9913,Zdolność.,polish,3D,82
7049,Zegar bić.,english,IMAX,82
2973,Zero zamiast.,german,IMAX,82
5072,Ziemniak czyli.,german,2D,82
2451,Złożony.,polish,2D,82
473,Zmienić.,english,IMAX,82
1174,Związać.,english,2D,82
7783,Zwierzę świątynia.,german,IMAX,82
7475,Żaba.,polish,3D,82
1027,– wreszcie.,german,2D,81
2339,Aby fałszywy.,spanish,2D,81
7725,Akcja miłość.,english,IMAX,81
8620,Aktor bić.,spanish,IMAX,81
7911,Alfabet.,spanish,IMAX,81
1273,Azja.,english,IMAX,81
7664,Bać Się banknot.,german,IMAX,81
7625,Badanie.,german,3D,81
777,Biblioteka.,german,IMAX,81
282,Bieda długi.,english,2D,81
2377,Brat.,polish,IMAX,81
555,Brzeg.,polish,2D,81
5869,Budowa litera.,polish,2D,81
4071,Butelka system.,english,2D,81
1815,Całość.,spanish,IMAX,81
3527,Cały powinien.,spanish,2D,81
3399,Cecha Australia.,polish,2D,81
630,Centralny letni.,polish,2D,81
6486,Chemiczny.,english,IMAX,81
6794,Chodzić.,english,3D,81
1742,Chrześcijański wybór.,english,IMAX,81
8709,Ciało.,spanish,3D,81
1641,Cień sądzić.,polish,IMAX,81
9683,Ciężki.,polish,2D,81
2310,Córka ciężar.,english,IMAX,81
5884,Czapka.,spanish,2D,81
5519,Czterdzieści tytuł.,english,2D,81
4964,Czynić.,polish,IMAX,81
7000,Dać Się sześćdziesiąt.,polish,IMAX,81
2281,Dać.,polish,2D,81
7255,Dany grunt.,german,2D,81
4854,Dla.,german,3D,81
1888,Dobry cały.,spanish,2D,81
7980,Dodawać.,spanish,2D,81
9194,Dwudziesty.,spanish,2D,81
2076,Działać.,polish,2D,81
6009,Dzielić trzymać.,spanish,3D,81
2937,Dzielnica ser.,polish,2D,81
425,Dzielnica.,german,3D,81
1638,Dzielnica.,polish,2D,81
899,Dziś.,german,2D,81
3066,Egipt.,spanish,2D,81
2309,Egipt.,polish,2D,81
3393,Europejski.,english,IMAX,81
6253,Fabryka niebezpieczny.,spanish,IMAX,81
2851,Farba.,polish,2D,81
2851,Farba.,spanish,IMAX,81
7795,Figura.,spanish,2D,81
8937,Francja szczególny.,polish,3D,81
1722,Francuski.,english,2D,81
6641,Gleba.,spanish,IMAX,81
9116,Głęboki stawiać.,polish,2D,81
3061,Głos prowadzić.,german,2D,81
9079,Głód pogląd.,spanish,IMAX,81
7309,Go zawodowy.,german,IMAX,81
9108,Gołąb.,spanish,2D,81
8871,Gorączka zgoda.,english,3D,81
9575,Górski siła.,polish,2D,81
6980,Grzech wrogość.,spanish,3D,81
1410,Hałas zdolny.,german,2D,81
5039,Hasło.,english,3D,81
2785,I.,german,3D,81
3489,Internetowy sportowy.,spanish,3D,81
3489,Internetowy sportowy.,german,IMAX,81
4583,Jabłko lustro.,polish,2D,81
2725,Jabłko.,polish,3D,81
801,Jajko.,spanish,3D,81
2124,Jajo.,polish,2D,81
8904,Jajo.,spanish,3D,81
4773,Jak.,english,3D,81
7184,Jakiś dolina.,german,2D,81
2858,Jako zarówno.,spanish,3D,81
8629,Jan.,spanish,IMAX,81
9923,Jasny domowy.,spanish,IMAX,81
691,Jechać.,polish,IMAX,81
2762,Jedyny czekać.,german,IMAX,81
8318,Jeździć.,polish,2D,81
845,Karta.,german,IMAX,81
9212,Karta.,english,3D,81
500,Katolicki południowy.,spanish,2D,81
6627,Kawa katastrofa.,polish,IMAX,81
9317,Kiedy.,german,2D,81
639,Kilometr.,spanish,IMAX,81
252,Kolega.,polish,IMAX,81
6251,Kolor.,german,3D,81
3423,Kolumna zachodni.,polish,2D,81
5153,Koło pióro.,german,IMAX,81
8538,Konflikt.,german,IMAX,81
9480,Kosz.,spanish,2D,81
3843,Kość istotny.,english,IMAX,81
4275,Koza wiedzieć.,spanish,3D,81
7022,Król.,polish,2D,81
483,Księga okropny.,english,3D,81
2404,Księga.,spanish,3D,81
7704,Kula grać.,german,IMAX,81
4893,Kultura łatwy.,german,2D,81
495,Kupić pomiędzy.,german,IMAX,81
1406,Kurs Grecja.,polish,3D,81
5707,Kurs strój.,spanish,3D,81
3526,Kwestia tu.,german,2D,81
1471,Lecieć.,spanish,IMAX,81
3313,Lecz wywodzić się.,polish,3D,81
5627,Lek.,english,2D,81
3742,Lipiec.,polish,3D,81
6586,Litera.,german,IMAX,81
6052,Litwa napisać.,german,3D,81
2364,Lot zły.,english,3D,81
7864,Lotniczy.,spanish,2D,81
110,Lotnisko koszt.,english,IMAX,81
5,Lud.,german,IMAX,81
8151,Łatwo prosty.,spanish,3D,81
5494,Łatwy sytuacja.,polish,3D,81
2004,Łyżka.,polish,IMAX,81
1903,Malować zamknąć.,polish,IMAX,81
5000,Mało.,spanish,IMAX,81
2173,Małpa poznać.,polish,IMAX,81
8038,Maszyna.,german,3D,81
890,Mądry.,english,IMAX,81
3727,Mąka pojedynczy.,english,IMAX,81
8343,Męski adres.,polish,2D,81
4438,Męski zdobyć.,german,3D,81
7404,Mi.,spanish,2D,81
1922,Miesiąc.,spanish,IMAX,81
1194,Mieszkać główny.,polish,2D,81
8800,Mieszkać.,polish,3D,81
3037,Mnóstwo w celu.,german,3D,81
2223,Mocno podłoga.,german,3D,81
7258,Mocno.,english,2D,81
6616,Możliwość dokładny.,spanish,2D,81
4440,Móc.,polish,3D,81
3379,Muzyk uznawać.,english,2D,81
1715,Na Przykład produkować.,polish,3D,81
9622,Naczynie.,german,3D,81
4755,Naczynie.,polish,3D,81
6330,Nad łaciński.,english,3D,81
2766,Należy natychmiast.,english,3D,81
5831,Należy styczeń.,spanish,2D,81
7308,Narodowy pełen.,german,2D,81
3994,Naukowiec.,polish,2D,81
9508,Nie- spotkać.,german,3D,81
520,Nie Ma.,german,3D,81
1437,Nie.,german,2D,81
1701,Niebezpieczeństwo grunt.,polish,3D,81
4027,Niedziela tłuszcz.,spanish,3D,81
4027,Niedziela tłuszcz.,polish,IMAX,81
1897,Niedźwiedź.,polish,IMAX,81
6529,Niewielki otoczenie.,german,2D,81
8452,Nigdy.,german,2D,81
12,Np. niechęć.,polish,IMAX,81
7822,Obecny ich.,polish,IMAX,81
7774,Obrona.,spanish,3D,81
9071,Odcień Litwa.,english,2D,81
9314,Odcień.,spanish,2D,81
3263,Odczuwać głupota.,english,IMAX,81
3046,Oddział.,spanish,2D,81
7689,Odpowiedź.,polish,IMAX,81
9891,Odwaga lotnisko.,spanish,3D,81
3844,Ofiara trawa.,german,2D,81
7396,Ojciec.,english,IMAX,81
547,Okres.,english,IMAX,81
7113,Określenie droga.,german,2D,81
9006,Oraz.,german,IMAX,81
8918,Organ.,german,IMAX,81
402,Orzeł Polak.,english,2D,81
8968,Orzeł znosić.,german,3D,81
6714,Osiemdziesiąt.,english,2D,81
5927,Osioł.,english,3D,81
3932,Ozdoba.,german,2D,81
4308,Pan.,english,3D,81
8011,Para.,spanish,2D,81
5906,Pasmo.,polish,3D,81
6581,Piąty policzek.,spanish,IMAX,81
1942,Pisanie ogród.,spanish,IMAX,81
2974,Plama stawać się.,spanish,IMAX,81
3957,Płacić.,english,3D,81
2734,Płyn wzrok.,english,3D,81
9389,Płyta spać.,german,3D,81
2706,Pływać srebrny.,german,3D,81
2162,Podnieść.,spanish,3D,81
8106,Pojemnik.,german,IMAX,81
8599,Pokój.,polish,3D,81
5405,Polska dyrektor.,german,3D,81
7423,Połączyć niszczyć.,polish,2D,81
5144,Południowy szukać.,english,2D,81
2870,Południowy.,spanish,3D,81
1059,Ponieważ główny.,polish,IMAX,81
4224,Posiadać.,spanish,2D,81
883,Postępować słoń.,polish,2D,81
9778,Powiat wola.,polish,IMAX,81
2342,Powiedzieć bo.,english,3D,81
8138,Powszechny.,spanish,3D,81
925,Pożar.,polish,3D,81
3200,Północ.,english,IMAX,81
6935,Późno w ciągu.,polish,3D,81
5837,Praktyka.,german,2D,81
2740,Prasa.,english,3D,81
5097,Problem okres.,german,3D,81
6877,Promień.,german,2D,81
9580,Przebywać rasa.,german,IMAX,81
9154,Przeciwnik.,polish,3D,81
4701,Przeprowadzać służyć.,german,IMAX,81
1566,Przestrzeń.,spanish,IMAX,81
705,Przeznaczyć jednostka.,english,2D,81
6996,Przy sen.,polish,3D,81
3039,Przygotować.,spanish,2D,81
3418,Przyjmować.,spanish,3D,81
4397,Przyrząd miecz.,german,2D,81
8857,Pustynia.,english,2D,81
1688,Pytanie.,english,3D,81
1763,Radiowy.,english,IMAX,81
8725,Radość wrogi.,english,2D,81
1547,Ramię.,polish,IMAX,81
8734,Rejon motyl.,spanish,IMAX,81
5817,Religijny internetowy.,spanish,3D,81
2536,Religijny.,polish,2D,81
2536,Religijny.,english,3D,81
2089,Republika.,polish,IMAX,81
6244,Republika.,spanish,IMAX,81
7823,Rosja uzyskać.,spanish,2D,81
8372,Roślina czterdzieści.,polish,IMAX,81
7091,Rozwój.,english,IMAX,81
2888,Ryż.,spanish,IMAX,81
9456,Samochodowy.,spanish,2D,81
7298,Samochód tydzień.,spanish,2D,81
9747,Samochód.,german,3D,81
4610,Sąd.,spanish,2D,81
9889,Siedziba stawać się.,spanish,3D,81
5571,Sierpień.,spanish,2D,81
8762,Siostra.,english,2D,81
4015,Sklep.,english,2D,81
6595,Skutek.,english,3D,81
3362,Słodki butelka.,spanish,3D,81
4028,Słońce.,english,3D,81
4309,Słownik.,english,3D,81
4882,Słyszeć.,polish,3D,81
4100,Sobą zatoka.,spanish,3D,81
3669,Sobą.,polish,IMAX,81
3863,Sobą.,english,IMAX,81
2253,Sowa ząb.,german,IMAX,81
5851,Spadek.,polish,IMAX,81
8090,Specjalny zacząć.,english,3D,81
9366,Spokój urodziny.,german,2D,81
60,Sposób.,polish,IMAX,81
7172,Stacja obowiązywać.,spanish,2D,81
9788,Stany Zjednoczone przecież.,spanish,2D,81
9733,Stawiać pogoda.,polish,IMAX,81
1061,Strona.,english,2D,81
6656,Styczeń dobry.,polish,3D,81
9169,Sylaba.,german,2D,81
3378,Szereg nie.,spanish,3D,81
2104,Szwecja.,spanish,3D,81
5101,Szyja rada.,german,IMAX,81
9025,Szyja.,german,IMAX,81
2845,Świat.,german,3D,81
2647,Talerz włożyć.,english,2D,81
2216,Teatr.,polish,2D,81
7362,Tłumaczyć technika.,german,3D,81
6652,Tłumaczyć.,english,3D,81
8125,Trochę.,polish,3D,81
9940,Trochę.,polish,3D,81
8125,Trochę.,english,IMAX,81
2698,Tytuł odpowiadać.,english,2D,81
3574,Ucho dom.,polish,3D,81
1592,Uczyć.,german,3D,81
3485,Uderzać kamień.,german,3D,81
2717,Uderzyć.,german,IMAX,81
8619,Ulica miłość.,spanish,2D,81
3254,Umożliwiać 100.,english,3D,81
680,Uniwersytet.,polish,3D,81
4480,Urząd ciało.,german,2D,81
9800,Urząd postawa.,spanish,2D,81
6799,Urządzenie drużyna.,polish,IMAX,81
6674,Usługa Ameryka.,polish,2D,81
8508,Usługa.,german,3D,81
7961,Uwaga.,spanish,IMAX,81
4002,Użyć rozmawiać.,english,IMAX,81
8998,Użytkownik obchodzić.,english,2D,81
1877,W bawić się.,english,2D,81
1214,W Formie.,english,IMAX,81
1369,W gatunek.,polish,2D,81
9719,Wartość.,german,IMAX,81
1253,Wesoły fala.,english,2D,81
6177,Wiedzieć kultura.,german,3D,81
4121,Wiele.,german,2D,81
567,Wierny.,german,IMAX,81
2373,Więcej Włochy.,english,2D,81
3113,Większość dokument.,spanish,IMAX,81
9529,Własny.,german,IMAX,81
9529,Własny.,polish,IMAX,81
5521,Właściwy właśnie.,spanish,IMAX,81
1937,Włochy owoc.,german,2D,81
1012,Włosy telefon.,english,2D,81
1012,Włosy telefon.,english,IMAX,81
6571,Wniosek.,german,2D,81
9799,Woda.,english,2D,81
7425,Wojna jajko.,english,2D,81
7039,Wojna pająk.,german,2D,81
2941,Wokół.,spanish,IMAX,81
9802,Wódka.,german,3D,81
4065,Wpływ.,spanish,IMAX,81
5066,Wrogi.,spanish,3D,81
8810,Wrócić przyjąć.,polish,IMAX,81
122,Wrócić.,polish,2D,81
122,Wrócić.,polish,3D,81
7261,Wróg.,spanish,2D,81
904,Wschód.,german,2D,81
1571,Wszystkie radość.,polish,2D,81
1280,Wybierać.,polish,2D,81
1514,Wycieczka.,polish,2D,81
2284,Wydać.,german,IMAX,81
3699,Wykonywać.,polish,3D,81
4406,Wyrób narodowy.,german,3D,81
4163,Wysoki źródło.,polish,IMAX,81
493,Wysoko bajka.,german,2D,81
493,Wysoko bajka.,spanish,IMAX,81
8170,Wysoko godzina.,english,2D,81
9849,Wyspa.,german,3D,81
7705,Wystawa klasztor.,spanish,2D,81
3660,Z Krwi I Kości wcześnie.,polish,3D,81
7460,Z Krwi I Kości.,polish,3D,81
9563,Zająć godny.,polish,IMAX,81
4417,Zajęcie treść.,spanish,IMAX,81
6821,Zapomnieć kto.,english,IMAX,81
791,Zasada rzecz.,polish,3D,81
6197,Zaufanie.,english,2D,81
4368,Zegar.,spanish,3D,81
1323,Zeszły fragment.,spanish,3D,81
3547,Zeszły.,polish,IMAX,81
7533,Zgromadzenie gdzie.,polish,3D,81
4573,Złapać procent.,spanish,IMAX,81
772,Zmienić.,spanish,3D,81
7386,Znaczenie tamten.,spanish,2D,81
8194,Znany.,english,2D,81
2033,Zobaczyć masło.,german,IMAX,81
7073,Zrobić zwłaszcza.,german,2D,81
9712,Zrozumieć.,english,3D,81
7685,Zwolennik.,polish,2D,81
8736,Zwykle uniwersytet.,english,2D,81
7100,Żyd czapka.,german,IMAX,81
87,Żyd szczególny.,spanish,3D,81
1518,Żydowski.,english,2D,81
6418,Żywy twardy.,german,IMAX,81
2280,Żywy.,english,IMAX,81
3436,(…) działanie.,spanish,2D,80
7543,(…).,german,3D,80
1528,1 tyle.,polish,2D,80
4286,40.,polish,2D,80
9591,50.,polish,2D,80
4221,6.,polish,2D,80
1009,6.,spanish,IMAX,80
3835,7 robotnik.,english,IMAX,80
3646,70 struktura.,spanish,IMAX,80
3646,70 struktura.,german,IMAX,80
5710,Abugida.,german,3D,80
7455,Adres.,german,IMAX,80
2592,Adres.,english,2D,80
2826,Afganistan działanie.,spanish,2D,80
6889,Afganistan.,spanish,3D,80
5011,Amharski koń.,english,IMAX,80
8638,Anioł.,english,3D,80
5079,Azjatycki.,english,2D,80
3219,Aż futro.,polish,IMAX,80
8537,Aż.,english,2D,80
5687,Belgia.,spanish,IMAX,80
5362,Bezpośrednio.,english,3D,80
7343,Biały.,german,IMAX,80
265,Biblioteka gruby.,polish,IMAX,80
8034,Bilet ojciec.,polish,2D,80
8057,Bilet poczta.,polish,2D,80
6706,Bitwa.,german,IMAX,80
5076,Brać.,english,IMAX,80
2387,Broda.,spanish,3D,80
3465,Broń.,german,2D,80
6563,Brzuch.,polish,IMAX,80
2597,Być wiatr.,english,IMAX,80
922,Być.,spanish,2D,80
413,Cel szeroki.,german,IMAX,80
481,Cesarz.,polish,IMAX,80
6503,Chłop.,english,2D,80
3760,Chodzić.,polish,IMAX,80
129,Chory profesor.,english,IMAX,80
9196,Chrześcijański podstawa.,german,3D,80
8485,Chwila.,english,3D,80
4939,Ciągnąć plecy.,english,2D,80
3673,Ciotka przejście.,spanish,IMAX,80
1419,Córka.,german,2D,80
2249,Cukier.,spanish,IMAX,80
2454,Czapka przy.,german,IMAX,80
2809,Czas.,spanish,3D,80
8028,Czasem.,german,2D,80
3341,Czyjś 40.,german,3D,80
6585,Czyli.,english,3D,80
9084,Dach.,spanish,3D,80
670,Daleki czynnik.,english,2D,80
3627,Dar las.,english,IMAX,80
8217,Deszcz kwestia.,english,IMAX,80
3239,Dlaczego zawierać.,german,IMAX,80
3236,Długo.,polish,3D,80
3227,Długo.,spanish,2D,80
6037,Do.,spanish,3D,80
9576,Dobry.,english,2D,80
7336,Dobrze.,polish,2D,80
4585,Dopiero.,spanish,IMAX,80
2868,Doświadczenie.,german,3D,80
7693,Drzwi brudny.,polish,2D,80
8806,Duch prawy.,polish,3D,80
9386,Dwa tytuł.,english,2D,80
1138,Dziecko żelazo.,english,2D,80
2396,Dziesięć funkcja.,english,2D,80
2966,Dziewczyna wyrażać.,german,IMAX,80
8908,Dziewczynka.,polish,IMAX,80
1619,Dziewiąty czas.,german,3D,80
8326,Dziewiąty pochodzić.,polish,IMAX,80
6681,Elektryczny rozumieć.,spanish,IMAX,80
5699,Fizyczny.,english,IMAX,80
6102,Flaga ósmy.,english,2D,80
2164,Forma Azja.,spanish,2D,80
9038,Gdy.,english,3D,80
9842,Głupi.,german,IMAX,80
7495,Głupota.,polish,2D,80
8628,Gniew odległość.,spanish,2D,80
9652,Gorączka.,german,IMAX,80
375,Gospodarczy.,spanish,3D,80
9067,Gospodarka zdarzenie.,spanish,IMAX,80
4443,Góra.,german,3D,80
3580,Grecja produkować.,german,2D,80
8515,Grecki.,english,3D,80
5964,Grunt poznać.,german,IMAX,80
9715,Grzyb.,english,IMAX,80
6910,Gwiazdozbiór lód.,spanish,3D,80
926,Hotel.,polish,2D,80
9704,Hotel.,spanish,2D,80
7813,Impreza okno.,german,3D,80
8091,Impreza.,german,IMAX,80
6319,Inaczej.,german,2D,80
2723,Istnieć.,german,IMAX,80
3115,Jajko.,polish,IMAX,80
4587,Jakby.,spanish,IMAX,80
6335,Japoński.,german,IMAX,80
6570,Jechać.,spanish,2D,80
5203,Jednocześnie.,german,IMAX,80
1284,Jedzenie.,german,IMAX,80
9810,Jej seksualny.,german,IMAX,80
7121,Jutro zawsze.,english,IMAX,80
8836,Już obejmować.,spanish,3D,80
8429,Kaczka.,german,3D,80
8074,Kamień.,spanish,IMAX,80
3701,Katastrofa.,spanish,IMAX,80
5007,Kilka grupa.,german,IMAX,80
9473,Klasa muzyk.,english,3D,80
7196,Klasa.,german,IMAX,80
8394,Kłaść.,english,IMAX,80
8248,Kobiecy.,english,2D,80
6532,Kolejny gospodarczy.,spanish,3D,80
6422,Komórka.,spanish,IMAX,80
3899,Konstrukcja łatwy.,german,3D,80
6254,Korzyść.,english,2D,80
2344,Koszt.,polish,IMAX,80
1046,Koszula dziś.,spanish,2D,80
634,Kraina wypadek.,polish,3D,80
5546,Krew.,german,2D,80
8368,Król.,polish,2D,80
9966,Krótki wysokość.,german,IMAX,80
7493,Kult możliwy.,spanish,2D,80
1441,Kupić.,polish,2D,80
2108,Latać ludzki.,polish,2D,80
4195,Leżeć lina.,spanish,IMAX,80
4195,Leżeć lina.,polish,2D,80
7553,Liczyć Wielka Brytania.,spanish,3D,80
6093,Liść.,english,2D,80
7692,Literatura nocny.,german,2D,80
8718,Litwa piłka.,spanish,IMAX,80
7588,Lotnisko.,polish,IMAX,80
9621,Lód kłaść.,spanish,3D,80
3602,Ładny.,spanish,2D,80
1858,Łagodny.,english,IMAX,80
6002,Łóżko zaufanie.,english,IMAX,80
8227,Maj.,polish,IMAX,80
1527,Mąż podstawowy.,german,3D,80
6206,Mebel.,spanish,3D,80
7726,Mecz polski.,english,3D,80
8808,Metalowy.,polish,3D,80
8757,Metalowy.,english,2D,80
2881,Mi.,polish,2D,80
2883,Mieć.,polish,IMAX,80
610,Miejsce czerwiec.,polish,IMAX,80
640,Mieszkanie wspólny.,english,IMAX,80
9235,Między ciągnąć.,german,IMAX,80
3186,Minuta.,german,2D,80
1501,Mleko chiński.,english,2D,80
6472,Mleko.,english,3D,80
214,Mleko.,spanish,3D,80
1519,Moc pełnić.,polish,2D,80
798,Moc.,english,3D,80
6050,Moneta.,german,2D,80
8270,Mowa Egipt.,spanish,IMAX,80
4952,Mowa państwo.,spanish,3D,80
1891,Muzyka.,spanish,3D,80
6938,Myśl.,english,2D,80
5632,Na Przykład czwartek.,polish,IMAX,80
5850,Nagły.,english,2D,80
1651,Należy japoński.,english,IMAX,80
1546,Narodowość blady.,polish,IMAX,80
1980,Naród.,polish,IMAX,80
9436,Narzędzie.,spanish,IMAX,80
643,Nie Ma pijany.,spanish,2D,80
4752,Nie.,english,3D,80
8420,Niechęć.,german,IMAX,80
5279,Niemcy.,english,3D,80
8703,Nikt.,english,2D,80
2857,No podstawowy.,polish,3D,80
9016,Np..,spanish,IMAX,80
979,Obraz pozwalać.,spanish,2D,80
9380,Ochrona system.,english,3D,80
1973,Odczuwać.,polish,2D,80
2612,Oddać.,polish,IMAX,80
9967,Odkryć miecz.,spanish,3D,80
3736,Odzież.,spanish,IMAX,80
4378,Oficjalny.,polish,IMAX,80
5005,Ogół.,german,3D,80
2327,Okres z powodu.,german,2D,80
2551,Okropny średniowieczny.,german,IMAX,80
3259,Okropny.,spanish,IMAX,80
3256,Olej.,spanish,2D,80
4510,Opowiadać.,spanish,IMAX,80
4306,Osiągnąć.,english,2D,80
8093,Osiemdziesiąt dużo.,english,IMAX,80
1375,Osoba broda.,german,3D,80
986,Ostry szlachetny.,german,IMAX,80
5847,Otrzymywać więcej.,german,3D,80
7936,Owca strój.,polish,IMAX,80
8036,Ósmy zapach.,english,3D,80
1321,Pacjent termin.,spanish,3D,80
339,Paliwo.,german,2D,80
3743,Pałac osiągnąć.,english,2D,80
930,Panna rana.,polish,3D,80
7400,Pewien może.,polish,IMAX,80
3541,Pewny.,polish,3D,80
9442,Piąty.,spanish,2D,80
4210,Pieniądze leczenie.,english,3D,80
8514,Pies.,german,3D,80
4412,Pięć dyrektor.,polish,IMAX,80
4145,Pięć.,german,IMAX,80
3697,Pijany.,spanish,2D,80
3697,Pijany.,german,2D,80
6220,Pisać broda.,english,3D,80
7183,Pismo moralny.,english,2D,80
7885,Płeć struktura.,spanish,3D,80
1931,Podać.,german,2D,80
5503,Podczas.,german,IMAX,80
7871,Pojechać.,english,3D,80
4199,Pole.,spanish,3D,80
1951,Połowa.,polish,3D,80
6689,Położony.,spanish,3D,80
6103,Pomarańcza.,german,3D,80
1182,Ponad w..,german,IMAX,80
5802,Pora siła.,spanish,2D,80
7062,Poruszać.,english,3D,80
8893,Posługiwać Się japoński.,english,IMAX,80
3460,Potrawa postać.,english,IMAX,80
9786,Poważny.,german,2D,80
4097,Powodować.,spanish,3D,80
7204,Powstać dziewięćdziesiąt.,polish,IMAX,80
6943,Powstać.,polish,IMAX,80
5461,Powstawać.,spanish,2D,80
707,Pozbawić reguła.,spanish,3D,80
9319,Poznać interes.,german,2D,80
8259,Pożar metoda.,german,3D,80
4,Późno.,spanish,IMAX,80
9147,Pragnienie.,polish,3D,80
4913,Prawdziwy lekarz.,german,2D,80
9548,Problem.,english,3D,80
2977,Problem.,english,2D,80
1862,Proces.,polish,IMAX,80
1378,Prosić niemiecki.,polish,3D,80
3321,Proszę kanał.,polish,3D,80
7513,Przebywać.,german,2D,80
6511,Przechodzić.,german,2D,80
4963,Przecież.,polish,3D,80
4963,Przecież.,polish,2D,80
213,Przeciwko łódź.,english,2D,80
2002,Przeszkoda.,english,2D,80
892,Przeszłość.,german,IMAX,80
5480,Przy.,spanish,IMAX,80
6553,Przyjaciel.,polish,3D,80
2610,Przyjemność.,polish,2D,80
919,Publiczny do.,german,2D,80
8154,Pytanie samica.,polish,2D,80
5525,Rada.,german,IMAX,80
8489,Radio.,german,2D,80
8086,Radio.,polish,3D,80
9246,Rano.,english,IMAX,80
7427,Robotnik nadzieja.,german,IMAX,80
6675,Robotnik zewnętrzny.,spanish,IMAX,80
5727,Rodowity finansowy.,english,2D,80
3271,Rozpocząć.,german,3D,80
3439,Różowy.,polish,2D,80
9960,Ryba gołąb.,german,3D,80
433,Rynek urodzić się.,german,3D,80
9668,Rzadki królestwo.,spanish,2D,80
7657,Rzeczywistość słowacki.,german,2D,80
7977,Sala płeć.,spanish,2D,80
5915,Sąd.,german,3D,80
4920,Sądzić.,english,2D,80
9400,Siedziba północ.,polish,3D,80
2811,Siedzieć aby.,german,3D,80
9003,Siedzieć.,english,2D,80
1495,Sierpień głęboki.,polish,IMAX,80
8175,Się.,spanish,3D,80
342,Siostra piękny.,german,IMAX,80
5167,Siostra.,english,IMAX,80
7340,Skład.,spanish,2D,80
8307,Słodki chrześcijański.,english,3D,80
1835,Słownik.,polish,IMAX,80
9044,Sobota.,polish,3D,80
7190,Sok Chrystus.,spanish,2D,80
9029,Specjalny.,spanish,3D,80
9029,Specjalny.,english,3D,80
7979,Społeczny.,german,2D,80
1035,Sportowy.,english,3D,80
2208,Spotkanie miejsce.,english,IMAX,80
217,Sprzedawać nastrój.,polish,IMAX,80
2410,Sprzęt.,polish,3D,80
4563,Srebrny jajo.,english,2D,80
2475,Starożytny słodki.,polish,2D,80
2416,Stolica osobisty.,english,3D,80
4237,Strój działanie.,spanish,2D,80
725,Surowy.,polish,3D,80
5904,System na przykład.,spanish,2D,80
5990,Szary kiedyś.,german,IMAX,80
330,Szczególny.,spanish,IMAX,80
2666,Szczęśliwy charakterystyczny.,polish,2D,80
6310,Szef zaufanie.,polish,3D,80
9403,Szkoda przejście.,spanish,2D,80
3126,Szkolny podnosić.,polish,3D,80
9354,Szósty.,polish,2D,80
1497,Sztuczny wschód.,english,3D,80
8433,Szwedzki.,spanish,IMAX,80
8717,Szwedzki.,german,2D,80
4862,Śnieg mądry.,english,3D,80
3546,Środek Afryka.,english,3D,80
512,Świadczyć.,spanish,IMAX,80
7249,Światło znajdować.,spanish,2D,80
7656,Świnia.,english,2D,80
5963,Tablica.,german,2D,80
4077,Taki zdolność.,english,3D,80
1658,Tamten.,spanish,3D,80
5614,Teatr.,polish,IMAX,80
5332,Telewizja.,german,2D,80
6416,Telewizyjny.,german,IMAX,80
7563,Temperatura.,spanish,3D,80
1025,Ten.,german,IMAX,80
7193,Teraz koń.,polish,3D,80
960,To grecki.,english,2D,80
2531,Tradycja 40.,english,3D,80
3539,Trzeci.,spanish,IMAX,80
7246,Trzydziesty powolny.,german,IMAX,80
618,Twardy.,english,3D,80
8223,Tydzień go.,english,IMAX,80
4502,Tylko.,german,2D,80
3849,Uchodzić forma.,english,IMAX,80
9742,Uderzać odpowiedź.,german,2D,80
8900,Układ w postaci.,spanish,IMAX,80
5570,Umiejętność babka.,german,IMAX,80
8404,Umieszczać dziecięcy.,spanish,3D,80
2028,Umieścić lek.,polish,3D,80
2148,Urodzić Się przybyć.,spanish,2D,80
6922,Urządzenie tytoń.,german,3D,80
4500,Urządzenie.,german,IMAX,80
7851,Urządzenie.,polish,2D,80
3214,Urzędnik różny.,spanish,IMAX,80
510,Usta.,polish,3D,80
7118,Utwór.,english,2D,80
5078,Waga młody.,polish,3D,80
6693,Warzywo jakość.,polish,2D,80
9660,Wewnątrz szybki.,german,3D,80
1914,Wewnętrzny.,spanish,2D,80
9604,Wewnętrzny.,german,IMAX,80
4497,Wiadomość nigdy.,german,IMAX,80
112,Wiadomość Ziemia.,polish,IMAX,80
2526,Wiara.,polish,IMAX,80
1107,Wiedza chociaż.,english,2D,80
8104,Wielkość.,polish,2D,80
9922,Wiersz mówić.,english,2D,80
7135,Wieś powód.,spanish,3D,80
2671,Więc.,polish,IMAX,80
2671,Więc.,polish,IMAX,80
1054,Więcej.,english,IMAX,80
4592,Większość.,english,2D,80
6404,Wisieć ocena.,spanish,IMAX,80
2646,Własność forma.,polish,2D,80
6925,Własność.,english,IMAX,80
1398,Właściwy nieszczęście.,spanish,IMAX,80
2414,Włoski błoto.,polish,3D,80
5940,Wodny zmęczony.,polish,3D,80
8983,Wola klasztor.,english,3D,80
5392,Wódka.,spanish,2D,80
4566,Wprowadzać znowu.,english,2D,80
4200,Wspólnota.,english,2D,80
4201,Współczesny sobą.,german,2D,80
5068,Wszystko.,german,3D,80
9237,Wy.,spanish,IMAX,80
8985,Wyglądać.,german,2D,80
7621,Wykonać.,english,IMAX,80
8977,Wymagać znowu.,english,2D,80
7770,Wyrażenie.,polish,IMAX,80
2336,Wysłać.,spanish,IMAX,80
4688,Wysoki.,polish,3D,80
8226,Wysoko obecny.,german,3D,80
2185,Z Powodu.,english,2D,80
3667,Zaburzenie.,polish,IMAX,80
1745,Zachodni figura.,spanish,2D,80
5247,Zachowywać Się kartka.,english,2D,80
5404,Zacząć klasa.,german,2D,80
3499,Zajęcie szacunek.,polish,2D,80
2226,Zanim.,english,3D,80
2864,Zarówno żyć.,spanish,2D,80
3425,Zaś tłum.,german,2D,80
5613,Zaś.,german,3D,80
2222,Zazwyczaj.,spanish,2D,80
3159,Zbiornik tyle.,spanish,IMAX,80
5506,Zdanie burza.,polish,3D,80
1045,Ze więc.,polish,2D,80
1033,Zespół.,polish,IMAX,80
4612,Zgadzać Się dzień.,german,2D,80
4409,Ziemia.,english,IMAX,80
3052,Ziemniak rodzina.,german,3D,80
2228,Zima zawodowy.,polish,3D,80
6983,Zimno.,english,IMAX,80
8662,Złożyć Litwa.,polish,IMAX,80
9404,Zły cierpienie.,english,2D,80
2685,Zmęczony.,german,3D,80
2271,Znajdować kura.,german,IMAX,80
4986,Znaleźć tyle.,spanish,3D,80
8738,Znaleźć.,polish,IMAX,80
1956,Znosić.,polish,2D,80
5977,Znowu.,english,2D,80
2103,Związać.,german,3D,80
9610,Związany osoba.,english,3D,80
1663,Zwierzę dach.,english,2D,80
3403,Zwycięstwo który.,german,2D,80
8845,Źle majuskuła.,german,3D,80
8853,Żaden.,spanish,3D,80
8668,Żona.,spanish,2D,80
6344,Żółty.,spanish,2D,80
4156,Życie.,spanish,IMAX,80
1728,Żyć rodzinny.,english,3D,80
2355,Żyd prawny.,polish,3D,80
323,Żydowski żeński.,german,3D,80
6446,Żywność.,german,3D,80
2491,10 zamieszkiwać.,polish,3D,79
3608,10.,spanish,IMAX,79
57,100 swój.,german,2D,79
6365,1000 strumień.,polish,IMAX,79
9244,2 noc.,english,IMAX,79
2575,70 połączenie.,english,3D,79
5330,80.,english,2D,79
779,Akt.,spanish,2D,79
1750,Albo podnosić.,polish,2D,79
395,Alkoholowy północny.,spanish,IMAX,79
2729,Anglia firma.,german,3D,79
7065,Artystyczny sprzęt.,german,2D,79
62,Autobus zwykle.,english,2D,79
7985,Autor.,polish,3D,79
1113,Azja.,polish,3D,79
3722,Badanie.,german,2D,79
4133,Barwa jakość.,spanish,3D,79
8921,Barwa.,german,IMAX,79
7325,Bliski centralny.,spanish,IMAX,79
5716,Bo chrześcijaństwo.,english,IMAX,79
1511,Bo pracownik.,german,IMAX,79
4317,Bóg padać.,english,IMAX,79
2353,Bułgarski środek.,english,3D,79
7607,Bułgarski.,german,3D,79
6707,Bydło.,german,3D,79
2156,Centralny.,polish,3D,79
2053,Cesarz katastrofa.,english,2D,79
9675,Chiński.,english,2D,79
7056,Chłop nie.,german,IMAX,79
1282,Chociaż czerwiec.,polish,3D,79
7993,Chociaż drzwi.,spanish,IMAX,79
3780,Choroba kieszeń.,german,IMAX,79
9671,Chory.,german,3D,79
3528,Chrześcijański bogactwo.,english,2D,79
4842,Chwila.,polish,IMAX,79
3195,Cienki pochodzić.,english,IMAX,79
8929,Ciężar głupiec.,english,3D,79
1389,Ciotka.,polish,IMAX,79
4898,Czekać też.,polish,3D,79
3648,Czerwony.,polish,3D,79
8943,Część.,german,IMAX,79
3055,Czterdzieści 900.,spanish,3D,79
4120,Czyn siedem.,spanish,3D,79
6804,Ćwiczenie gospodarczy.,english,3D,79
4226,Dać.,spanish,3D,79
7883,Dalej.,english,3D,79
1164,Dar.,polish,3D,79
3770,Dawno bajka.,polish,IMAX,79
5160,Dialekt sobota.,english,3D,79
4526,Dlatego.,polish,IMAX,79
4645,Dłoń zainteresowanie.,english,IMAX,79
441,Długość.,german,IMAX,79
2595,Dno biec.,english,2D,79
666,Dodać u.,polish,IMAX,79
3650,Dodać wczesny.,polish,IMAX,79
8111,Dolny narzędzie.,polish,IMAX,79
4767,Domowy.,polish,2D,79
9107,Dopiero który.,german,IMAX,79
4302,Drobny.,spanish,2D,79
5214,Droga abugida.,spanish,2D,79
2087,Drogi sportowy.,english,IMAX,79
7626,Drzwi.,polish,2D,79
9059,Duży.,spanish,2D,79
4680,Dwadzieścia łuk.,german,3D,79
8660,Dwanaście jednak.,spanish,3D,79
4794,Dziecięcy.,english,2D,79
2704,Dzieło.,spanish,3D,79
7281,Dziewiąty szeroki.,english,3D,79
5423,Dziewiąty.,german,IMAX,79
3060,Dziewięćdziesiąt.,english,2D,79
3060,Dziewięćdziesiąt.,german,2D,79
9320,Dzisiejszy klucz.,english,2D,79
8203,Dzisiejszy państwowy.,english,2D,79
2027,Dziś.,german,3D,79
750,Dźwięk.,german,2D,79
9897,Fałszywy gdy.,german,3D,79
1623,Fałszywy.,spanish,3D,79
8520,Futro bogactwo.,german,3D,79
1859,Gaz widok.,spanish,2D,79
8870,Gaz.,polish,3D,79
7303,Gdzieś dokonywać.,german,3D,79
63,Gęsty gotować.,spanish,2D,79
1260,Gęś.,polish,3D,79
6357,Głos.,german,2D,79
2584,Głód.,german,3D,79
4664,Godny.,english,2D,79
5874,Gorący.,polish,3D,79
1002,Gospodarka.,spanish,IMAX,79
2289,Gotowy brązowy.,polish,3D,79
4331,Górny szanowny.,polish,2D,79
562,Grecki.,english,IMAX,79
300,Gwałtowny.,english,IMAX,79
4812,Gwałtowny.,spanish,2D,79
7182,Hałas.,english,IMAX,79
8098,Ich.,german,3D,79
3226,Igła dziewiąty.,english,3D,79
3226,Igła dziewiąty.,german,IMAX,79
4766,Igła mebel.,polish,3D,79
3140,Inny.,spanish,IMAX,79
8180,Internetowy niebieski.,polish,2D,79
3824,Istnienie.,polish,3D,79
5118,Itp. mąka.,english,IMAX,79
3119,Jadalny szyja.,polish,IMAX,79
2522,Jak.,german,3D,79
8815,Jakiś średniowieczny.,english,2D,79
8216,Jednocześnie aktywny.,spanish,2D,79
9869,Jedynie.,spanish,2D,79
5777,Jedynie.,german,IMAX,79
3586,Jej.,spanish,2D,79
9015,Jeszcze.,german,IMAX,79
9015,Jeszcze.,polish,IMAX,79
360,Jeśli niedziela.,spanish,2D,79
6814,Jutro tani.,spanish,IMAX,79
3230,Jutro znaczenie.,german,IMAX,79
3338,Kalendarz obrona.,german,IMAX,79
9459,Kalendarz.,polish,IMAX,79
2235,Kamień.,english,IMAX,79
4023,Kara lewy.,spanish,IMAX,79
4554,Każdy zupa.,spanish,2D,79
9429,Kiedyś gaz.,polish,2D,79
7828,Kierować.,german,2D,79
7681,Klient.,german,IMAX,79
4186,Klimat.,german,IMAX,79
8480,Klimat.,spanish,3D,79
6848,Klub.,polish,IMAX,79
5675,Klucz.,english,IMAX,79
5106,Kochać archipelag.,spanish,IMAX,79
4641,Kochać leczenie.,spanish,3D,79
2496,Kolano europejski.,german,IMAX,79
6461,Kolega korzyść.,polish,IMAX,79
7438,Kolejny.,spanish,3D,79
4818,Kolejowy problem.,spanish,IMAX,79
9052,Koło obrona.,polish,3D,79
4213,Konflikt przyjąć.,english,2D,79
3315,Kontakt.,polish,2D,79
5623,Kontynent orzeł.,spanish,IMAX,79
4053,Kot teoria.,spanish,IMAX,79
9958,Kraków.,spanish,3D,79
3812,Krowa.,german,2D,79
6526,Królestwo.,polish,IMAX,79
1487,Krótki.,polish,2D,79
231,Księżyc.,english,2D,79
8225,Kształt pamięć.,spanish,IMAX,79
9140,Kula łóżko.,spanish,3D,79
5013,Kupić średniowieczny.,polish,3D,79
6883,Lęk szósty.,polish,2D,79
5564,Lista.,polish,3D,79
9556,Lista.,german,3D,79
4835,Litwa.,spanish,IMAX,79
8721,Los jednostka.,german,IMAX,79
7552,Lot odczuwać.,german,IMAX,79
7175,Ludowy żeński.,polish,2D,79
8192,Ludzki nauczycielka.,polish,IMAX,79
7989,Łatwo nowy.,polish,IMAX,79
2912,Łatwo zajęcie.,spanish,2D,79
1534,Łatwy.,spanish,2D,79
7200,Łódź oznaczać.,polish,IMAX,79
8783,Maj chmura.,polish,2D,79
3790,Małżeństwo.,spanish,3D,79
5408,Masło czyli.,polish,IMAX,79
476,Masło.,english,2D,79
5037,Matematyka.,spanish,3D,79
9855,Mebel ramię.,spanish,IMAX,79
6678,Metr właśnie.,spanish,2D,79
2406,Męski.,german,IMAX,79
7613,Mi wycieczka.,polish,IMAX,79
3210,Miara.,polish,2D,79
760,Mleko światło.,spanish,IMAX,79
8957,Moc.,german,IMAX,79
384,Moralny połączyć.,english,2D,79
4934,Moralny.,spanish,2D,79
2283,Motyl.,spanish,2D,79
916,Motyl.,polish,2D,79
6363,Mowa.,german,3D,79
3495,Można.,english,IMAX,79
7925,Mózg.,german,3D,79
374,Mysz.,polish,2D,79
7884,Na chęć.,polish,IMAX,79
7898,Na Przykład 10.,polish,IMAX,79
5594,Na rząd.,spanish,3D,79
1507,Na suchy.,spanish,3D,79
5361,Nad przeszkoda.,english,2D,79
5539,Nagle moment.,polish,2D,79
3647,Naprawdę państwo.,spanish,3D,79
3647,Naprawdę państwo.,polish,IMAX,79
7092,Naprawdę słaby.,english,2D,79
8782,Narzędzie podobny.,german,3D,79
8809,Niechęć Rosja.,german,3D,79
4693,Niektóry sprawiać.,german,3D,79
1348,Niski.,spanish,IMAX,79
1861,Niszczyć.,german,IMAX,79
8735,Noc.,polish,2D,79
6695,Nocny część.,english,3D,79
6805,Noga.,english,IMAX,79
7213,Np. palić.,english,3D,79
2635,Obejmować.,german,IMAX,79
842,Obiekt.,german,IMAX,79
1768,Obok.,polish,IMAX,79
8942,Obóz szef.,english,2D,79
3167,Obrona podstawowy.,spanish,IMAX,79
9085,Obrona.,spanish,IMAX,79
1343,Obywatel.,spanish,IMAX,79
991,Oczekiwać.,polish,3D,79
4727,Odcinek.,english,IMAX,79
6620,Odcinek.,german,IMAX,79
1646,Odważny urządzenie.,polish,3D,79
7812,Odzież szlachetny.,german,IMAX,79
489,Ogon zainteresowanie.,german,2D,79
3917,Ogólny obszar.,english,2D,79
2085,Ogród niski.,english,2D,79
151,Ojciec.,german,IMAX,79
8818,Ojczyzna.,german,IMAX,79
9192,Okazja.,spanish,IMAX,79
3939,Okres.,german,IMAX,79
1988,Określony Kościół.,spanish,IMAX,79
9330,Operacja.,spanish,3D,79
6599,Opowiadać ciężki.,german,3D,79
4548,Opuścić rodzaj.,spanish,3D,79
7963,Opuścić.,polish,IMAX,79
1829,Organizacja.,english,2D,79
312,Orzeł.,english,3D,79
312,Orzeł.,polish,3D,79
364,Osoba utwór.,german,IMAX,79
2351,Osoba.,german,IMAX,79
6684,Ośrodek rozpocząć.,spanish,2D,79
9218,Otaczać.,spanish,3D,79
2367,Otrzymać fragment.,spanish,3D,79
684,Palić analiza.,english,3D,79
8177,Pałac promień.,spanish,2D,79
4922,Panować.,polish,2D,79
9678,Papieros pojęcie.,german,IMAX,79
6770,Parlament.,spanish,2D,79
102,Październik papieros.,german,2D,79
3940,Pewny korona.,polish,3D,79
2126,Pierwszy malować.,polish,IMAX,79
5819,Pięć statek.,polish,3D,79
4424,Pióro.,polish,3D,79
9837,Pismo.,spanish,IMAX,79
3369,Plan kult.,spanish,2D,79
7534,Płynąć możliwość.,german,2D,79
7402,Płyta jechać.,english,IMAX,79
3437,Pływać.,polish,2D,79
827,Po Prostu sobota.,german,3D,79
2097,Początek dolina.,english,2D,79
9020,Początek.,german,3D,79
3235,Podawać pożar.,spanish,3D,79
6173,Pogoda.,polish,3D,79
2650,Pojawić Się karta.,english,IMAX,79
4561,Pojechać rachunek.,spanish,2D,79
6906,Pojechać.,german,IMAX,79
7421,Polityk.,german,IMAX,79
4905,Polski.,polish,IMAX,79
902,Połowa.,english,2D,79
1460,Położony rzeka.,polish,IMAX,79
1791,Położyć.,german,3D,79
3845,Pomarańczowy nikt.,english,IMAX,79
5948,Pomieszczenie.,english,3D,79
532,Ponieważ.,english,IMAX,79
1614,Poprzez styl.,english,3D,79
6427,Posiadać Dania.,spanish,3D,79
9133,Postępować dłoń.,english,IMAX,79
7908,Potrafić.,english,3D,79
2202,Potrawa.,spanish,3D,79
881,Powoli.,spanish,3D,79
7405,Pozbawić gorący.,german,3D,79
8188,Poziom założyć.,polish,2D,79
4301,Pozwalać prawy.,polish,2D,79
1963,Półwysep żołądek.,english,2D,79
3461,Późny.,polish,3D,79
9562,Pragnąć Szwecja.,english,3D,79
7069,Pragnienie jednak.,german,2D,79
7890,Prawie po.,german,2D,79
1407,Procent.,english,2D,79
6775,Procent.,polish,2D,79
3081,Prosić intensywny.,english,IMAX,79
2346,Próbować.,german,2D,79
6956,Przeciwko.,spanish,3D,79
2827,Przed pierwiastek.,spanish,2D,79
1489,Przestępstwo.,german,3D,79
8791,Przeszkoda zysk.,polish,3D,79
2873,Przybyć scena.,polish,3D,79
9787,Przypadek proszę.,polish,2D,79
6697,Przyszły.,german,IMAX,79
9310,Pszczoła.,english,3D,79
8298,Punkt.,english,IMAX,79
7123,Pustynia dokonać.,polish,IMAX,79
7147,Pytać.,english,3D,79
2040,Radiowy naj-.,english,2D,79
5224,Rano kolejowy.,german,3D,79
538,Raz ogród.,polish,IMAX,79
538,Raz ogród.,english,IMAX,79
9749,Region.,polish,2D,79
2705,Religia.,polish,2D,79
3406,Ręka trzydziesty.,polish,IMAX,79
7128,Rodzaj radio.,english,3D,79
8793,Rodzic.,spanish,2D,79
9367,Rodzic.,polish,2D,79
7003,Rosyjski zakład.,english,3D,79
1350,Różny biuro.,polish,IMAX,79
9974,Różowy gotowy.,english,2D,79
2803,Ryba opuścić.,german,2D,79
7521,Rzadki prowadzić.,english,3D,79
7521,Rzadki prowadzić.,spanish,IMAX,79
4252,Rządzić.,spanish,2D,79
2400,Rzecz.,german,2D,79
1390,Rzucać że.,english,IMAX,79
9125,Sądzić powierzchnia.,polish,IMAX,79
5728,Sąsiad spokojny.,german,3D,79
5981,Seksualny.,polish,2D,79
2994,Się ćwiczenie.,polish,IMAX,79
5774,Siostra traktować.,spanish,2D,79
7453,Słońce biedny.,english,3D,79
2492,Słońce żydowski.,spanish,IMAX,79
4815,Słowacja.,polish,IMAX,79
6062,Słuchać.,german,IMAX,79
2044,Słuchać.,english,2D,79
3047,Słyszeć.,spanish,IMAX,79
2260,Smutek naukowy.,polish,IMAX,79
1470,Smutek.,german,IMAX,79
7276,Smutny głupi.,polish,3D,79
6806,Smutny.,polish,IMAX,79
2239,Spadek jajo.,polish,3D,79
6496,Spokojny zacząć.,english,2D,79
1337,Sportowy.,english,IMAX,79
2279,Sportowy.,spanish,3D,79
7818,Spotkanie.,german,IMAX,79
4114,Stan.,german,3D,79
983,Starać Się ryż.,polish,3D,79
7960,Stopa.,english,IMAX,79
2350,Stosować towar.,german,2D,79
7927,Straszny.,polish,3D,79
1692,Strój.,english,IMAX,79
8595,Studia.,english,2D,79
3438,Sukces.,german,3D,79
1535,Sukces.,spanish,3D,79
5894,System jądro.,polish,IMAX,79
341,Szczęśliwy odbywać się.,german,IMAX,79
4607,Szczęśliwy.,spanish,3D,79
6661,Szczyt ludowy.,german,2D,79
8732,Szczyt spór.,german,2D,79
4633,Szef że.,spanish,3D,79
8257,Szkolny.,english,IMAX,79
8559,Środa.,spanish,2D,79
6226,Teren tłuszcz.,english,3D,79
7554,Teren.,spanish,2D,79
6588,Towar doprowadzić.,polish,3D,79
1308,Traktować.,english,IMAX,79
487,Trudno wypadek.,polish,3D,79
665,Trudność mój.,english,2D,79
1354,Trudność ogon.,polish,IMAX,79
3850,Twój.,spanish,3D,79
3096,Tyle.,polish,2D,79
3161,Typowy.,spanish,3D,79
8883,Tytuł list.,german,2D,79
565,Uchodzić.,german,3D,79
1952,Uczeń.,polish,IMAX,79
6567,Uderzenie.,english,2D,79
1079,Układ przedstawienie.,spanish,2D,79
463,Ulica wygrać.,spanish,3D,79
5493,Umowa który.,german,IMAX,79
6579,Uprawiać lipiec.,english,2D,79
8761,Urodzić Się.,german,IMAX,79
2473,Usa uchodzić.,german,3D,79
724,Utwór stawać się.,spanish,3D,79
7555,W Końcu.,german,3D,79
1899,Walka.,german,2D,79
5701,Warszawa chronić.,spanish,3D,79
8457,Wczesny nic.,spanish,3D,79
6489,Wczesny.,spanish,2D,79
5241,Wejść.,spanish,IMAX,79
7424,Wejść.,polish,3D,79
6754,Wesoły.,spanish,IMAX,79
4512,Wiadomość miasto.,polish,2D,79
1413,Widok palec.,german,2D,79
9920,Wieczorem.,polish,3D,79
7735,Wiedza zajmować.,german,3D,79
4181,Wiedzieć drugi.,spanish,3D,79
1659,Wiedzieć.,polish,3D,79
9873,Wiek.,english,2D,79
3253,Wiele.,english,3D,79
6872,Więc karta.,spanish,IMAX,79
2466,Wino gospodarka.,english,2D,79
4483,Wisieć arabski.,spanish,3D,79
5470,Wizyta oddział.,german,2D,79
1665,Właściciel.,polish,3D,79
687,Właściwy przedsiębiorstwo.,spanish,2D,79
6293,Właściwy.,german,2D,79
6293,Właściwy.,polish,IMAX,79
1423,Wojna zakończyć.,polish,IMAX,79
1423,Wojna zakończyć.,polish,IMAX,79
3454,Wojsko.,english,IMAX,79
9475,Wokół prosty.,english,2D,79
7678,Wokół.,english,2D,79
6815,Wstyd.,polish,2D,79
613,Wszelki przyprawa.,polish,3D,79
3228,Wśród.,spanish,2D,79
7591,Wybitny całkowity.,spanish,2D,79
2144,Wydarzenie.,german,2D,79
7285,Wydawać Się.,german,2D,79
1559,Wyłącznie.,german,IMAX,79
9844,Wyrażenie przyjechać.,polish,3D,79
477,Wyrażenie.,spanish,3D,79
742,Wysokość.,polish,2D,79
9323,Wzrost.,spanish,2D,79
4335,Z Powodu wzrost.,polish,2D,79
2265,Z Powodu.,english,3D,79
2609,Zachodni.,german,2D,79
3926,Zaczynać fotografia.,german,3D,79
1624,Zaczynać.,spanish,2D,79
9599,Zając.,english,2D,79
6540,Zająć.,english,IMAX,79
8190,Zakład wybuch.,english,3D,79
1526,Założyć nauka.,german,2D,79
1526,Założyć nauka.,spanish,2D,79
8846,Zamiar odpowiedni.,polish,IMAX,79
1555,Zapalenie litera.,german,IMAX,79
2314,Zapalenie wieża.,spanish,2D,79
8618,Zapomnieć.,polish,IMAX,79
6691,Zaś.,english,2D,79
6209,Zawodnik.,german,3D,79
4161,Zawsze.,german,IMAX,79
2561,Zbyt.,german,IMAX,79
9382,Zdrowy wschodni.,german,IMAX,79
1847,Zdrowy.,english,IMAX,79
7341,Zegar ale.,polish,2D,79
7341,Zegar ale.,spanish,IMAX,79
9482,Zespół.,english,IMAX,79
1178,Zeszły.,spanish,IMAX,79
8008,Zgoda brak.,german,IMAX,79
9752,Zielony mieć na imię.,spanish,IMAX,79
6773,Ziemia.,polish,3D,79
5610,Zimny Austria.,spanish,2D,79
3740,Zjawisko tłuszcz.,spanish,IMAX,79
8445,Zjeść 6.,german,IMAX,79
9659,Złoto.,polish,3D,79
9722,Złożyć.,polish,IMAX,79
2996,Zmarły walczyć.,spanish,2D,79
3594,Znajdować.,spanish,2D,79
64,Znak król.,english,2D,79
9703,Znowu –.,spanish,2D,79
6268,Znów.,polish,IMAX,79
8456,Zrobić układ okresowy.,polish,3D,79
9170,Zupa.,english,IMAX,79
8760,Związany jakiś.,spanish,2D,79
6618,Związek.,german,IMAX,79
8304,Zwrot czytać.,english,3D,79
3041,Zwykły jakby.,german,2D,79
9527,Że słońce.,spanish,3D,79
4369,Że.,english,3D,79
7354,Żywność.,english,3D,79
1494,Żywy.,german,3D,79
9208,— kolejny.,english,2D,78
7950,!.,english,3D,78
868,?.,polish,IMAX,78
3062,0.,english,3D,78
7988,1.,polish,IMAX,78
1964,20 wejść.,spanish,3D,78
6994,30 instytucja.,spanish,3D,78
6611,50 umowa.,english,2D,78
9143,900.,polish,3D,78
8543,A.,english,2D,78
6364,Aktywny.,english,3D,78
1424,Alfabet uchodzić.,english,IMAX,78
235,Analiza pisanie.,spanish,3D,78
9056,Arabski lód.,english,IMAX,78
8002,Artystyczny.,polish,3D,78
362,Artystyczny.,german,IMAX,78
1015,Australia telewizyjny.,german,3D,78
6160,Badanie przyjemny.,german,IMAX,78
8578,Banknot wiatr.,english,2D,78
6844,Bardzo.,polish,3D,78
1184,Bić.,german,3D,78
5367,Biec siedemdziesiąt.,german,2D,78
5367,Biec siedemdziesiąt.,german,IMAX,78
5113,Biedny krzesło.,spanish,IMAX,78
4804,Biskup rzeczywistość.,polish,IMAX,78
468,Bliski zainteresowanie.,polish,3D,78
5438,Bo.,polish,IMAX,78
9222,Bohater.,english,2D,78
4961,Bok.,spanish,3D,78
9516,Brać.,spanish,2D,78
2588,Broda.,german,IMAX,78
6728,Brzuch.,german,3D,78
2581,Budowa.,spanish,3D,78
9991,Burza zabawka.,polish,IMAX,78
267,But.,polish,2D,78
267,But.,german,3D,78
1327,Bydło.,german,2D,78
4846,Byk.,polish,3D,78
7263,Cały dziecko.,spanish,2D,78
3199,Cebula.,english,2D,78
9151,Cebula.,polish,3D,78
2184,Centrum lata.,english,2D,78
4990,Chemiczny.,spanish,2D,78
4315,Chleb.,german,IMAX,78
3286,Choroba.,english,2D,78
1515,Chronić funkcja.,polish,IMAX,78
7217,Chwila temat.,polish,3D,78
8976,Chwila zero.,polish,2D,78
6609,Ciało jechać.,polish,IMAX,78
8992,Ciecz zajmować się.,german,IMAX,78
4912,Ciekawy pozostać.,german,3D,78
5498,Ciemność dzisiaj.,polish,3D,78
9542,Cień medycyna.,polish,2D,78
830,Ciotka włosy.,english,2D,78
6578,Czasownik tłumaczyć.,polish,IMAX,78
3713,Czechy.,polish,3D,78
1585,Czeski.,english,IMAX,78
9654,Cześć.,polish,IMAX,78
1189,Czoło rzymski.,spanish,2D,78
249,Czoło.,german,3D,78
4157,Czterdzieści.,english,2D,78
9007,Czuć wysoki.,spanish,IMAX,78
4118,Czwartek.,polish,2D,78
361,Czwarty budzić.,english,3D,78
8664,Czynić patrzeć.,spanish,IMAX,78
5205,Czynność.,english,IMAX,78
6156,Czysty armia.,polish,2D,78
3120,Daleko jak.,english,3D,78
3166,Dania.,polish,IMAX,78
478,Dany powinien.,polish,2D,78
104,Dawać dno.,polish,3D,78
4389,Dawać.,spanish,3D,78
8311,Deszcz z krwi i kości.,english,IMAX,78
5548,Dla prawie.,english,3D,78
4257,Dłoń matematyka.,polish,2D,78
2102,Długo.,german,IMAX,78
2600,Do.,german,IMAX,78
4750,Dobro wierzyć.,spanish,3D,78
3705,Dokonać instrument.,spanish,2D,78
3630,Dokonać sierpień.,english,IMAX,78
3681,Dopływ.,german,3D,78
135,Dość.,english,IMAX,78
7994,Dotyczyć po.,spanish,IMAX,78
8898,Duży.,english,IMAX,78
3510,Dwa bar.,german,2D,78
7644,Działalność panować.,polish,2D,78
3521,Dziecko przypominać.,polish,IMAX,78
3216,Dziedzina ponad.,german,IMAX,78
2497,Dzielić.,german,2D,78
8072,Dziewięć minuta.,english,3D,78
2299,Dzisiejszy piątek.,english,2D,78
5120,Dziś forma.,spanish,IMAX,78
5120,Dziś forma.,english,IMAX,78
7436,Epoka.,german,2D,78
5469,Filmowy.,spanish,3D,78
768,Firma łaciński.,german,IMAX,78
390,Forma.,german,3D,78
8956,Francuski chiński.,spanish,2D,78
422,Francuski odnosić się.,polish,2D,78
7902,Gardło.,spanish,IMAX,78
3995,Gatunek kartka.,polish,2D,78
4582,Gdzie.,polish,3D,78
8417,Gdzie.,german,IMAX,78
6615,Głos.,polish,3D,78
7060,Główny ksiądz.,german,2D,78
3245,Godzina.,german,3D,78
6940,Gospodarka.,english,IMAX,78
1251,Gospodarka.,english,IMAX,78
8199,Gość jednostka.,spanish,2D,78
4603,Gotowy pokazywać.,english,2D,78
4208,Gwałtowny urządzenie.,spanish,2D,78
522,Hałas wierzyć.,spanish,2D,78
8938,Herb.,german,3D,78
6020,Hiszpański.,german,3D,78
5978,Hodować ono.,english,2D,78
2379,Hotel.,english,3D,78
170,Ile.,english,IMAX,78
5895,Inny.,polish,IMAX,78
7207,Instrument ciepło.,spanish,3D,78
4733,Instrument.,english,3D,78
2579,Instytucja temu.,polish,3D,78
1938,Interes.,polish,3D,78
8737,Istota.,spanish,IMAX,78
1818,Jabłko.,spanish,IMAX,78
9782,Jajko.,german,2D,78
9865,Jakość jej.,polish,IMAX,78
4895,Jazda wisieć.,spanish,2D,78
9868,Jądro.,spanish,3D,78
7561,Jednostka.,german,2D,78
3859,Jeździć.,spanish,3D,78
6895,Jeżeli bezpośrednio.,spanish,IMAX,78
6541,Kaczka pełny.,english,3D,78
3274,Kamień.,english,2D,78
2640,Kawałek.,german,3D,78
857,Kawałek.,polish,3D,78
9091,Kiedyś gatunek.,spanish,3D,78
3838,Kierowca.,polish,IMAX,78
8045,Kieszeń umieszczać.,english,2D,78
7370,Klasztor konflikt.,german,IMAX,78
8342,Klucz.,spanish,3D,78
5259,Kłaść wszyscy.,polish,IMAX,78
1790,Kobiecy japoński.,spanish,2D,78
2304,Kolacja.,spanish,3D,78
6861,Koło.,spanish,3D,78
3266,Konflikt zero.,spanish,2D,78
3266,Konflikt zero.,german,3D,78
3907,Kontakt.,english,IMAX,78
8356,Koza.,english,IMAX,78
8680,Królestwo.,german,IMAX,78
5551,Krzesło.,polish,IMAX,78
882,Krzew południe.,german,2D,78
1825,Książę.,german,3D,78
7939,Ktoś wilk.,english,3D,78
6614,Ku posiadać.,german,3D,78
2651,Kupić.,spanish,IMAX,78
9462,Kurs.,spanish,2D,78
4024,Lampa przez.,english,IMAX,78
9097,Lato zmienić.,polish,3D,78
8566,Liczny liczba.,polish,2D,78
5592,Linia polityk.,english,2D,78
590,Litera.,polish,IMAX,78
953,Lotniczy.,polish,3D,78
7063,Ludność stół.,polish,IMAX,78
5971,Ludność.,english,2D,78
44,Łagodny.,polish,2D,78
5530,Marzec należeć.,german,2D,78
8231,Marzec wtorek.,english,IMAX,78
3476,Maszyna Jan.,polish,3D,78
2461,Mecz katolicki.,german,IMAX,78
4933,Mecz.,german,3D,78
3587,Medycyna poruszać.,english,2D,78
1755,Metoda chemiczny.,german,IMAX,78
1203,Mężczyzna kolumna.,english,3D,78
4958,Miejsce kiedy.,german,3D,78
3470,Mieszkać opieka.,polish,3D,78
4468,Mieszkać uzyskać.,spanish,IMAX,78
8867,Międzynarodowy.,spanish,3D,78
4493,Mięso.,german,IMAX,78
732,Milion.,polish,2D,78
5536,Minister sędzia.,spanish,IMAX,78
560,Młody.,polish,2D,78
6116,Motyl.,english,IMAX,78
7542,Może.,english,3D,78
1247,Mówić.,english,IMAX,78
1736,Muzyka znaczny.,spanish,3D,78
6428,Myśl nie ma.,english,IMAX,78
2275,Myśleć gra.,polish,2D,78
8350,Myśleć.,english,2D,78
1465,Nagle pająk.,spanish,2D,78
8405,Nagle.,english,IMAX,78
8405,Nagle.,german,2D,78
2100,Nagły.,polish,IMAX,78
120,Narkotyk.,spanish,IMAX,78
9780,Narodowość się.,polish,2D,78
376,Nastrój.,german,2D,78
6733,Natura dzieło.,spanish,3D,78
7711,Natychmiast.,polish,2D,78
9608,Naukowiec.,spanish,2D,78
5335,Naukowiec.,polish,3D,78
8999,Nawet wszystek.,spanish,3D,78
5866,Nazwa piąty.,english,IMAX,78
5427,Nazwa powszechny.,spanish,3D,78
4260,Niebezpieczny.,german,IMAX,78
1463,Niebieski samica.,spanish,IMAX,78
1864,Niebo.,german,3D,78
2688,Niebo.,german,IMAX,78
2013,Niedziela.,english,IMAX,78
3464,Niemiec urząd.,spanish,3D,78
7474,Niemiecki rodzic.,german,3D,78
3125,Niewolnik wakacje.,english,2D,78
6250,Niszczyć władza.,german,2D,78
4456,Nocny.,german,2D,78
350,Nos.,english,3D,78
1672,Np. telewizyjny.,english,3D,78
4287,Obcy.,polish,3D,78
9471,Obok uczyć.,english,3D,78
5121,Obowiązywać.,polish,3D,78
5121,Obowiązywać.,polish,2D,78
5600,Obrót.,english,2D,78
3249,Obserwować.,polish,3D,78
9463,Oczekiwać gołąb.,spanish,2D,78
6917,Oczekiwać podobny.,german,3D,78
4187,Oczywiście.,polish,2D,78
5322,Od.,spanish,IMAX,78
7889,Odczuwać.,german,IMAX,78
2352,Oddział adres.,polish,IMAX,78
785,Odległość.,german,IMAX,78
8496,Odmiana.,spanish,3D,78
9906,Odwaga brat.,polish,3D,78
4572,Oficjalny.,spanish,3D,78
7318,Oglądać w celu.,spanish,3D,78
7618,Ogromny 70.,german,IMAX,78
3346,Ojciec.,spanish,IMAX,78
1391,Okno.,english,2D,78
9740,Okolica umysł.,german,3D,78
3952,Okres.,polish,IMAX,78
6551,On.,spanish,2D,78
2138,On.,german,2D,78
8877,One przejść.,polish,3D,78
33,Opłata.,polish,3D,78
7259,Oraz.,german,3D,78
9694,Organizacja.,german,2D,78
5805,Organizm zaufanie.,spanish,2D,78
3739,Ośrodek.,polish,IMAX,78
2708,Otwarty.,spanish,IMAX,78
1258,Otwór ruch.,spanish,IMAX,78
2032,Owca zachód.,spanish,IMAX,78
3375,Ozdoba.,german,2D,78
9074,Palec powoli.,polish,2D,78
7801,Palić.,polish,2D,78
4997,Pamięć.,spanish,IMAX,78
7378,Pani.,german,IMAX,78
2953,Państwo.,polish,3D,78
5509,Papier.,german,2D,78
1474,Partia.,polish,2D,78
8159,Pasmo.,spanish,3D,78
9932,Pełny jedzenie.,spanish,IMAX,78
7102,Pełny spotkanie.,german,3D,78
1533,Pewien na.,german,IMAX,78
6905,Pewien żołnierz.,english,IMAX,78
3815,Piątek potrzebować.,spanish,2D,78
1196,Pierwiastek Chemiczny.,polish,IMAX,78
124,Pierwiastek dawać.,german,3D,78
7353,Pierwszy dodatek.,german,3D,78
2957,Piękny.,polish,2D,78
4460,Plecy chmura.,german,IMAX,78
4786,Plemię pozostać.,german,2D,78
4004,Płaszcz.,english,2D,78
5379,Płynąć przeciwko.,german,IMAX,78
8374,Płyta.,spanish,3D,78
7620,Pływać przejście.,spanish,2D,78
5324,Po kieszeń.,english,3D,78
8249,Po trzeba.,english,3D,78
2923,Podać ksiądz.,spanish,IMAX,78
5435,Poduszka.,polish,2D,78
2149,Poeta Azja.,english,IMAX,78
2436,Pogląd.,spanish,3D,78
455,Pokarm dziś.,german,IMAX,78
9275,Polak.,polish,IMAX,78
6305,Pole konstrukcja.,polish,3D,78
9581,Polegać.,polish,3D,78
9226,Policja.,german,2D,78
2058,Policzek znowu.,german,2D,78
6939,Polska zamknąć.,spanish,2D,78
18,Położyć Japonia.,polish,IMAX,78
4729,Południowy.,german,2D,78
4303,Pomarańcza arabski.,english,3D,78
6849,Pomidor.,english,IMAX,78
3178,Pomoc pomiędzy.,german,2D,78
3178,Pomoc pomiędzy.,german,2D,78
3645,Pomóc.,english,2D,78
1670,Pomysł zabić.,english,IMAX,78
1670,Pomysł zabić.,english,2D,78
2841,Pomysł.,spanish,2D,78
7451,Ponad klasztor.,english,3D,78
8386,Ponownie znajdować się.,german,IMAX,78
4543,Poprzez zajmować.,english,IMAX,78
9047,Port.,german,3D,78
1293,Posiadać czynnik.,polish,IMAX,78
6258,Posługiwać Się dzisiaj.,german,3D,78
4353,Postać żołnierz.,spanish,3D,78
5622,Postawić.,polish,2D,78
4428,Postępować.,german,2D,78
1246,Potem.,english,IMAX,78
7050,Poważny.,polish,3D,78
638,Powiat obiad.,english,IMAX,78
4783,Powinien ślub.,polish,2D,78
1975,Powoli.,spanish,3D,78
4332,Powstawać otrzymać.,german,2D,78
3556,Pozbawić.,spanish,2D,78
1332,Poznać uprawiać.,german,3D,78
7852,Pozostać proces.,spanish,2D,78
389,Pozycja oddech.,spanish,2D,78
5638,Pożar palec.,english,IMAX,78
8927,Północ.,german,IMAX,78
8679,Późno.,english,2D,78
9522,Pracować.,spanish,IMAX,78
1799,Problem.,polish,IMAX,78
2391,Procent głos.,spanish,2D,78
3288,Profesor całkowicie.,spanish,IMAX,78
9509,Prosty.,polish,IMAX,78
8823,Proszę.,polish,IMAX,78
2168,Przecież.,english,IMAX,78
4000,Przedmiot historia.,spanish,IMAX,78
4357,Przedstawienie żaba.,english,3D,78
9077,Przeprowadzać pieniądze.,german,2D,78
3634,Przeprowadzać.,spanish,IMAX,78
6213,Przestać.,english,IMAX,78
7367,Przestrzeń.,english,3D,78
37,Przeszkoda uzyskać.,polish,2D,78
7930,Przybyć wodny.,german,3D,78
2940,Przyjaźń.,polish,3D,78
7024,Przynosić.,polish,3D,78
576,Psychiczny.,polish,2D,78
6784,Pszczoła.,polish,IMAX,78
5399,Ptak czekać.,english,IMAX,78
3149,Punkt.,german,3D,78
1008,Punkt.,spanish,2D,78
1145,Rano.,spanish,3D,78
3193,Reguła małżeństwo.,spanish,IMAX,78
6975,Rezultat.,polish,IMAX,78
6322,Rodzic wiosna.,polish,2D,78
5134,Rosja.,german,3D,78
8187,Rower.,polish,IMAX,78
9686,Równy.,spanish,IMAX,78
3294,Różny.,german,2D,78
6979,Ryba sok.,english,2D,78
1453,Rzymski.,english,2D,78
5854,Samochód dziewięć.,english,3D,78
6342,Sądzić.,german,3D,78
193,Sen nieszczęście.,spanish,3D,78
2303,Siebie.,spanish,2D,78
3077,Sierpień koniec.,spanish,3D,78
9959,Silnik.,english,3D,78
6758,Skala podobny.,spanish,2D,78
2978,Skala trzydzieści.,german,3D,78
8065,Składać.,spanish,IMAX,78
1073,Składnik wielki.,german,2D,78
5966,Skończyć 20.,polish,IMAX,78
9664,Skończyć kość.,polish,2D,78
4470,Skóra.,spanish,2D,78
6182,Służyć.,spanish,IMAX,78
7601,Smutek.,german,2D,78
2186,Sok.,english,2D,78
8016,Sowa kij.,english,2D,78
8156,Specjalista.,german,3D,78
1177,Sprzęt.,polish,2D,78
6145,Stan partia.,spanish,2D,78
6504,Starać Się.,spanish,IMAX,78
5780,Stawać Się wspomnienie.,english,3D,78
3754,Stolica ogród.,polish,3D,78
8882,Stół.,spanish,3D,78
2147,Stracić skóra.,english,3D,78
1923,Straszny łuk.,polish,3D,78
6572,Stworzyć śmiać się.,spanish,2D,78
9551,Styczeń planeta.,polish,IMAX,78
1647,Styl zdarzenie.,spanish,2D,78
7682,Sukienka doświadczenie.,spanish,3D,78
1620,Suma Indie.,german,3D,78
2675,Suma.,polish,IMAX,78
8928,Swój cisza.,spanish,IMAX,78
8978,Sztuczny stół.,german,IMAX,78
4346,Sztuka szybki.,polish,3D,78
4851,Sztuka zaufanie.,spanish,IMAX,78
5886,Szwedzki znów.,spanish,2D,78
3291,Szwedzki.,spanish,IMAX,78
1687,Szybki.,spanish,2D,78
5788,Ściana mowa.,spanish,IMAX,78
2037,Ślad mi.,german,3D,78
9917,Ślad.,spanish,IMAX,78
7708,Ślub.,polish,3D,78
2668,Śnieg list.,english,IMAX,78
7728,Średniowieczny konflikt.,spanish,2D,78
4444,Środkowy organizm.,german,3D,78
789,Św..,english,IMAX,78
1586,Świecić ochrona.,polish,2D,78
6564,Święty.,english,3D,78
4987,Taki pierwszy.,spanish,IMAX,78
6657,Taki.,german,3D,78
1637,Także igła.,english,2D,78
609,Tam.,spanish,IMAX,78
8320,Tekst obecnie.,polish,IMAX,78
7244,Telefon uderzenie.,german,IMAX,78
2586,Telewizja każdy.,spanish,IMAX,78
4404,Temperatura zwykle.,spanish,3D,78
6079,Teoria.,spanish,2D,78
5140,Teraz.,german,2D,78
3934,Teren.,polish,3D,78
8722,Toponim pole.,english,3D,78
2321,Trawa.,english,2D,78
247,Treść.,german,IMAX,78
3807,Trudno telewizyjny.,spanish,3D,78
661,Trudność rozumieć.,german,IMAX,78
8646,Trudny.,spanish,3D,78
4360,Trwać wobec.,english,IMAX,78
9005,Trzy konflikt.,german,2D,78
2036,Trzy rozmiar.,english,3D,78
5511,Trzydziesty (…).,polish,IMAX,78
1142,Trzydziesty znowu.,german,2D,78
4606,Turcja miód.,german,2D,78
6397,Turcja wszystkie.,polish,IMAX,78
583,Twój.,spanish,IMAX,78
2122,U.,english,IMAX,78
8237,Ucho.,german,2D,78
277,Uchodzić dzień.,english,2D,78
4058,Uczucie.,polish,2D,78
3023,Uczyć.,spanish,2D,78
412,Układ Okresowy.,english,IMAX,78
8379,Unia Europejska w końcu.,polish,3D,78
7571,Uniwersytet.,english,3D,78
851,Uprawiać.,german,3D,78
2397,Urodzić Się służba.,spanish,3D,78
940,Usługa skłonność.,german,2D,78
6031,Ustawa.,spanish,3D,78
6115,Użyć.,polish,IMAX,78
7858,W Końcu kalendarz.,english,2D,78
714,W Wyniku.,spanish,3D,78
714,W Wyniku.,spanish,IMAX,78
2792,Walczyć trzymać.,german,3D,78
3698,Warunek.,english,3D,78
5344,Wąski.,spanish,IMAX,78
5250,Wczesny dach.,spanish,IMAX,78
2326,Wczesny występować.,german,3D,78
9514,Wejście.,english,2D,78
4094,Wewnątrz pięć.,polish,IMAX,78
5598,Węgry.,polish,IMAX,78
3826,Widok oś.,english,IMAX,78
7348,Widok.,spanish,2D,78
5290,Więcej.,spanish,3D,78
1064,Wioska.,spanish,3D,78
8173,Włochy.,english,3D,78
8200,Wnętrze.,polish,3D,78
5402,Wniosek.,spanish,3D,78
5563,Wojskowy.,english,3D,78
4999,Wola szlachetny.,english,3D,78
1307,Wolność.,german,2D,78
8634,Wolny.,english,3D,78
4192,Wpaść.,english,IMAX,78
2402,Wreszcie chęć.,polish,IMAX,78
9488,Wspaniały dziura.,polish,2D,78
5766,Wspólny.,english,2D,78
5766,Wspólny.,polish,2D,78
8849,Wszystko głupek.,german,3D,78
9251,Wszystko.,polish,IMAX,78
9495,Wtorek przybyć.,english,2D,78
1475,Wy tam.,spanish,IMAX,78
7894,Wybitny.,polish,2D,78
201,Wybór działalność.,spanish,3D,78
6143,Wydarzenie wielkość.,spanish,3D,78
9195,Wysoko robota.,spanish,IMAX,78
9195,Wysoko robota.,english,IMAX,78
2285,Występować jeśli.,polish,IMAX,78
2131,Wytwarzać.,polish,3D,78
9867,Za stanowić.,spanish,2D,78
6405,Zabawka.,german,3D,78
3880,Zaburzenie rysunek.,polish,IMAX,78
1336,Zaburzenie.,polish,IMAX,78
6283,Zachowanie.,polish,3D,78
1114,Zachowywać Się urząd.,german,IMAX,78
3988,Zachód czwartek.,spanish,3D,78
5970,Zajęcie.,polish,3D,78
7751,Zakładać niski.,english,3D,78
2356,Zakończenie kilka.,german,IMAX,78
6360,Zakończenie.,spanish,2D,78
6360,Zakończenie.,polish,2D,78
7635,Zamknąć zajmować.,english,IMAX,78
7290,Zamknąć.,english,3D,78
9651,Zamykać.,spanish,IMAX,78
5559,Zatoka Azja.,spanish,IMAX,78
8136,Zawsze żywność.,english,3D,78
689,Zboże sobie.,spanish,2D,78
8150,Zbyt lecieć.,spanish,2D,78
8150,Zbyt lecieć.,english,IMAX,78
7848,Zbyt ozdobny.,english,IMAX,78
2330,Zdjęcie pan.,german,IMAX,78
4117,Zgadzać Się oczekiwać.,spanish,3D,78
2770,Zgadzać Się.,polish,IMAX,78
9014,Zielony organizm.,polish,3D,78
4170,Ziemia.,polish,2D,78
4491,Złoty obrona.,polish,2D,78
5386,Zmęczony twardy.,polish,3D,78
9994,Zniszczyć poziom.,polish,3D,78
4290,Zniszczyć.,german,2D,78
6139,Zniszczyć.,german,IMAX,78
6407,Znosić.,spanish,IMAX,78
2220,Znowu Holandia.,english,2D,78
3082,Związek.,spanish,IMAX,78
9566,Zwolennik.,spanish,2D,78
1551,Zwykle.,english,3D,78
1227,Żyć ponownie.,polish,2D,78
215,Żyd.,polish,3D,78
1735,100 bezpośrednio.,spanish,2D,77
9886,20.,german,IMAX,77
7019,4.,spanish,3D,77
449,40 nowy.,polish,IMAX,77
8053,80 rzymski.,spanish,2D,77
8837,80.,polish,IMAX,77
6887,900 stosunek.,english,3D,77
3729,Abugida znajdować się.,spanish,2D,77
9593,Aby.,german,2D,77
6911,Administracyjny.,spanish,3D,77
7146,Adres mięso.,spanish,2D,77
8555,Akcja.,english,3D,77
8990,Akt.,english,2D,77
3708,Aktor skłonność.,german,3D,77
6141,Ani.,spanish,3D,77
985,Anioł kłopot.,spanish,IMAX,77
1399,Azjatycki przebywać.,german,IMAX,77
1932,Bać Się silnik.,spanish,IMAX,77
709,Bardzo oczywiście.,german,2D,77
6282,Bez średniowieczny.,polish,3D,77
3103,Bić płaski.,spanish,IMAX,77
9230,Biec nastrój.,polish,3D,77
1542,Biskup.,polish,IMAX,77
2674,Bitwa tytoń.,english,IMAX,77
3458,Biuro wchodzić.,spanish,3D,77
8642,Blisko.,english,3D,77
8491,Bo metal.,german,IMAX,77
3447,Bo płakać.,polish,2D,77
6742,Bogactwo.,spanish,3D,77
3973,Bohater.,english,IMAX,77
6822,Brązowy wchodzić.,english,IMAX,77
2161,Brudny umysł.,spanish,3D,77
3968,Brzydki masa.,spanish,3D,77
7105,Budować.,spanish,2D,77
9823,Budynek.,german,IMAX,77
3449,Cena.,polish,IMAX,77
4274,Chłop.,german,2D,77
7165,Chłopiec.,polish,3D,77
5384,Choć związany.,spanish,2D,77
6158,Chrześcijański.,spanish,IMAX,77
5114,Chwila.,spanish,2D,77
580,Chyba.,english,3D,77
5420,Ci.,english,IMAX,77
7134,Ciecz nad.,english,IMAX,77
1353,Cienki szereg.,german,2D,77
428,Cierpienie słońce.,english,3D,77
6340,Ciotka wąski.,english,IMAX,77
8518,Ciotka.,polish,2D,77
4333,Córka one.,german,IMAX,77
4333,Córka one.,german,2D,77
6624,Czas.,english,2D,77
3593,Czasownik mężczyzna.,english,IMAX,77
6759,Czasownik.,german,3D,77
8781,Cztery.,spanish,3D,77
5602,Czyn umieszczać.,spanish,IMAX,77
2728,Czyn.,spanish,2D,77
2984,Dalej trzy.,german,IMAX,77
4836,Dawno.,spanish,IMAX,77
16,Delikatny godzina.,polish,2D,77
7136,Deszcz.,german,IMAX,77
2814,Dialekt wiara.,german,3D,77
9834,Dlaczego.,polish,3D,77
7106,Długo przyjemność.,polish,2D,77
4796,Dodatek bieda.,german,2D,77
4796,Dodatek bieda.,english,3D,77
431,Dokonać walka.,german,2D,77
2114,Dolina twarz.,spanish,2D,77
2114,Dolina twarz.,german,2D,77
6751,Dopływ bogini.,english,IMAX,77
1599,Dopływ niebezpieczny.,german,IMAX,77
6071,Dostęp.,spanish,2D,77
5870,Dowód doświadczenie.,german,IMAX,77
1622,Drapieżny noc.,german,IMAX,77
5193,Drobny ale.,spanish,3D,77
3057,Droga.,german,3D,77
8788,Duński.,english,2D,77
6274,Duński.,spanish,2D,77
2507,Dusza.,polish,3D,77
6457,Dużo.,polish,2D,77
2716,Działać uważać.,german,2D,77
663,Dziób.,english,3D,77
2632,Dzisiejszy.,spanish,3D,77
2580,Dziwny.,english,3D,77
2233,Egzamin.,english,2D,77
4954,Fabryka rodowity.,polish,2D,77
4143,Fabryka.,polish,IMAX,77
9961,Fakt wydawać się.,german,2D,77
8181,Fala potem.,polish,IMAX,77
4267,Farba księga.,polish,3D,77
7269,Film żołnierz.,german,3D,77
7269,Film żołnierz.,spanish,IMAX,77
1561,Finansowy przynieść.,polish,2D,77
932,Finansowy.,polish,IMAX,77
2510,Fizyczny kawałek.,english,IMAX,77
189,Fotografia.,polish,3D,77
3501,Francuski szlachetny.,german,IMAX,77
9572,Funkcja choroba.,german,IMAX,77
7044,Gałąź.,english,IMAX,77
6326,Gdyby wywoływać.,english,3D,77
8064,Głód wygrać.,polish,3D,77
586,Gmina tajemnica.,spanish,IMAX,77
6237,Godzina udział.,polish,2D,77
5880,Gołąb.,spanish,3D,77
4753,Gorący pewien.,german,2D,77
9000,Gospodarczy.,english,3D,77
6631,Gra.,english,IMAX,77
1777,Grudzień.,polish,3D,77
7498,Hodować moment.,german,2D,77
9378,Hodować.,polish,2D,77
418,Hotel uderzenie.,german,IMAX,77
1388,Inaczej.,polish,2D,77
4270,Intensywny ten.,spanish,IMAX,77
9167,Interes.,spanish,3D,77
9008,Internetowy.,spanish,3D,77
3884,Jakiś tytuł.,polish,3D,77
2324,Jakiś.,english,IMAX,77
843,Jakość.,english,IMAX,77
3309,Jądro ziemia.,polish,2D,77
4947,Jedynie budowla.,english,2D,77
2638,Jedyny współczesny.,spanish,2D,77
962,Jeździć.,english,2D,77
5092,Język cel.,english,2D,77
195,Kaczka sen.,english,IMAX,77
3638,Kanał psychiczny.,german,3D,77
5670,Kanał wolność.,german,IMAX,77
1368,Kara.,spanish,3D,77
6738,Kierować kościelny.,english,2D,77
380,Kieszeń.,english,IMAX,77
9281,Kij.,english,IMAX,77
3982,Kino atak.,german,2D,77
7895,Kolacja.,german,IMAX,77
3296,Kolano sierpień.,polish,3D,77
8689,Kolano USA.,german,2D,77
3008,Kolega wspaniały.,spanish,3D,77
7779,Kolejny butelka.,german,2D,77
1778,Koło ósmy.,polish,IMAX,77
1778,Koło ósmy.,polish,2D,77
9165,Komórka m.in..,spanish,3D,77
6063,Kosz kość.,german,IMAX,77
6860,Koszt wspólnota.,english,2D,77
8246,Kość poziom.,spanish,IMAX,77
4683,Koza.,spanish,2D,77
7623,Kraina.,spanish,IMAX,77
7854,Krew fałszywy.,polish,2D,77
4358,Królewski.,spanish,3D,77
2567,Krzew grunt.,english,2D,77
6480,Książka.,german,2D,77
184,Lampa.,german,2D,77
7465,Las pójść.,spanish,2D,77
959,Lato.,english,3D,77
7205,Lecieć.,spanish,IMAX,77
4127,Lek.,german,3D,77
2812,Lew.,polish,IMAX,77
3445,Liczyć.,german,2D,77
447,List powolny.,english,IMAX,77
4742,Literacki.,english,2D,77
2315,Lud.,spanish,2D,77
2516,Ludzki 100.,german,2D,77
7776,Luty sukces.,polish,2D,77
9201,Małżeństwo bank.,spanish,2D,77
2565,Małżeństwo słodki.,german,IMAX,77
6054,Martwy martwy.,german,3D,77
8449,Masa.,spanish,2D,77
3389,Materiał umieścić.,spanish,2D,77
2745,Mądry według.,english,3D,77
6591,Mąka łuk.,english,2D,77
9162,Metal.,english,3D,77
183,Męski.,polish,3D,77
491,Mgła.,english,2D,77
2550,Mi.,spanish,IMAX,77
5673,Miara.,spanish,IMAX,77
1999,Międzynarodowy okręt.,english,IMAX,77
7360,Miękki piosenka.,polish,2D,77
5333,Miły.,polish,IMAX,77
9854,Minuta.,spanish,3D,77
594,Miód sygnał.,polish,3D,77
2771,Mleko.,spanish,2D,77
7187,Mocny wilk.,english,IMAX,77
4437,Mocny.,polish,3D,77
4770,Moment.,english,IMAX,77
5323,Moralny.,spanish,3D,77
5323,Moralny.,english,2D,77
6014,Mowa wojsko.,english,3D,77
8359,Mówić wy.,english,2D,77
6565,My.,german,IMAX,77
1970,Naczynie Ziemia.,spanish,IMAX,77
218,Napój.,english,IMAX,77
8510,Następny.,english,2D,77
7149,Naturalny wioska.,spanish,2D,77
9864,Nauczyciel.,german,3D,77
617,Nie- psychiczny.,english,IMAX,77
5441,Niechęć jakby.,polish,2D,77
2512,Niektóry.,german,3D,77
156,Niemcy.,german,IMAX,77
314,Niemiecki mądry.,spanish,IMAX,77
4769,Nieprzyjemny Indie.,polish,2D,77
311,Niewolnik miłość.,german,IMAX,77
68,Niezwykły.,german,IMAX,77
734,Niszczyć zajęcie.,spanish,IMAX,77
734,Niszczyć zajęcie.,german,IMAX,77
9796,Noga Jan.,polish,2D,77
5550,Nowy.,polish,3D,77
7023,Obcy uniwersytet.,english,IMAX,77
1563,Obecnie siebie.,german,3D,77
9637,Obok kupić.,polish,IMAX,77
858,Obraz.,english,IMAX,77
1810,Obraz.,german,3D,77
3983,Obrót to.,german,IMAX,77
1031,Obserwować.,spanish,2D,77
5313,Obszar.,spanish,3D,77
956,Ocena Turcja.,spanish,2D,77
6919,Oczekiwać.,german,2D,77
4234,Oddawać może.,polish,IMAX,77
5418,Oddech morze.,polish,3D,77
1744,Oddział.,german,IMAX,77
2822,Odwaga.,german,2D,77
9296,Odważny bliski.,polish,3D,77
4982,Ogon.,german,IMAX,77
194,Ogromny.,german,IMAX,77
2485,Ojciec.,english,IMAX,77
3548,Ojczyzna we.,polish,2D,77
6290,Oko.,spanish,IMAX,77
4277,Oko.,german,3D,77
5292,Okoliczność jedyny.,spanish,3D,77
8046,Określony nigdy.,german,3D,77
4746,Okropny dziś.,spanish,3D,77
4338,Okropny podłoga.,polish,IMAX,77
123,Operacja zespół.,english,3D,77
4878,Opieka słyszeć.,english,IMAX,77
4878,Opieka słyszeć.,spanish,IMAX,77
1172,Opuścić.,polish,IMAX,77
5960,Oraz.,polish,IMAX,77
2860,Osiemdziesiąt most.,polish,3D,77
8005,Ostatni sąd.,english,2D,77
4054,Ośrodek pas.,german,IMAX,77
599,Otrzymać.,english,3D,77
6396,Otrzymywać odcień.,english,IMAX,77
3872,Otwarty pogoda.,english,2D,77
4665,Otwarty.,german,2D,77
809,Owoc.,german,IMAX,77
826,Ozdobny.,german,IMAX,77
7098,Ozdobny.,german,3D,77
7305,Pan.,polish,IMAX,77
4523,Pasmo.,german,IMAX,77
6377,Patrzeć.,english,2D,77
9476,Pewien lato.,polish,IMAX,77
7110,Pieniądz pojazd.,spanish,IMAX,77
9658,Pierś.,spanish,IMAX,77
5489,Pierwiastek Chemiczny.,english,IMAX,77
3337,Pierwiastek kościelny.,polish,2D,77
5107,Pieśń.,polish,2D,77
5107,Pieśń.,german,3D,77
8469,Pióro nauczycielka.,german,IMAX,77
8103,Pisanie seksualny.,german,3D,77
4134,Pismo drzewo.,spanish,3D,77
4464,Pismo przedstawiciel.,spanish,3D,77
4464,Pismo przedstawiciel.,german,2D,77
7083,Plaża.,polish,3D,77
5945,Plecy na zewnątrz.,german,IMAX,77
1364,Płaszcz.,spanish,3D,77
5442,Płaszcz.,polish,IMAX,77
8693,Płeć określać.,spanish,3D,77
8454,Pływać postawić.,spanish,2D,77
7933,Podobny butelka.,polish,3D,77
6617,Podstawowy napisać.,german,IMAX,77
8700,Poduszka.,english,IMAX,77
7978,Poeta słoń.,german,3D,77
677,Pogląd.,german,IMAX,77
3693,Pogoda uznawać.,english,3D,77
9839,Pojedynczy twarz.,spanish,2D,77
1143,Pojedynczy własny.,english,IMAX,77
2448,Pojemnik.,english,IMAX,77
5127,Policjant szczyt.,spanish,IMAX,77
4534,Polityka wysyłać.,spanish,IMAX,77
6456,Połowa.,spanish,3D,77
2643,Położyć.,english,IMAX,77
7074,Pomarańczowy rezultat.,spanish,IMAX,77
696,Pomoc pytać.,polish,3D,77
3410,Ponownie leczenie.,spanish,IMAX,77
6015,Ponownie.,polish,3D,77
3361,Poprzez terytorium.,english,IMAX,77
2672,Port.,german,IMAX,77
10,Posiadać trzeba.,german,3D,77
9916,Posiłek stopień.,polish,IMAX,77
894,Posiłek.,english,IMAX,77
9858,Postać plan.,spanish,2D,77
3576,Postawa.,english,3D,77
229,Postępowanie pokazywać.,spanish,3D,77
7876,Postępowanie.,german,2D,77
6379,Potrzeba.,german,3D,77
3954,Potrzebny.,spanish,2D,77
7965,Powieść.,spanish,2D,77
1675,Powód.,german,IMAX,77
5019,Powód.,german,IMAX,77
1240,Poza.,english,3D,77
2900,Pozbawić.,english,IMAX,77
6997,Pozwalać.,german,2D,77
761,Pożar chyba.,polish,3D,77
5353,Północny.,english,IMAX,77
5255,Pragnąć można.,german,3D,77
8878,Prasa niech.,english,IMAX,77
4831,Prezent tłumaczyć.,german,IMAX,77
5751,Proces.,polish,3D,77
1817,Program.,german,2D,77
7870,Próba Chiny.,english,IMAX,77
1466,Przeciwnik poza.,german,2D,77
499,Przedstawiać.,spanish,3D,77
8716,Przejście.,spanish,3D,77
9190,Przejść.,english,3D,77
6978,Przemysł.,english,IMAX,77
4297,Przeznaczyć samiec.,polish,IMAX,77
1019,Przy zwycięstwo.,german,IMAX,77
8647,Przyjaciel.,english,2D,77
6850,Przyjąć cienki.,polish,3D,77
3804,Przyjechać miejsce.,german,IMAX,77
9850,Przyjechać.,english,3D,77
7053,Przyjemność.,english,3D,77
9766,Przyjęcie.,german,3D,77
3974,Przyjść zysk.,polish,IMAX,77
6712,Przykład chwila.,english,2D,77
3566,Przynieść.,english,IMAX,77
9135,Psychiczny ochrona.,german,3D,77
1037,Punkt zboże.,spanish,2D,77
5792,Punkt.,english,3D,77
6375,Pustynia gardło.,polish,IMAX,77
2840,Rachunek łuk.,english,2D,77
897,Rada nadzieja.,german,IMAX,77
897,Rada nadzieja.,german,2D,77
963,Radiowy nauka.,english,IMAX,77
1804,Rana kolej.,german,IMAX,77
1804,Rana kolej.,german,3D,77
2919,Relacja napój.,english,IMAX,77
9507,Religijny środowisko.,polish,IMAX,77
2140,Ręka znaleźć.,spanish,2D,77
6316,Rosyjski.,german,IMAX,77
5222,Rozwiązanie.,polish,3D,77
8241,Również lotniczy.,spanish,IMAX,77
2846,Ruch staw.,polish,IMAX,77
206,Rumunia zobaczyć.,german,IMAX,77
8822,Rysunek.,german,3D,77
9680,Ryzyko program.,polish,IMAX,77
2025,Rzadko wybierać.,polish,3D,77
8801,Sąd pół.,polish,2D,77
9822,Sądowy.,german,3D,77
28,Sądzić.,spanish,IMAX,77
1618,Scena.,german,IMAX,77
7697,Seks park.,english,IMAX,77
3127,Seks.,english,IMAX,77
7375,Sieć.,polish,IMAX,77
9909,Skała.,spanish,IMAX,77
4123,Skrzydło bać się.,english,3D,77
4441,Słoneczny.,spanish,3D,77
1089,Słoń.,polish,IMAX,77
6761,Słońce pierwiastek chemiczny.,polish,IMAX,77
6667,Słońce.,spanish,3D,77
1654,Słownik.,polish,IMAX,77
9292,Słyszeć.,spanish,IMAX,77
3801,Sobą oddech.,spanish,3D,77
264,Spać.,german,2D,77
3715,Sport.,german,IMAX,77
1402,Sprzedawać narkotyk.,german,2D,77
9670,Sprzedaż dopiero.,german,3D,77
1209,Stacja jadalny.,spanish,2D,77
9377,Stały.,polish,3D,77
5584,Stanowisko samochód.,german,2D,77
9578,Stawać Się wychodzić.,english,3D,77
4038,Sto istota.,spanish,3D,77
4017,Stolica.,german,IMAX,77
6252,Stopień wczesny.,english,2D,77
1488,Stosunek maszyna.,german,2D,77
6219,Straszny.,spanish,2D,77
5642,Struktura.,spanish,2D,77
5642,Struktura.,spanish,2D,77
4568,Struktura.,spanish,3D,77
8067,Studia napisać.,spanish,2D,77
7408,Stworzyć Ziemia.,german,IMAX,77
5216,Suma wysłać.,spanish,IMAX,77
7565,Sygnał letni.,spanish,IMAX,77
1971,Symbol.,english,3D,77
2270,Szwecja.,polish,IMAX,77
5502,Szwecja.,spanish,IMAX,77
3808,Ślad.,german,IMAX,77
4451,Śniadanie promień.,german,3D,77
8561,Środowisko roślina.,german,IMAX,77
6597,Świątynia okoliczność.,german,IMAX,77
2979,Świątynia.,spanish,3D,77
8922,Świecić okazja.,spanish,3D,77
3908,Święto.,german,2D,77
116,Tam piąty.,spanish,IMAX,77
1625,Tam.,german,2D,77
1986,Taniec.,spanish,3D,77
9565,Telefon.,spanish,IMAX,77
8624,Telewizja skutek.,spanish,IMAX,77
2215,Teraz.,spanish,2D,77
2810,Teren żywność.,german,3D,77
2810,Teren żywność.,spanish,3D,77
1101,Tracić plama.,german,2D,77
686,Trawa pozostać.,german,2D,77
117,Trochę.,polish,2D,77
3671,Trzeba.,spanish,IMAX,77
6841,Trzydzieści kosztować.,polish,2D,77
6580,Tu dla.,german,IMAX,77
1532,Turcja osiągnąć.,english,2D,77
222,Tutaj.,german,3D,77
6900,Twardy państwo.,spanish,IMAX,77
3462,Twój.,spanish,IMAX,77
138,Ty.,polish,IMAX,77
3879,Tylko.,german,IMAX,77
4969,Tysiąc zupełnie.,polish,2D,77
9068,Tysiąc.,polish,3D,77
4051,Tytoń poznać.,english,IMAX,77
701,Uchodzić.,german,IMAX,77
701,Uchodzić.,spanish,IMAX,77
1163,Uciec.,german,IMAX,77
3759,Uciekać ale.,spanish,3D,77
7412,Uczucie Australia.,polish,2D,77
6984,Uczyć Się.,spanish,2D,77
2055,Uderzyć.,polish,IMAX,77
1913,Ulegać siebie.,german,2D,77
6408,Ulica że.,polish,2D,77
4558,Umieć.,english,IMAX,77
7115,Umiejętność.,polish,IMAX,77
5554,Umieszczać wschód.,english,IMAX,77
519,Umożliwiać stopa.,english,IMAX,77
8054,Umrzeć.,german,IMAX,77
5827,Umrzeć.,spanish,2D,77
4956,Upadek wilk.,german,2D,77
2081,Urodzenie.,spanish,3D,77
8623,Urodziny szybko.,english,2D,77
9036,Usa.,polish,2D,77
9809,Utrzymywać.,german,2D,77
1718,Utwór.,english,2D,77
5027,Użycie.,spanish,IMAX,77
3652,Użycie.,polish,2D,77
7368,W Ciągu intensywny.,spanish,2D,77
6389,W Ciągu wywodzić się.,spanish,3D,77
5893,Walka wojsko.,german,2D,77
7845,Warszawa.,polish,2D,77
1867,Wartość dowód.,polish,3D,77
5958,Warzywo.,german,IMAX,77
4330,Wąż.,spanish,2D,77
2366,Wciąż.,polish,IMAX,77
6372,Według sąd.,polish,IMAX,77
6349,Wesoły.,english,IMAX,77
9277,Węgiel nieszczęście.,spanish,2D,77
8119,Węgry.,polish,IMAX,77
6412,Widoczny odkryć.,spanish,2D,77
93,Wieczorem.,english,3D,77
2175,Wielki sportowy.,german,3D,77
4720,Wiersz.,polish,IMAX,77
452,Wierzyć.,english,2D,77
4993,Więc dzisiaj.,spanish,3D,77
1006,Więzienie.,spanish,2D,77
817,Wisieć.,german,IMAX,77
1119,Wkrótce ani.,english,2D,77
8254,Własny kosz.,german,2D,77
776,Właściwość.,spanish,3D,77
7469,Wodny mądry.,german,2D,77
5042,Wojsko.,polish,IMAX,77
2545,Wpływ.,spanish,2D,77
2545,Wpływ.,english,3D,77
2557,Wrócić.,polish,2D,77
291,Wrócić.,english,3D,77
1944,Wschód Polak.,spanish,3D,77
8279,Wschód południe.,spanish,IMAX,77
1257,Wszyscy.,german,IMAX,77
2598,Wszystek.,english,2D,77
7012,Wszystek.,spanish,IMAX,77
8819,Wujek się.,polish,3D,77
9445,Wycieczka cierpieć.,german,IMAX,77
7917,Wydawać Się górski.,polish,2D,77
5579,Wydawać Się narodowość.,german,3D,77
8776,Wydawać Się turecki.,english,2D,77
2607,Wykonać mięso.,spanish,IMAX,77
5415,Wykonać.,german,2D,77
1356,Wyraz mocny.,german,IMAX,77
7227,Wyrażać.,english,IMAX,77
9468,Wyrób.,german,IMAX,77
7365,Występować klasa.,spanish,IMAX,77
1990,Wywołać.,spanish,2D,77
9801,Wzdłuż uznawać.,polish,2D,77
107,Wzdłuż.,polish,IMAX,77
434,Wzrost.,english,3D,77
367,Za Pomocą kot.,spanish,IMAX,77
8004,Zabawa.,spanish,2D,77
5397,Zabawka.,polish,3D,77
6058,Zachodni.,german,IMAX,77
150,Zainteresowanie kościół.,spanish,IMAX,77
9138,Zainteresowanie mecz.,english,2D,77
6664,Zainteresowanie.,german,3D,77
8308,Zajęcie wolno.,polish,2D,77
8450,Zakładać.,spanish,2D,77
2457,Zakres.,german,2D,77
5337,Założyć pozostać.,polish,IMAX,77
2059,Zamknąć.,german,IMAX,77
9262,Zapomnieć pomysł.,spanish,2D,77
1317,Zarówno rosnąć.,spanish,IMAX,77
4439,Zaś.,english,IMAX,77
7710,Zawodnik mądry.,polish,3D,77
9130,Zbudować zniszczyć.,english,2D,77
3011,Zdarzenie coraz.,english,2D,77
3011,Zdarzenie coraz.,german,3D,77
6287,Zdobyć.,polish,2D,77
4604,Zgromadzenie miara.,english,3D,77
8245,Zima smutek.,spanish,2D,77
8335,Zimny.,english,2D,77
4722,Zjawisko.,german,3D,77
9552,Złodziej korzystać.,polish,IMAX,77
70,Złodziej.,english,3D,77
889,Złoty.,german,3D,77
4789,Zmarły transport.,english,2D,77
1695,Znaczyć słyszeć.,german,2D,77
5640,Znać.,spanish,2D,77
506,Zobaczyć z powodu.,spanish,2D,77
8540,Zostać obserwować.,german,IMAX,77
3327,Zwierzę chcieć.,english,2D,77
2088,Zwłaszcza.,english,2D,77
3356,Zwolennik słowacki.,english,IMAX,77
8306,Zwycięstwo.,spanish,2D,77
9214,Zwykły pomidor.,polish,3D,77
992,Zwykły wyłącznie.,english,3D,77
9031,Żart pierś.,spanish,2D,77
1655,Żart.,polish,3D,77
1655,Żart.,german,IMAX,77
8607,Żelazo.,english,IMAX,77
5629,Żółty jazda.,polish,IMAX,77
6011,Żydowski.,polish,3D,77
961,?.,english,3D,76
7487,0.,spanish,3D,76
1193,100 maszyna.,german,3D,76
8828,50 mocno.,spanish,IMAX,76
1207,6 własność.,spanish,3D,76
3944,60 dar.,spanish,2D,76
4627,60 reguła.,german,2D,76
2787,900 pełnić.,polish,3D,76
786,Aby.,polish,2D,76
9334,Administracyjny.,spanish,3D,76
4948,Ale.,german,IMAX,76
1579,Arabski sygnał.,english,2D,76
8288,Artykuł noga.,polish,IMAX,76
8288,Artykuł noga.,english,IMAX,76
4184,Atmosfera główny.,polish,IMAX,76
8945,Autobus futro.,polish,IMAX,76
7855,Azja.,spanish,2D,76
2375,Babka szukać.,spanish,3D,76
13,Badać spać.,polish,IMAX,76
6970,Badanie gęsty.,polish,3D,76
9434,Bar Unia Europejska.,german,3D,76
343,Bawić Się mięsień.,english,3D,76
6126,Bezpośrednio.,polish,2D,76
7541,Białoruś starać się.,polish,2D,76
9725,Bieda spór.,spanish,2D,76
7891,Bilet pierwszy.,german,3D,76
6221,Bitwa.,english,2D,76
7291,Bo zupa.,german,IMAX,76
7877,Bogactwo.,polish,2D,76
7600,Bohater możliwy.,german,2D,76
8701,Bok dziesięć.,polish,3D,76
5298,Bok oglądać.,spanish,2D,76
4067,Boże Narodzenie.,spanish,2D,76
5843,Brać usługa.,english,IMAX,76
4284,Bronić rzeczownik.,english,3D,76
872,Bronić.,german,IMAX,76
6866,Brzuch.,polish,3D,76
8583,Budować.,german,IMAX,76
2939,Budowla bydło.,polish,IMAX,76
2072,Burza.,german,3D,76
4238,By wydarzenie.,german,3D,76
5043,Być jak.,polish,IMAX,76
7531,Bydło naturalny.,german,IMAX,76
1502,Byk gęsty.,spanish,2D,76
4858,Byk padać.,german,3D,76
6941,Byk pierwiastek chemiczny.,german,IMAX,76
2511,Całkowity.,polish,3D,76
7969,Całość parlament.,polish,2D,76
1771,Cena.,polish,IMAX,76
4617,Centrum.,english,2D,76
6064,Chiński język.,polish,2D,76
6064,Chiński język.,spanish,2D,76
2993,Choć biec.,polish,2D,76
7617,Chory.,spanish,3D,76
4762,Chrześcijański.,german,2D,76
1965,Ci.,german,2D,76
2967,Cichy dział.,polish,3D,76
8747,Cień.,spanish,2D,76
4167,Cierpienie.,spanish,2D,76
3640,Ciężki komputerowy.,spanish,2D,76
1730,Cmentarz.,polish,IMAX,76
1876,Córka USA.,spanish,3D,76
7647,Czas.,polish,IMAX,76
5424,Czeski modlitwa.,polish,IMAX,76
8527,Czwartek wydawać.,spanish,3D,76
7633,Czwarty latać.,spanish,3D,76
5059,Czy.,polish,2D,76
7702,Czyli żeński.,polish,2D,76
1412,Czyn otoczenie.,polish,IMAX,76
3,Czytać ciemność.,polish,3D,76
6605,Dać Się mocno.,spanish,3D,76
324,Dać Się przedstawiciel.,polish,IMAX,76
324,Dać Się przedstawiciel.,polish,3D,76
7892,Dalej.,english,2D,76
2502,Dania.,german,3D,76
3886,Danie brać.,english,3D,76
3886,Danie brać.,german,3D,76
1573,Dawać.,polish,3D,76
2976,Dobro staw.,spanish,IMAX,76
874,Dobro sześć.,polish,3D,76
6174,Dodać odważny.,german,IMAX,76
1711,Dokument atmosfera.,english,IMAX,76
1132,Dopiero.,spanish,2D,76
1187,Dopiero.,german,IMAX,76
5800,Dość wycieczka.,polish,IMAX,76
957,Drapieżny centrum.,polish,2D,76
6713,Droga przygotowywać.,english,IMAX,76
4103,Drogi u.,german,2D,76
290,Drugi.,english,2D,76
664,Drzewo.,spanish,2D,76
5756,Dusza.,english,2D,76
6942,Dużo świątynia.,english,3D,76
8755,Duży kosz.,spanish,3D,76
3427,Dyskusja.,polish,2D,76
5763,Dział sprzedaż.,english,2D,76
9002,Dzielić Litwa.,english,3D,76
8602,Dzielnica rodzic.,english,2D,76
8367,Dziewięć kino.,spanish,2D,76
9768,Dziewięć.,spanish,2D,76
4874,Dzisiaj praktyka.,spanish,IMAX,76
7503,Dzisiejszy lata.,english,IMAX,76
5491,Dzisiejszy.,english,3D,76
5271,Dźwięk centrum.,polish,3D,76
8741,Efekt handlowy.,english,2D,76
4643,Elektryczny nieprzyjemny.,english,2D,76
5052,Element ciepły.,english,3D,76
4174,Fakt dzisiaj.,spanish,IMAX,76
3229,Farba.,polish,IMAX,76
2096,Fizyczny Ukraina.,english,3D,76
3363,Flaga.,spanish,2D,76
3153,Fotografia dużo.,polish,IMAX,76
2568,Gałąź.,polish,2D,76
528,Gdyby.,german,3D,76
8592,Gęsty artykuł.,german,2D,76
9685,Głos.,german,2D,76
9679,Głośny wobec.,polish,3D,76
6332,Głowa.,english,3D,76
6006,Głupek wolny.,english,2D,76
3552,Głupiec leżeć.,english,3D,76
3552,Głupiec leżeć.,german,3D,76
9992,Godzina jeżeli.,spanish,3D,76
4979,Gospodarczy warunek.,polish,3D,76
6869,Grupa jajo.,spanish,3D,76
4636,Hałas szklanka.,german,IMAX,76
8991,Hałas.,spanish,2D,76
9217,Handel utrzymywać.,english,IMAX,76
3834,Hodować.,german,2D,76
2460,Indie religia.,english,IMAX,76
5887,Iść.,german,IMAX,76
6549,Izrael dany.,german,3D,76
2462,Jajko.,spanish,IMAX,76
4975,Jako.,german,IMAX,76
819,Jasny.,polish,2D,76
1760,Jądro.,spanish,2D,76
7243,Jego.,english,IMAX,76
9268,Jeśli.,german,IMAX,76
2471,Kapelusz.,spanish,2D,76
254,Kawałek.,english,IMAX,76
5731,Kieszeń.,spanish,2D,76
9458,Kilometr port.,spanish,IMAX,76
3666,Kino oddać.,polish,3D,76
1226,Klasa.,polish,IMAX,76
1919,Kłopot.,spanish,IMAX,76
7695,Kobiecy.,english,3D,76
674,Kolacja.,english,IMAX,76
2824,Kolejowy.,german,IMAX,76
2596,Kolumna samochodowy.,spanish,2D,76
2419,Kolumna.,english,3D,76
2902,Koło.,english,IMAX,76
9617,Koncert kura.,polish,3D,76
7034,Koniec.,polish,2D,76
4525,Kostka.,spanish,IMAX,76
3984,Koszula.,english,2D,76
5449,Kraina.,polish,IMAX,76
3467,Królewski sprzedaż.,polish,IMAX,76
8116,Królewski władza.,spanish,3D,76
7696,Książę.,english,IMAX,76
7696,Książę.,english,3D,76
7288,Kształt.,polish,IMAX,76
4140,Ktoś.,german,2D,76
1445,Kula płaski.,polish,2D,76
8385,Kupować.,polish,IMAX,76
7004,Kurs państwowy.,spanish,2D,76
6049,Kurs.,spanish,3D,76
7570,Kwiat uniwersytet.,english,2D,76
3793,Kwiecień.,spanish,3D,76
3793,Kwiecień.,spanish,2D,76
3791,Las urodzić.,english,IMAX,76
5360,Leczenie.,english,2D,76
1315,Lekki przeciwko.,polish,IMAX,76
6092,Liczba Atomowa.,polish,3D,76
6092,Liczba Atomowa.,spanish,3D,76
2571,Lina graniczyć.,polish,IMAX,76
1984,Lina świątynia.,english,IMAX,76
1084,Lipiec studiować.,spanish,IMAX,76
2732,Lis las.,polish,2D,76
1969,Litwa wojna.,polish,2D,76
6890,Los towar.,spanish,IMAX,76
3909,Lub tamten.,english,3D,76
9714,Ludzki.,polish,3D,76
6833,Ładny.,spanish,2D,76
9811,Łatwy.,german,2D,76
6929,Łąka park.,polish,3D,76
2535,Łódź lubić.,spanish,2D,76
7790,Małżeństwo.,spanish,IMAX,76
2905,Marka.,polish,IMAX,76
4042,Materiał narzędzie.,german,IMAX,76
1095,Metal oko.,spanish,IMAX,76
6500,Mgła.,spanish,2D,76
6500,Mgła.,polish,3D,76
2333,Mi szczyt.,german,2D,76
3663,Mi.,polish,2D,76
3663,Mi.,english,IMAX,76
3175,Miara.,polish,3D,76
3175,Miara.,german,IMAX,76
906,Miecz czas.,polish,IMAX,76
7478,Miejscowość pogląd.,english,IMAX,76
3169,Mieszkać.,spanish,3D,76
2130,Mieszkanie pomagać.,spanish,2D,76
1609,Między arabski.,polish,3D,76
3032,Miłość.,german,3D,76
4079,Minuta.,polish,2D,76
4079,Minuta.,english,2D,76
278,Mnóstwo lewy.,english,2D,76
2426,Mnóstwo surowy.,polish,3D,76
6238,Mocny wielkość.,german,2D,76
7820,Mocz kaczka.,english,3D,76
9819,Może.,polish,2D,76
1995,Móc.,english,2D,76
4779,Mój papier.,german,3D,76
6538,Mój.,spanish,IMAX,76
8839,Mur.,german,2D,76
6913,Muzeum.,spanish,IMAX,76
6303,Muzyczny źródło.,english,3D,76
1834,Muzyk.,english,2D,76
1834,Muzyk.,spanish,IMAX,76
3212,Na Przykład jesień.,german,3D,76
250,Naczynie.,spanish,3D,76
2435,Nad uniwersytet.,spanish,2D,76
7846,Nadmierny uciekać.,english,2D,76
1272,Nadzieja róża.,polish,3D,76
2534,Nagle.,german,IMAX,76
3339,Należeć dzisiaj.,german,2D,76
1373,Należeć szukać.,english,IMAX,76
1373,Należeć szukać.,german,IMAX,76
5543,Naród kraj.,spanish,IMAX,76
3491,Narzędzie wada.,polish,2D,76
3185,Nauczycielka pić.,english,2D,76
3185,Nauczycielka pić.,polish,2D,76
6584,Naukowiec.,spanish,2D,76
1504,Naukowiec.,polish,IMAX,76
5495,Naukowy męski.,polish,2D,76
1516,Nazwa.,german,2D,76
5237,Nazywać.,german,IMAX,76
2005,Nie- gatunek.,german,2D,76
5302,Nie Ma nauczycielka.,spanish,IMAX,76
2095,Niemcy.,german,2D,76
5089,Niezwykły karta.,spanish,IMAX,76
8088,Nikt.,spanish,2D,76
9109,Noc szkoda.,spanish,IMAX,76
67,Noga.,english,2D,76
3658,Nosić.,polish,IMAX,76
7964,Nowy.,spanish,2D,76
4307,Obok.,polish,2D,76
6840,Obywatelka.,spanish,3D,76
8252,Oddech praktyka.,polish,3D,76
8467,Odległość ramię.,polish,3D,76
4881,Odwaga.,english,3D,76
9118,Oficjalny zdolność.,polish,2D,76
1050,Ogólny warzywo.,spanish,3D,76
8560,Ogół pierwiastek chemiczny.,spanish,2D,76
7805,Ogromny.,spanish,2D,76
5888,Ojciec bać się.,spanish,2D,76
3430,Ojciec.,spanish,IMAX,76
521,Okazja oddawać.,polish,2D,76
6897,Oko.,english,2D,76
1912,Ona.,german,3D,76
8409,One.,german,3D,76
285,Oni.,spanish,2D,76
6950,Opłata.,english,3D,76
9612,Oraz.,english,2D,76
242,Osoba.,english,IMAX,76
5190,Osobisty podstawowy.,spanish,3D,76
1997,Ostry żyć.,polish,2D,76
7943,Oś zajmować.,german,3D,76
3825,Otrzymywać.,english,2D,76
7586,Otworzyć.,german,IMAX,76
2701,Owad.,polish,3D,76
4337,Owoc.,spanish,3D,76
7202,Ozdoba szybki.,english,2D,76
4446,Pałac.,german,2D,76
4182,Para październik.,english,2D,76
6026,Piątek.,spanish,2D,76
373,Piątek.,polish,IMAX,76
8786,Piętro cześć.,english,3D,76
190,Piętro.,spanish,2D,76
1703,Piosenka.,polish,IMAX,76
2445,Piwo.,spanish,3D,76
803,Plama.,german,3D,76
984,Planeta.,english,3D,76
211,Plecy.,spanish,3D,76
2374,Płaszcz.,english,3D,76
4996,Płyn sześćdziesiąt.,polish,3D,76
4193,Podawać ksiądz.,spanish,IMAX,76
2325,Podnieść mięso.,spanish,3D,76
7414,Podstawowy.,german,2D,76
1329,Podstawowy.,english,2D,76
1669,Poduszka uderzenie.,german,2D,76
3110,Podział para.,polish,3D,76
3267,Pojemnik wzgórze.,polish,IMAX,76
368,Pojęcie.,german,IMAX,76
8424,Pole.,spanish,IMAX,76
7675,Polegać.,german,IMAX,76
6323,Policzek.,spanish,IMAX,76
3702,Polityka.,german,IMAX,76
9083,Polska niebo.,polish,2D,76
9022,Polski.,polish,IMAX,76
400,Połączenie Białoruś.,german,3D,76
7839,Połączenie wiek.,polish,IMAX,76
9202,Połączyć.,spanish,3D,76
363,Położenie.,german,2D,76
2099,Południowy.,german,2D,76
256,Pomagać władca.,polish,IMAX,76
597,Pomarańczowy mocny.,polish,2D,76
3636,Pomarańczowy.,polish,2D,76
542,Pomiędzy.,spanish,3D,76
86,Ponieważ siostra.,polish,IMAX,76
1210,Poprzedni samochodowy.,polish,2D,76
9063,Poprzez ból.,polish,IMAX,76
6515,Poprzez zaś.,english,IMAX,76
3873,Port.,english,2D,76
7592,Poruszać.,spanish,3D,76
4758,Posiłek.,english,IMAX,76
8468,Potrzeba nazwa.,polish,2D,76
5390,Powieść wesoły.,spanish,IMAX,76
1491,Powstać.,polish,2D,76
658,Powstanie zaś.,polish,IMAX,76
4383,Powszechny.,polish,IMAX,76
7507,Powszechny.,english,2D,76
645,Poziom.,spanish,IMAX,76
3275,Pozwalać.,polish,3D,76
4832,Pozycja strumień.,polish,3D,76
5568,Pozycja wreszcie.,polish,IMAX,76
3116,Pozycja.,spanish,IMAX,76
9820,Północ inaczej.,polish,IMAX,76
6842,Pragnąć.,spanish,3D,76
766,Procent poziom.,german,IMAX,76
766,Procent poziom.,english,3D,76
157,Projekt czytać.,german,3D,76
3174,Prowadzić usta.,spanish,3D,76
629,Przecież.,spanish,IMAX,76
9502,Przeciw 80.,polish,IMAX,76
3318,Przeciw patrzeć.,polish,2D,76
2231,Przedstawienie.,polish,3D,76
7769,Przedstawienie.,polish,3D,76
751,Przedstawienie.,english,IMAX,76
3616,Przejaw.,english,2D,76
2441,Przy.,english,IMAX,76
8529,Przybyć.,english,2D,76
9492,Przygotowywać styczeń.,english,IMAX,76
101,Przyjaźń napisać.,german,IMAX,76
655,Przyjąć.,german,3D,76
1704,Przyjemny rządzić.,german,3D,76
5448,Przyjęcie chory.,english,2D,76
3151,Przynieść.,german,2D,76
5293,Przyprawa tarcza.,english,2D,76
969,Psychiczny okoliczność.,polish,3D,76
7130,Reguła ciecz.,german,3D,76
7094,Relacja zabawka.,polish,2D,76
7094,Relacja zabawka.,english,IMAX,76
8084,Relacja.,german,3D,76
1827,Ręka.,german,3D,76
2989,Rodzina.,polish,2D,76
2696,Rodzina.,english,IMAX,76
5743,Równy te.,polish,3D,76
6294,Równy.,polish,IMAX,76
3484,Ruch Holandia.,german,3D,76
7216,Rysunek.,spanish,2D,76
9650,Rzeczywistość.,spanish,IMAX,76
1992,Rzucać Hiszpania.,english,3D,76
2469,Rzucić nasiono.,spanish,IMAX,76
4872,Sala także.,polish,IMAX,76
7631,Sam.,spanish,IMAX,76
8080,Samochód one.,english,2D,76
7636,Sąd.,english,2D,76
2681,Seksualny wisieć.,english,2D,76
7683,Sieć wyjść.,spanish,3D,76
7683,Sieć wyjść.,spanish,IMAX,76
4150,Sierpień czy.,polish,IMAX,76
1772,Sierpień.,german,3D,76
7721,Się przed.,english,3D,76
6106,Siła.,spanish,3D,76
8296,Skała istnienie.,spanish,IMAX,76
1935,Skała złoto.,german,2D,76
891,Skała zwykły.,german,3D,76
891,Skała zwykły.,english,3D,76
8431,Składać głos.,german,2D,76
8139,Składać wszelki.,polish,3D,76
4691,Słoń plemię.,polish,3D,76
5576,Słońce.,polish,3D,76
727,Słońce.,english,2D,76
3414,Słowacja.,german,3D,76
1833,Służba odkryć.,polish,3D,76
7663,Słyszeć miejscowość.,polish,2D,76
4703,Smutek.,german,3D,76
6867,Sobota gdy.,spanish,IMAX,76
2498,Sobota zysk.,spanish,IMAX,76
2498,Sobota zysk.,german,IMAX,76
4622,Społeczeństwo cień.,english,2D,76
4608,Sport przyszły.,spanish,3D,76
7944,Sport zatoka.,english,2D,76
9883,Spowodować.,english,2D,76
2761,Sprzęt tamten.,spanish,3D,76
8017,Srebro efekt.,polish,2D,76
7958,Stacja babcia.,polish,2D,76
1432,Stado decyzja.,german,2D,76
3211,Stado lotniczy.,german,IMAX,76
5761,Stan czerwony.,english,IMAX,76
6348,Statek koncert.,spanish,3D,76
54,Staw 7.,german,2D,76
3522,Staw suma.,german,IMAX,76
937,Stosować.,polish,3D,76
6991,Stosować.,spanish,2D,76
5833,Strata przygotować.,german,IMAX,76
4008,Strefa.,spanish,2D,76
3280,Studiować republika.,polish,3D,76
3317,Styl kolumna.,polish,2D,76
3317,Styl kolumna.,polish,2D,76
9191,Substancja.,spanish,2D,76
6523,Suma.,spanish,IMAX,76
4485,Suma.,polish,3D,76
995,Swój.,english,3D,76
9803,Sygnał gdzie.,spanish,2D,76
3893,Sygnał grób.,spanish,IMAX,76
8357,Sytuacja historyczny.,german,3D,76
6902,Szacunek ty.,english,3D,76
1743,Szczególnie wykonywać.,german,2D,76
5243,Szczególny jądro.,english,3D,76
5098,Szkło wykonywać.,english,3D,76
5098,Szkło wykonywać.,english,2D,76
9249,Szkoła mocno.,polish,2D,76
863,Sztuka król.,english,IMAX,76
9757,Szukać ładny.,english,IMAX,76
8432,Szukać.,english,IMAX,76
8432,Szukać.,spanish,2D,76
3806,Śniadanie tarcza.,polish,IMAX,76
3806,Śniadanie tarcza.,spanish,3D,76
9227,Śnieg.,spanish,3D,76
4131,Środkowy dziecięcy.,english,2D,76
5472,Światło.,german,IMAX,76
7772,Świeży sąd.,english,2D,76
1102,Ta.,german,2D,76
6429,Tablica każdy.,english,IMAX,76
6888,Tablica zamiast.,polish,2D,76
95,Tablica.,spanish,2D,76
95,Tablica.,polish,IMAX,76
4116,Tak opłata.,spanish,3D,76
1648,Taniec żołądek.,spanish,3D,76
8572,Tańczyć.,german,2D,76
1069,Temperatura.,english,3D,76
2272,Temu.,spanish,IMAX,76
4242,Termin.,english,IMAX,76
4242,Termin.,spanish,3D,76
9785,Terytorium.,german,2D,76
7041,To.,spanish,IMAX,76
401,Tor.,polish,3D,76
4101,Tradycyjny niebezpieczeństwo.,polish,3D,76
4101,Tradycyjny niebezpieczeństwo.,polish,IMAX,76
4697,Traktować kult.,german,3D,76
7104,Traktować pasek.,english,2D,76
7104,Traktować pasek.,german,3D,76
1483,Traktować.,spanish,IMAX,76
1139,Transport.,english,IMAX,76
5378,Trudno kilka.,polish,2D,76
6837,Trzeba bądź.,german,2D,76
1324,Trzydzieści wilk.,spanish,3D,76
5310,Tutaj dlatego.,spanish,2D,76
8967,Tutaj.,polish,IMAX,76
3831,Twarz charakterystyczny.,polish,IMAX,76
7099,Tworzyć stowarzyszenie.,german,IMAX,76
1872,Tworzyć.,polish,2D,76
7267,Typowy.,german,3D,76
4318,U.,spanish,3D,76
8261,Uczeń.,english,IMAX,76
1558,Uczeń.,polish,3D,76
2934,Uczyć.,english,2D,76
3753,Uderzyć Węgry.,german,2D,76
4929,Układ gołąb.,spanish,3D,76
2312,Układ.,spanish,IMAX,76
5206,Ukraiński.,english,IMAX,76
9744,Uprawiać graniczyć.,english,IMAX,76
7054,Urodzenie.,polish,IMAX,76
4361,Urodzić.,spanish,2D,76
1676,Urzędnik głód.,english,IMAX,76
9283,Usta.,polish,2D,76
8421,Usuwać pszczoła.,english,IMAX,76
8421,Usuwać pszczoła.,english,IMAX,76
1816,Usuwać ślub.,spanish,3D,76
796,Uśmiech.,spanish,2D,76
9635,Utrzymywać.,spanish,IMAX,76
5246,Uważać twarz.,polish,3D,76
1038,W Celu podnosić.,english,IMAX,76
2660,W Celu.,spanish,IMAX,76
8742,W Kształcie.,german,IMAX,76
9287,Wartość.,german,2D,76
4477,Warzywo nastrój.,spanish,IMAX,76
5116,Ważny.,spanish,2D,76
5771,Wątpliwość Belgia.,german,IMAX,76
4129,Wąż pokonać.,english,3D,76
3306,Wcześnie.,polish,3D,76
3202,Według.,german,2D,76
4056,Według.,polish,3D,76
8841,Wejście.,english,3D,76
6788,Wewnętrzny jasny.,english,IMAX,76
4506,Węgiel dzięki.,polish,IMAX,76
6353,Widok Chrystus.,english,2D,76
6835,Wieczorem sprawiać.,spanish,2D,76
8954,Wiek ktoś.,german,3D,76
1173,Wierny Austria.,english,3D,76
2576,Więcej porządek.,polish,IMAX,76
8213,Wiosna seksualny.,spanish,IMAX,76
8989,Wisieć mało.,polish,3D,76
4791,Wizyta.,german,2D,76
4791,Wizyta.,polish,2D,76
5658,Wkrótce.,spanish,3D,76
4678,Władca fala.,english,3D,76
2123,Władca.,german,IMAX,76
1765,Własność.,english,3D,76
7112,Włochy dziecięcy.,german,IMAX,76
8778,Włosy.,polish,IMAX,76
8490,Wnętrze.,spanish,2D,76
4866,Wojenny miejsce.,spanish,3D,76
2384,Wojenny.,spanish,2D,76
2702,Wpaść temat.,spanish,2D,76
2999,Wpaść.,english,3D,76
4787,Wpaść.,spanish,2D,76
8472,Wpaść.,polish,3D,76
920,Wrogi zielony.,polish,IMAX,76
178,Wrogość.,spanish,2D,76
975,Wrócić.,polish,IMAX,76
6873,Wrzesień.,german,3D,76
6926,Wschód nadzieja.,english,3D,76
6441,Wspólnota.,english,2D,76
5660,Wszyscy.,english,2D,76
5581,Wybory.,english,IMAX,76
7809,Wybór.,german,IMAX,76
3924,Wybrać.,polish,2D,76
3924,Wybrać.,german,3D,76
4105,Wydawać piasek.,german,3D,76
1851,Wydawać.,polish,3D,76
6382,Wygląd.,english,3D,76
7066,Wypowiedź tłuszcz.,english,3D,76
754,Wyraz narodowy.,polish,3D,76
6473,Wyrażać.,spanish,2D,76
1958,Wyrób.,spanish,2D,76
1291,Wyspa szybko.,spanish,3D,76
432,Występować.,polish,2D,76
4472,Wywodzić Się amerykański.,spanish,3D,76
3997,Wywołać od.,polish,3D,76
7923,Wywołać.,polish,2D,76
61,Wywołać.,english,IMAX,76
7832,Za.,spanish,IMAX,76
1195,Zabawa.,polish,IMAX,76
4316,Zająć powiedzieć.,german,IMAX,76
6273,Zakład brudny.,spanish,IMAX,76
7731,Zamieszkiwać.,polish,IMAX,76
5620,Zapalenie.,english,3D,76
5517,Zapis.,polish,3D,76
1684,Zaraz król.,german,3D,76
5635,Zarówno.,german,3D,76
1355,Zatoka.,spanish,IMAX,76
5953,Zatrzymać Chrystus.,english,IMAX,76
6619,Zawodnik słodki.,spanish,3D,76
5852,Zawodowy drużyna.,german,2D,76
7819,Zazwyczaj.,polish,2D,76
8604,Zbierać maj.,polish,2D,76
6650,Zbierać.,spanish,2D,76
5357,Zbiór.,german,2D,76
8844,Zbyt.,polish,3D,76
7494,Zdanie.,german,3D,76
4461,Zdobyć.,spanish,IMAX,76
5225,Ze.,spanish,IMAX,76
3302,Zegar mieszkać.,german,IMAX,76
5765,Zegar.,german,IMAX,76
1972,Ziarno państwowy.,german,3D,76
1000,Ziarno.,polish,3D,76
3261,Zima o.,spanish,IMAX,76
8317,Zjeść umiejętność.,english,IMAX,76
7471,Złodziej strefa.,german,3D,76
3584,Złożyć.,german,2D,76
1425,Znaczenie rodzic.,german,3D,76
9276,Znajdować Się.,english,3D,76
7319,Znak pogoda.,spanish,2D,76
5641,Zobaczyć biały.,polish,2D,76
1754,Zrozumieć.,spanish,2D,76
1811,Związany ludzie.,spanish,2D,76
4910,Związany.,polish,3D,76
5471,Zwolennik.,polish,2D,76
6598,Żaba.,spanish,2D,76
9356,Żeński powinien.,english,3D,76
8082,Żeński.,german,2D,76
9104,Życie.,spanish,2D,76
8401,Żyć oglądać.,spanish,IMAX,76
7450,Żywność płeć.,english,3D,76
1549,Żywy.,english,3D,76
283,- właśnie.,german,3D,75
283,- właśnie.,english,IMAX,75
8396,–.,german,3D,75
9619,0 uderzyć.,english,2D,75
7740,2 rzeczywistość.,english,3D,75
5883,20 wielki.,english,IMAX,75
1792,3 nad.,english,3D,75
4278,4.,english,2D,75
3841,40 liczba.,polish,IMAX,75
4271,60 dziać się.,german,3D,75
8682,60.,spanish,3D,75
7406,8 i.,spanish,2D,75
7406,8 i.,spanish,IMAX,75
2361,8.,polish,3D,75
1176,90.,german,IMAX,75
3130,Aby.,polish,IMAX,75
7992,Administracyjny przybyć.,polish,2D,75
1082,Afganistan.,polish,IMAX,75
4454,Akcja.,spanish,IMAX,75
888,Akt ocean.,german,IMAX,75
6044,Aktywny dotyczyć.,polish,2D,75
5437,Ale.,english,IMAX,75
1469,Alkohol.,german,3D,75
730,Anioł.,polish,2D,75
3519,Armia.,english,3D,75
4690,Austria efekt.,polish,2D,75
1435,Azja.,german,2D,75
1893,Badanie uciekać.,spanish,3D,75
1310,Banknot rozmiar.,spanish,IMAX,75
8348,Banknot.,german,2D,75
9318,Bardzo kontrola.,english,IMAX,75
5133,Bardzo przez.,spanish,IMAX,75
2918,Bawić Się ile.,german,3D,75
4304,Bez.,english,3D,75
7141,Biały.,polish,IMAX,75
3155,Bić.,german,IMAX,75
5705,Bieda pragnąć.,spanish,IMAX,75
744,Blady.,polish,IMAX,75
3290,Błąd.,english,3D,75
8322,Bogini.,english,3D,75
2653,Bohater.,german,3D,75
1689,Bóg pojazd.,spanish,2D,75
7953,Brzeg zachodni.,spanish,IMAX,75
7785,Budować.,english,2D,75
9263,Budzić.,spanish,2D,75
9373,Bydło.,spanish,IMAX,75
573,Całkiem roślina.,polish,3D,75
1770,Całość sport.,german,2D,75
7086,Cały obcy.,english,2D,75
8149,Cena wolno.,polish,IMAX,75
171,Cena.,polish,2D,75
2670,Cesarz.,spanish,3D,75
2320,Chcieć.,german,IMAX,75
5336,Chęć jedenaście.,spanish,2D,75
676,Chiński.,spanish,3D,75
3154,Chmura położyć.,polish,3D,75
7700,Chmura.,english,3D,75
7387,Choć organizacja.,spanish,3D,75
4619,Ci.,english,2D,75
1264,Ciało.,german,3D,75
8478,Ciasto przykład.,german,3D,75
4474,Ciąża.,spanish,3D,75
5109,Ciekawy reguła.,spanish,IMAX,75
3839,Ciemność znaczny.,spanish,IMAX,75
4158,Ciemny.,polish,2D,75
6863,Cierpienie.,english,3D,75
6772,Ciężki ofiara.,spanish,IMAX,75
2894,Co plama.,german,2D,75
2489,Coraz.,spanish,2D,75
3996,Część energia.,english,2D,75
1222,Cztery zwrot.,spanish,IMAX,75
1222,Cztery zwrot.,polish,2D,75
9568,Czuć cel.,german,3D,75
7306,Daleki przyjechać.,german,2D,75
9955,Dane.,german,3D,75
3887,Danie wybrzeże.,polish,IMAX,75
3036,Dar.,polish,IMAX,75
5146,Dawny okolica.,german,3D,75
4030,Dawny.,english,IMAX,75
1550,Decyzja lot.,spanish,IMAX,75
8193,Decyzja suchy.,spanish,2D,75
8698,Dlaczego poza.,polish,2D,75
6769,Długi bydło.,spanish,2D,75
354,Dodatek.,english,3D,75
4110,Dolny.,english,IMAX,75
6421,Drzwi.,polish,IMAX,75
4687,Duch pracownik.,polish,2D,75
2094,Duński stworzyć.,polish,2D,75
7557,Dyrektor.,polish,IMAX,75
7557,Dyrektor.,german,3D,75
3059,Dziecięcy liczba.,german,2D,75
9721,Dzielić państwowy.,polish,2D,75
4247,Dzielić.,german,3D,75
4247,Dzielić.,german,2D,75
9264,Dzieło.,english,3D,75
2189,Dzień.,polish,IMAX,75
7536,Dziesięć komórka.,english,2D,75
6440,Dziesięć.,polish,IMAX,75
6440,Dziesięć.,english,3D,75
6802,Dzisiaj brak.,spanish,IMAX,75
1556,Dziś tor.,polish,3D,75
2086,Egipt.,english,2D,75
4436,Farba łatwy.,german,IMAX,75
5740,Figura współczesny.,english,3D,75
8094,Firma informacja.,spanish,3D,75
8094,Firma informacja.,spanish,IMAX,75
8729,Firma starać się.,spanish,2D,75
8811,Fotografia.,english,2D,75
8477,Gdzieś.,english,IMAX,75
3466,Gęsty trwać.,english,2D,75
2042,Głowa cały.,german,3D,75
2712,Głód czterdzieści.,german,2D,75
2251,Głupota.,english,3D,75
404,Godność.,english,2D,75
2995,Godny hasło.,english,3D,75
8926,Gołąb.,english,3D,75
8435,Gość zanim.,german,2D,75
8750,Gotowy w czasie.,spanish,3D,75
1584,Górny.,english,IMAX,75
3203,Grać.,english,3D,75
6958,Grzyb czynnik.,polish,IMAX,75
4266,Hasło.,spanish,IMAX,75
2517,Herb spotkać.,polish,3D,75
1271,Igła.,english,3D,75
7109,Igła.,english,2D,75
3255,Ilość diabeł.,english,3D,75
2266,Imię mama.,english,2D,75
673,Indie kamień.,english,3D,75
9662,Inny.,german,3D,75
8089,Instytucja dach.,english,IMAX,75
3387,Intensywny.,german,IMAX,75
3387,Intensywny.,polish,3D,75
3778,Jajo.,english,3D,75
3241,Jak.,english,2D,75
3335,Jaki ucho.,german,IMAX,75
7575,Jakiś.,polish,3D,75
4704,Jedenaście.,polish,IMAX,75
6696,Jedzenie ogon.,german,IMAX,75
345,Jedzenie.,polish,IMAX,75
4707,Jego.,polish,IMAX,75
3829,Jej.,spanish,3D,75
8856,Jutro.,polish,2D,75
6505,Już czysty.,english,2D,75
2177,Kapelusz musieć.,spanish,2D,75
9649,Kartka towarzystwo.,german,2D,75
3040,Katastrofa.,german,IMAX,75
3040,Katastrofa.,spanish,2D,75
1161,Każdy.,german,3D,75
4811,Kiedyś.,polish,2D,75
8771,Kierowca.,english,2D,75
9250,Kierunek.,english,IMAX,75
5075,Kierunek.,english,IMAX,75
1643,Kieszeń Polska.,spanish,2D,75
6676,Kieszeń.,german,IMAX,75
3102,Kij klasa.,polish,3D,75
3038,Kij religia.,spanish,IMAX,75
5799,Kilka wziąć.,english,2D,75
9531,Kolacja.,spanish,3D,75
2070,Kolej wokół.,polish,3D,75
438,Kolumna.,polish,2D,75
1152,Konstrukcja.,polish,IMAX,75
8617,Kontakt.,spanish,3D,75
6554,Koń.,polish,3D,75
2872,Korona.,english,2D,75
8611,Korzeń.,polish,3D,75
3592,Kosz.,german,IMAX,75
7164,Kościół jak.,polish,2D,75
5050,Kość pomagać.,polish,3D,75
2649,Kot.,german,2D,75
3947,Królewski rosyjski.,german,IMAX,75
9872,Książę plac.,german,IMAX,75
5457,Książka.,german,IMAX,75
8256,Lekcja obiekt.,polish,3D,75
8873,Lewy.,spanish,IMAX,75
9953,Liść.,german,3D,75
5485,Litera.,polish,2D,75
3642,Lot postawa.,english,IMAX,75
4738,Lotniczy.,polish,IMAX,75
2001,Ludność za pomocą.,german,IMAX,75
2768,Ludzie spokój.,polish,2D,75
6122,Łaciński.,english,IMAX,75
9875,Ładny dorosły.,english,IMAX,75
1920,Małpa powiat.,spanish,3D,75
7983,Mecz.,spanish,2D,75
7008,Męski.,polish,2D,75
191,Mi.,english,3D,75
8341,Miasto.,german,IMAX,75
9597,Miecz właściciel.,spanish,3D,75
6774,Mięso.,german,2D,75
2269,Miłość polityk.,english,2D,75
5305,Mistrz leżeć.,polish,IMAX,75
9160,Moc jedzenie.,german,2D,75
9693,Mocno.,german,2D,75
3731,Mocz.,polish,2D,75
4336,Morze Śródziemne.,polish,2D,75
6469,Możliwy przeciwnik.,german,IMAX,75
2405,Móc ruch.,polish,IMAX,75
9720,Muzyk starożytny.,polish,2D,75
9239,My dziki.,german,2D,75
1589,My kapelusz.,spanish,3D,75
9010,Myśl czeski.,polish,IMAX,75
6470,Nadzieja.,spanish,3D,75
416,Nagle.,german,2D,75
972,Nagły.,polish,2D,75
5647,Naj- gałąź.,german,IMAX,75
6634,Należeć sztuczny.,spanish,IMAX,75
4351,Naprawdę bezpośrednio.,polish,2D,75
9904,Naród.,polish,2D,75
6264,Narząd.,german,3D,75
3544,Następny.,german,2D,75
8234,Następować istotny.,english,IMAX,75
9341,Nastrój tradycja.,polish,3D,75
9131,Nasz.,spanish,IMAX,75
9414,Nauczycielka.,german,2D,75
1666,Nazywać przestępstwo.,english,2D,75
4370,Nie Ma postawa.,polish,IMAX,75
399,Nie przestrzeń.,spanish,3D,75
5533,Nie stół.,english,IMAX,75
2365,Niebezpieczeństwo.,german,2D,75
4885,Niebezpieczeństwo.,english,IMAX,75
357,Niech.,german,IMAX,75
2743,Niech.,german,3D,75
5605,Nieść.,polish,3D,75
2556,Niewolnik produkować.,german,IMAX,75
3136,Niewolnik.,polish,IMAX,75
8393,Niewolnik.,english,3D,75
9046,Nocny.,german,2D,75
6879,Obiekt otworzyć.,spanish,2D,75
996,Obiekt wyjść.,english,2D,75
2533,Obiekt.,spanish,2D,75
4093,Obraz przestępstwo.,english,IMAX,75
6203,Obraz przyjść.,german,IMAX,75
7780,Obrót zamek.,english,2D,75
3554,Obywatelka odbywać się.,polish,2D,75
2386,Oddawać.,german,IMAX,75
4269,Odmiana.,polish,3D,75
7158,Odpowiedni zima.,english,3D,75
8807,Odwaga ale.,spanish,2D,75
7719,Odwaga chcieć.,polish,IMAX,75
5891,Odważny.,polish,3D,75
5562,Odzież spotkać.,english,IMAX,75
539,Ojciec.,german,3D,75
9035,Okolica napisać.,polish,3D,75
1748,Określony.,spanish,2D,75
9836,Olej.,german,2D,75
5871,One.,polish,2D,75
2468,Opinia.,english,2D,75
5403,Opowiadać.,german,IMAX,75
4381,Organizacja autobus.,english,2D,75
736,Organizacja.,polish,2D,75
2519,Organizm.,spanish,IMAX,75
2759,Osioł ciąża.,polish,2D,75
4889,Osobisty szlachetny.,polish,2D,75
1733,Osobisty.,polish,2D,75
3622,Otoczenie niewielki.,german,2D,75
3905,Otwarty.,english,2D,75
6296,Owad wreszcie.,spanish,3D,75
5531,Owca.,polish,2D,75
8144,Ozdoba.,english,3D,75
5208,Pacjent.,spanish,3D,75
4262,Paliwo.,spanish,IMAX,75
8316,Pałac.,german,3D,75
9113,Pamiętać.,english,3D,75
9829,Panować charakterystyczny.,german,3D,75
6067,Państwo.,spanish,2D,75
6085,Papier.,german,3D,75
8608,Pasek aby.,german,3D,75
1486,Patrzeć ziemski.,german,IMAX,75
7775,Pełen odmiana.,polish,IMAX,75
3128,Pewny ślub.,english,IMAX,75
3766,Pierwiastek Chemiczny.,english,3D,75
9284,Piękny wesoły.,polish,2D,75
8887,Piękny.,polish,3D,75
8887,Piękny.,english,IMAX,75
8785,Piłka sen.,german,2D,75
4570,Piotr.,spanish,3D,75
4550,Pióro lata.,spanish,3D,75
9646,Pisać.,english,IMAX,75
7070,Plac.,german,3D,75
6136,Plaża.,english,IMAX,75
9643,Płaski.,spanish,2D,75
5814,Płeć.,polish,IMAX,75
5845,Poczta pięć.,german,IMAX,75
5993,Podczas.,polish,2D,75
6315,Podróż.,german,IMAX,75
1281,Podróżować.,german,3D,75
1881,Podstawa właściciel.,english,2D,75
4542,Poeta.,german,2D,75
2171,Pogoda.,english,2D,75
8319,Pokonać.,spanish,3D,75
5930,Pokryć 4.,german,3D,75
2049,Policjant żaden.,spanish,IMAX,75
4751,Policzek mocny.,spanish,3D,75
9713,Policzek płyta.,english,2D,75
6271,Polski waluta.,polish,IMAX,75
6271,Polski waluta.,english,3D,75
5232,Polski.,spanish,3D,75
9153,Połączenie.,english,2D,75
7335,Położenie uczyć.,spanish,3D,75
7938,Położyć.,english,3D,75
3553,Południe.,polish,2D,75
7033,Pomoc kapelusz.,polish,IMAX,75
5996,Poprzez.,polish,IMAX,75
3641,Pora sądzić.,german,IMAX,75
1010,Port.,spanish,IMAX,75
3861,Posiadać surowy.,english,2D,75
668,Posiadać ściana.,english,2D,75
2082,Posiłek pół.,german,3D,75
1409,Postępować.,polish,IMAX,75
1707,Postępować.,spanish,IMAX,75
2006,Postępować.,spanish,2D,75
740,Postępowanie potrawa.,spanish,3D,75
3598,Potrafić urządzenie.,english,3D,75
5188,Potrzebny.,english,2D,75
6163,Poważny.,german,IMAX,75
4981,Poważny.,english,2D,75
2992,Powietrze.,english,IMAX,75
2204,Powodować jasny.,german,2D,75
9882,Powoli dziób.,polish,2D,75
5862,Powoli szereg.,spanish,3D,75
4782,Powolny.,polish,2D,75
8265,Powstanie.,spanish,2D,75
8265,Powstanie.,german,IMAX,75
7150,Powstawać.,english,2D,75
5273,Powszechny.,polish,3D,75
810,Pozbawić nowy.,polish,IMAX,75
9297,Pozwalać.,english,2D,75
3477,Pozycja rzadko.,polish,3D,75
5187,Pożar świecić.,english,2D,75
4903,Pracować bok.,german,3D,75
7189,Pragnąć.,polish,IMAX,75
529,Pragnienie turecki.,english,2D,75
4778,Prawda powierzchnia.,german,3D,75
7558,Prawie tekst.,english,3D,75
9001,Prawny 3.,spanish,2D,75
1539,Prezent alkoholowy.,english,3D,75
4702,Problem dużo.,german,3D,75
604,Problem dzisiejszy.,english,3D,75
8910,Problem klub.,polish,IMAX,75
3978,Profesor.,english,IMAX,75
5245,Proszę złożyć.,polish,IMAX,75
6973,Prowadzić klucz.,english,IMAX,75
6973,Prowadzić klucz.,spanish,2D,75
181,Prowadzić.,english,2D,75
6795,Prowadzić.,german,2D,75
3281,Prywatny.,german,3D,75
2237,Przedstawiać bo.,spanish,2D,75
6791,Przedstawiać.,english,3D,75
5196,Przedstawiać.,spanish,IMAX,75
2437,Przejaw liczyć.,polish,2D,75
8274,Przejaw radio.,english,3D,75
3076,Przejść klimat.,english,IMAX,75
4763,Przerwa ostatni.,english,2D,75
3158,Przeszłość cel.,english,2D,75
1596,Przygotować.,spanish,2D,75
5189,Przygotowywać Słońce.,polish,3D,75
9541,Przyjaciel.,english,IMAX,75
6248,Przyjaźń wróg.,polish,2D,75
5549,Przyjąć.,english,2D,75
5549,Przyjąć.,german,IMAX,75
4050,Przyjęcie radiowy.,spanish,2D,75
3443,Przykład śpiewać.,spanish,IMAX,75
430,Przyrząd.,german,3D,75
14,Publiczny kara.,polish,IMAX,75
6793,Publiczny.,polish,IMAX,75
1813,Punkt odpowiedni.,polish,3D,75
5949,Rada ten.,spanish,2D,75
479,Rasa.,english,IMAX,75
1003,Robotnik alkoholowy.,spanish,IMAX,75
2915,Rodzaj.,german,IMAX,75
8552,Rodzic klimat.,spanish,2D,75
3998,Rodzinny aby.,german,2D,75
6001,Rok dłoń.,german,IMAX,75
6001,Rok dłoń.,spanish,2D,75
9076,Rosja.,english,IMAX,75
4995,Roślina cierpienie.,polish,3D,75
3679,Roślina miłość.,german,3D,75
8397,Rower.,english,3D,75
3603,Rozpocząć motyl.,english,3D,75
4880,Rozwiązanie.,polish,2D,75
6369,Równy.,english,3D,75
6352,Różowy.,german,3D,75
2493,Rząd ze.,polish,3D,75
1906,Rząd.,spanish,IMAX,75
4932,Rzym.,polish,3D,75
6592,Sądowy dobrze.,english,IMAX,75
5147,Scena tańczyć.,polish,2D,75
6350,Scena.,english,2D,75
6953,Seksualny.,english,IMAX,75
1109,Sen późny.,german,2D,75
258,Siedziba.,polish,2D,75
8301,Się.,german,IMAX,75
3864,Siódmy.,spanish,IMAX,75
3187,Składnik.,english,3D,75
3396,Skłonność.,polish,2D,75
3277,Skutek.,spanish,IMAX,75
6386,Słoneczny dużo.,english,IMAX,75
7454,Słoneczny zabawka.,german,2D,75
9012,Słoń ty.,english,2D,75
4567,Słuchać filozofia.,german,2D,75
1953,Smak.,german,3D,75
6965,Smak.,spanish,2D,75
2748,Smutny.,spanish,IMAX,75
1452,Sos widzieć.,spanish,3D,75
6520,Sól ciotka.,english,3D,75
7239,Spadek trzy.,polish,3D,75
9219,Specjalista.,polish,IMAX,75
8063,Społeczeństwo.,spanish,3D,75
4391,Spotkanie.,german,IMAX,75
7800,Spowodować ziemniak.,polish,2D,75
8141,Sprzęt własny.,german,IMAX,75
279,Srebro.,spanish,3D,75
3020,Stan.,spanish,3D,75
3398,Stawać Się.,spanish,IMAX,75
313,Stawiać.,polish,3D,75
9181,Stopień.,polish,2D,75
1681,Stosować we.,spanish,IMAX,75
2381,Stosunek drużyna.,german,2D,75
9325,Stół szereg.,spanish,2D,75
2062,Stół.,english,2D,75
2109,Stracić.,german,2D,75
2852,Student.,english,2D,75
4522,Styczeń samochodowy.,english,3D,75
230,Styl odczuwać.,spanish,2D,75
6021,Sukces działalność.,spanish,IMAX,75
8398,Sukienka wina.,polish,2D,75
6351,Sylaba ogólny.,german,2D,75
4268,Szanowny.,german,3D,75
4021,Szczęście.,german,IMAX,75
9990,Szereg.,polish,IMAX,75
9087,Szklanka pragnienie.,german,2D,75
9087,Szklanka pragnienie.,spanish,2D,75
5410,Szkło.,german,3D,75
2856,Szkoda.,german,IMAX,75
6306,Szkodliwy mózg.,spanish,3D,75
3767,Szlachetny.,spanish,3D,75
5578,Szwajcaria.,german,IMAX,75
8575,Szwecja.,english,2D,75
2798,Szyja usługa.,spanish,2D,75
1595,Śpiewać głównie.,german,3D,75
4139,Średni długi.,spanish,3D,75
4628,Świecić.,german,2D,75
5451,Tamten plama.,spanish,3D,75
1411,Tani.,english,IMAX,75
6043,Technika.,german,IMAX,75
6420,Telewizyjny szkło.,english,IMAX,75
9261,Telewizyjny.,german,IMAX,75
8851,Temperatura daleko.,polish,2D,75
2463,Ten.,german,3D,75
1442,Teoria.,spanish,3D,75
1442,Teoria.,spanish,IMAX,75
1066,Tor.,english,2D,75
1842,Trzeba.,english,2D,75
8069,Trzymać.,polish,3D,75
6142,Twardy.,polish,IMAX,75
9741,Tydzień lęk.,polish,IMAX,75
1299,Tyle atak.,english,3D,75
8224,Typ.,german,2D,75
1098,Typowy wojsko.,polish,IMAX,75
8130,Tytuł duży.,polish,2D,75
7544,Ubogi sztuczny.,polish,IMAX,75
2230,Uciekać książka.,spanish,2D,75
9484,Uczucie srebrny.,spanish,3D,75
6338,Ulegać.,german,IMAX,75
7713,Ulica fakt.,german,2D,75
9776,Umieścić hałas.,polish,IMAX,75
9232,Umieścić obraz.,spanish,2D,75
1153,Umysł centrum.,english,IMAX,75
9573,Umysł.,german,IMAX,75
7667,Unia Europejska kuchnia.,german,3D,75
5778,Unia Europejska walka.,german,3D,75
7032,Unia Europejska.,spanish,IMAX,75
2742,Uprawiać ile.,german,3D,75
337,Urodzić Się zupełnie.,spanish,2D,75
8242,Urodziny.,spanish,IMAX,75
8101,Urządzenie popularny.,german,3D,75
8120,Urządzenie Słońce.,english,IMAX,75
9759,Ustawa USA.,spanish,2D,75
4016,Uzyskać.,polish,IMAX,75
8172,Uzyskać.,german,2D,75
4236,Użytkownik wzrok.,german,2D,75
8058,W Czasie wcześnie.,english,2D,75
1433,W Formie.,english,2D,75
8073,Waga.,german,IMAX,75
6510,Wakacje gospodarka.,spanish,2D,75
8790,Wakacje.,english,3D,75
8790,Wakacje.,spanish,2D,75
1902,Wartość.,german,2D,75
8697,Ważny.,german,IMAX,75
4589,Wątpliwość.,german,3D,75
6475,Wejście.,german,3D,75
5180,Węgry.,german,2D,75
5180,Węgry.,english,3D,75
40,Widok.,polish,IMAX,75
7211,Widzieć pojedynczy.,german,2D,75
161,Wiek nagły.,polish,3D,75
6212,Wielka Brytania sukienka.,german,IMAX,75
4838,Wielka Brytania tytoń.,german,3D,75
4113,Wielki Francja.,english,3D,75
1782,Wielkość.,german,IMAX,75
419,Wieża katolicki.,polish,IMAX,75
5611,Wieża.,spanish,2D,75
9857,Własny.,english,IMAX,75
4462,Wnętrze.,german,3D,75
8866,Wobec rozwiązanie.,english,3D,75
9134,Wobec.,spanish,2D,75
1954,Woda.,english,3D,75
9975,Wolność łączyć.,german,IMAX,75
9017,Wóz mąż.,german,2D,75
6594,Wpływ.,spanish,2D,75
7124,Wpływ.,polish,IMAX,75
464,Wracać każdy.,spanish,IMAX,75
7160,Wrogi.,spanish,2D,75
2669,Wspaniały każdy.,polish,3D,75
3558,Wspólny więcej.,polish,2D,75
6256,Wspólny.,german,2D,75
7302,Wstyd przyszłość.,polish,IMAX,75
8327,Wszystkie w ciągu.,spanish,IMAX,75
8905,Wybitny.,german,IMAX,75
1134,Wybory.,polish,3D,75
5358,Wybrać.,english,3D,75
7796,Wybrzeże.,polish,IMAX,75
5865,Wychodzić.,english,3D,75
4448,Wygląd poprzedni.,german,IMAX,75
1130,Wygląd.,spanish,2D,75
8745,Wyglądać.,english,3D,75
5063,Wykonanie.,polish,IMAX,75
5547,Wykonywać.,german,2D,75
4393,Wynosić.,german,3D,75
9384,Wyrok istnienie.,spanish,3D,75
9200,Wyrób.,polish,3D,75
929,Wysoki zrobić.,polish,2D,75
8940,Wyspa.,spanish,2D,75
7640,Wytwarzać.,spanish,3D,75
8033,Wziąć.,polish,2D,75
2882,Wziąć.,german,2D,75
8108,Z czynnik.,polish,3D,75
5685,Z Krwi I Kości dziewięćdziesiąt.,polish,3D,75
5192,Z Powodu pomagać.,english,3D,75
71,Zabić Hiszpania.,spanish,3D,75
6097,Zachodni dawno.,polish,IMAX,75
9101,Zachowanie.,spanish,3D,75
2618,Zachód tłumaczyć.,english,IMAX,75
8600,Zachód.,polish,IMAX,75
4539,Zaczynać klient.,spanish,IMAX,75
4792,Zadanie.,german,3D,75
6195,Zając połowa.,german,IMAX,75
8971,Zakres pokarm.,english,3D,75
2015,Założyć postawa.,english,2D,75
641,Zamek.,spanish,3D,75
9426,Zamieszkiwać zero.,polish,2D,75
4045,Zamieszkiwać.,english,2D,75
6311,Zamykać.,english,2D,75
5555,Zanim.,spanish,2D,75
8874,Zapach.,english,3D,75
544,Zapomnieć.,polish,2D,75
9824,Zaś.,polish,2D,75
869,Zawierać.,spanish,IMAX,75
8549,Zawodnik człowiek.,spanish,2D,75
3703,Zawodowy lub.,english,2D,75
6828,Zawodowy stanowisko.,spanish,IMAX,75
5115,Zbiór zjeść.,polish,3D,75
3659,Zboże zniszczyć.,german,2D,75
971,Zbudować odpowiedni.,polish,IMAX,75
8289,Zbudować szczęście.,english,IMAX,75
9804,Zdarzenie zaczynać.,german,3D,75
4180,Zdjęcie dziecko.,spanish,IMAX,75
3901,Zero 70.,polish,IMAX,75
2572,Zgodnie.,polish,3D,75
2572,Zgodnie.,german,IMAX,75
9518,Ziemia.,polish,2D,75
9145,Ziemniak.,german,2D,75
3581,Ziemski.,german,IMAX,75
406,Zima pisanie.,english,2D,75
3632,Zima.,english,IMAX,75
3870,Zjawisko.,spanish,3D,75
9348,Znaczyć rozumieć.,english,3D,75
8408,Znosić mama.,english,IMAX,75
856,Zrobić.,polish,2D,75
4294,Zrozumieć wykonywanie.,english,3D,75
8740,Zupełnie.,german,IMAX,75
7594,Związek akcja.,english,3D,75
3412,Związek.,english,IMAX,75
3412,Związek.,polish,IMAX,75
8925,Zwycięstwo.,polish,IMAX,75
7747,Zwykły lecz.,spanish,3D,75
9313,Zwykły.,spanish,3D,75
6337,Zysk.,spanish,2D,75
1907,Źródło.,german,2D,75
8207,Żaden.,german,2D,75
9332,Żaden.,german,3D,75
9332,Żaden.,polish,3D,75
2335,Żelazo.,german,IMAX,75
3017,Żeński.,english,2D,75
3417,Żeński.,spanish,2D,75
5244,Żołnierz.,polish,IMAX,75
3075,Życie pierwiastek.,spanish,2D,75
308,Żyć posługiwać się.,german,2D,75
7027,Żywność gdy.,german,3D,75
7430,–.,polish,IMAX,74
8794,10 wokół.,english,2D,74
828,10 wybierać.,spanish,3D,74
2687,1000 film.,spanish,IMAX,74
6053,1000 zająć.,german,2D,74
1116,6.,english,IMAX,74
6607,7 chłop.,english,3D,74
5815,70 nic.,german,3D,74
7369,8.,spanish,3D,74
2983,8.,english,2D,74
6976,9 bądź.,spanish,3D,74
6881,9 przyczyna.,english,2D,74
2936,Administracyjny.,german,3D,74
5111,Adres.,polish,2D,74
6787,Afryka.,polish,3D,74
9497,Alkoholowy przyjemność.,english,3D,74
9106,Alkoholowy Włochy.,polish,3D,74
3618,Amharski.,spanish,3D,74
2229,Angielski.,english,IMAX,74
3856,Ani produkt.,spanish,2D,74
414,Artysta.,spanish,3D,74
4223,Atmosfera Stany Zjednoczone.,german,IMAX,74
7882,Babka prywatny.,spanish,2D,74
7882,Babka prywatny.,english,3D,74
9825,Bar.,polish,2D,74
3976,Bardzo sądzić.,polish,3D,74
8009,Bawić Się ukraiński.,spanish,IMAX,74
7363,Bezpośrednio.,english,3D,74
8285,Białoruś moneta.,german,2D,74
875,Biały co.,english,3D,74
6150,Blisko dotyczyć.,english,3D,74
6150,Blisko dotyczyć.,english,3D,74
6150,Blisko dotyczyć.,german,IMAX,74
9767,Bóg surowy.,polish,3D,74
2434,Brzeg.,polish,3D,74
2434,Brzeg.,polish,IMAX,74
6117,Budowla sukces.,spanish,IMAX,74
4206,Budowla.,german,2D,74
5582,Budynek.,german,2D,74
2362,Butelka.,german,IMAX,74
7293,Całkowity bić.,english,2D,74
2052,Centralny żołądek.,polish,3D,74
9374,Centrum miłość.,spanish,2D,74
378,Charakterystyczny i.,spanish,IMAX,74
236,Chleb większy.,german,2D,74
7328,Chleb.,spanish,3D,74
5024,Chrystus.,english,2D,74
6299,Ciągle.,german,3D,74
1560,Ciecz rozmiar.,english,IMAX,74
1560,Ciecz rozmiar.,english,3D,74
6882,Ciecz.,polish,2D,74
7331,Cień źle.,spanish,2D,74
6401,Cmentarz włosy.,german,3D,74
1582,Co mięso.,german,3D,74
9229,Cukier.,german,2D,74
142,Czapka kilka.,english,IMAX,74
4320,Czechy archipelag.,german,3D,74
5703,Czterdzieści.,spanish,2D,74
5583,Cztery tańczyć.,english,IMAX,74
3002,Cztery.,polish,IMAX,74
7287,Czyjś nieszczęście.,polish,2D,74
7645,Czyjś wspólnota.,english,2D,74
5861,Czyjś.,german,IMAX,74
9324,Czyn rzeczownik.,german,3D,74
7248,Czynnik średni.,spanish,2D,74
1849,Dach.,german,3D,74
5501,Dach.,spanish,IMAX,74
5053,Dach.,german,IMAX,74
5376,Dać Się itp..,spanish,2D,74
7517,Dalej właściwość.,english,2D,74
5580,Dany.,polish,2D,74
5580,Dany.,spanish,3D,74
1702,Dawać teoria.,german,2D,74
3915,Długi grzech.,polish,2D,74
5812,Dodatek.,polish,IMAX,74
596,Dokument uderzyć.,english,3D,74
559,Dokument.,english,3D,74
5836,Dopiero.,english,3D,74
4847,Dorosły prawy.,english,3D,74
4847,Dorosły prawy.,german,2D,74
8201,Dostać Pan.,spanish,IMAX,74
8614,Drewniany wieś.,german,3D,74
3004,Drewno.,spanish,3D,74
1924,Drogi choroba.,polish,2D,74
8066,Drugi przedsiębiorstwo.,spanish,3D,74
3097,Drużyna lina.,german,IMAX,74
3902,Duch.,english,IMAX,74
8948,Duński złożyć.,german,3D,74
4649,Duński.,spanish,2D,74
2889,Dużo.,german,IMAX,74
7562,Dziać Się towarzystwo.,english,2D,74
5307,Dziać Się.,polish,IMAX,74
1779,Dzielić.,english,IMAX,74
7527,Dzielnica owca.,polish,IMAX,74
8128,Dziesięć grzech.,spanish,2D,74
9431,Dziesięć.,english,IMAX,74
4672,Dzisiaj rosnąć.,german,3D,74
8121,Dziura powiedzieć.,german,3D,74
8121,Dziura powiedzieć.,german,3D,74
1140,Efekt plecy.,polish,3D,74
9862,Europa grzyb.,english,3D,74
6109,Europa republika.,polish,2D,74
9711,Fabryka.,polish,2D,74
9948,Finansowy.,german,2D,74
722,Forma odnosić się.,polish,IMAX,74
1769,Forma.,polish,3D,74
410,Futro.,english,IMAX,74
1335,Gałąź.,polish,3D,74
2195,Gardło.,polish,2D,74
5001,Gazeta.,spanish,IMAX,74
5482,Głęboki smak.,polish,2D,74
6811,Głos męski.,english,3D,74
8264,Głośny.,german,IMAX,74
5321,Go dusza.,polish,2D,74
2634,Godność twardy.,german,3D,74
4709,Gołąb projekt.,english,2D,74
1929,Gorący sto.,german,2D,74
9023,Gotowy.,german,3D,74
6864,Grać.,german,IMAX,74
4673,Grecja dopływ.,english,2D,74
4902,Grecja technika.,english,IMAX,74
5954,Grób okręt.,german,3D,74
9411,Grunt łączyć.,spanish,3D,74
9707,Grzech ci.,polish,3D,74
8636,Herb tworzyć.,german,3D,74
1930,Historyczny.,german,2D,74
6110,Holandia.,polish,2D,74
6803,Impreza więc.,english,2D,74
800,Instrument wtorek.,polish,2D,74
8686,Interes.,polish,2D,74
9511,Istnieć partia.,german,3D,74
8021,Istnienie.,english,2D,74
6629,Iść ojciec.,polish,3D,74
4615,Iść.,german,IMAX,74
7337,Iść.,spanish,3D,74
4452,Jajo częściowo.,english,IMAX,74
30,Jaki popularny.,english,2D,74
30,Jaki popularny.,german,3D,74
3943,Jaki pozostać.,spanish,2D,74
3451,Japonia.,spanish,3D,74
9460,Jednak doprowadzić.,english,IMAX,74
4591,Jedyny sztuka.,spanish,2D,74
8222,Jedzenie zanim.,spanish,IMAX,74
8382,Jeszcze brzuch.,german,IMAX,74
2128,Jeszcze osiemdziesiąt.,german,3D,74
2115,Jeśli.,german,2D,74
5411,Jeśli.,english,2D,74
1237,Jeśli.,spanish,IMAX,74
7619,Jezus duży.,english,IMAX,74
3184,Kaczka.,spanish,2D,74
1001,Kapelusz.,german,3D,74
9706,Kartka.,polish,IMAX,74
7680,Katolicki część.,german,3D,74
7639,Katolicki.,polish,2D,74
8238,Kierować.,english,IMAX,74
3846,Kierować.,english,2D,74
8238,Kierować.,polish,3D,74
3287,Klub odpowiedź.,english,2D,74
1450,Klucz gołąb.,spanish,IMAX,74
7982,Klucz.,german,3D,74
4256,Kobiecy.,spanish,2D,74
5995,Kobieta trzeba.,german,2D,74
1594,Kochać.,english,3D,74
1334,Kolacja.,german,2D,74
4916,Kolej.,spanish,IMAX,74
4671,Komórka Słowacja.,german,3D,74
7490,Korona.,spanish,IMAX,74
7392,Korzystać zwierzę.,polish,IMAX,74
7928,Kot dużo.,english,3D,74
7231,Kot.,polish,3D,74
6100,Król rada.,english,IMAX,74
4802,Krzew.,german,3D,74
286,Kula pełny.,english,2D,74
146,Kultura.,german,3D,74
1710,Kupić.,spanish,IMAX,74
1269,Kupować.,german,3D,74
3689,Kura historia.,spanish,3D,74
1331,Kurs.,polish,3D,74
4879,Lampa.,polish,IMAX,74
6907,Las konstrukcja.,polish,IMAX,74
2014,Lekcja.,spanish,2D,74
155,Letni komputer.,spanish,3D,74
155,Letni komputer.,german,3D,74
8890,Lęk.,english,2D,74
9746,Liczyć charakterystyczny.,polish,IMAX,74
3799,Listopad skóra.,german,IMAX,74
6539,Listopad.,spanish,3D,74
9396,Liść policja.,spanish,2D,74
4859,Los rzeka.,german,IMAX,74
4859,Los rzeka.,german,3D,74
4859,Los rzeka.,spanish,IMAX,74
5429,Lód.,german,IMAX,74
9887,Ludowy osioł.,polish,2D,74
653,Ładny.,german,2D,74
9184,Łagodny.,german,IMAX,74
8007,Maj.,english,3D,74
127,Mały.,german,2D,74
2656,Marka.,spanish,3D,74
2656,Marka.,english,3D,74
1767,Martwy.,spanish,IMAX,74
9270,Matematyka wyścig.,german,3D,74
3751,Mąka.,spanish,IMAX,74
9387,Mąka.,polish,IMAX,74
3913,Mąka.,english,3D,74
5481,Mąka.,english,3D,74
5909,Medycyna osoba.,german,3D,74
179,Metal.,polish,3D,74
2948,Męski typowy.,spanish,3D,74
6797,Mgła.,english,3D,74
6314,Mierzyć.,polish,2D,74
8792,Miesiąc francuski.,english,3D,74
6233,Mieszkanka.,polish,2D,74
7545,Minuskuła śnieg.,english,IMAX,74
7545,Minuskuła śnieg.,polish,3D,74
486,Minuskuła.,polish,IMAX,74
2455,Mnóstwo projekt.,polish,IMAX,74
326,Morze Śródziemne następować.,english,2D,74
9894,Most zainteresowanie.,polish,IMAX,74
1147,Most.,german,IMAX,74
7005,Mowa pan.,spanish,3D,74
1957,Mrówka kolano.,polish,IMAX,74
1642,Mrówka.,german,3D,74
7752,Mur odpowiedni.,english,3D,74
7752,Mur odpowiedni.,polish,2D,74
2884,Mur.,english,3D,74
2884,Mur.,polish,IMAX,74
2513,Mur.,polish,3D,74
8519,Muzyczny zamykać.,german,3D,74
3257,Muzyk pozwalać.,english,3D,74
9691,Muzyka.,polish,3D,74
5972,Mysz uniwersytet.,german,IMAX,74
5251,Myśl.,english,3D,74
7556,Na.,english,IMAX,74
7556,Na.,english,IMAX,74
3518,Nagle przez.,spanish,IMAX,74
7272,Naj- itp..,spanish,IMAX,74
2389,Narodowy dobrze.,german,2D,74
5304,Nasiono kara.,english,2D,74
4598,Naturalny historia.,english,3D,74
4598,Naturalny historia.,german,2D,74
2715,Nauczycielka.,english,2D,74
3876,Naukowy.,polish,2D,74
9331,Nie Ma.,english,3D,74
850,Niebieski.,german,3D,74
647,Niebieski.,spanish,IMAX,74
9579,Niech kobiecy.,spanish,IMAX,74
6334,Niech Warszawa.,english,3D,74
1261,Niemiec.,german,IMAX,74
1468,Niewolnik 90.,spanish,IMAX,74
1292,Niewolnik zachowanie.,polish,2D,74
7282,Nigdy zero.,german,IMAX,74
7391,Niż teren.,spanish,2D,74
7452,Np..,english,3D,74
7452,Np..,spanish,2D,74
9419,Obchodzić temu.,polish,IMAX,74
7826,Obok.,english,IMAX,74
8029,Obszar suma.,english,IMAX,74
6378,Obywatelka siedziba.,english,2D,74
8622,Ochrona.,english,2D,74
5015,Oczekiwać uznawać.,english,IMAX,74
8521,Oczekiwać zamiar.,german,IMAX,74
6946,Oczywiście.,english,3D,74
9024,Odcień ludowy.,german,IMAX,74
4149,Oddać.,polish,3D,74
2425,Oddać.,spanish,2D,74
5135,Oglądać.,english,2D,74
8645,Ogon obiekt.,polish,IMAX,74
1569,Ogólny kanał.,spanish,IMAX,74
9843,Okazja.,spanish,IMAX,74
782,Oko.,english,2D,74
2370,Okrągły.,german,IMAX,74
8471,Olej.,spanish,IMAX,74
6134,Ona następny.,german,IMAX,74
3683,Ona.,german,IMAX,74
3180,Opowiadać założyć.,english,IMAX,74
3109,Opuścić włoski.,english,IMAX,74
1298,Opuścić.,english,3D,74
9069,Organ.,polish,2D,74
698,Osiem.,english,3D,74
8107,Osoba wewnątrz.,polish,3D,74
8953,Otwierać.,polish,3D,74
8982,Otworzyć morze.,spanish,3D,74
5148,Otwór ci.,polish,3D,74
5260,Otwór.,spanish,3D,74
4857,Owca ziarno.,polish,IMAX,74
9949,Ozdoba.,german,3D,74
1719,Oznaczać światło.,polish,2D,74
1719,Oznaczać światło.,english,2D,74
9577,Pająk park.,english,IMAX,74
405,Pająk.,english,3D,74
1998,Palec.,german,2D,74
4222,Pan.,polish,2D,74
3371,Pan.,spanish,3D,74
1094,Papier pozostawać.,spanish,3D,74
5184,Partia.,german,3D,74
7055,Pas handlowy.,polish,2D,74
6119,Pas.,german,3D,74
2800,Pasek.,spanish,IMAX,74
8842,Pełny.,polish,2D,74
6184,Pewny.,polish,3D,74
6184,Pewny.,polish,IMAX,74
5775,Piasek.,spanish,3D,74
3222,Pierwszy.,polish,3D,74
6191,Plaża cierpienie.,german,2D,74
9510,Plaża skutek.,polish,IMAX,74
2518,Płeć.,polish,3D,74
3894,Pochodzenie.,english,3D,74
6399,Podczas miejscowość.,english,IMAX,74
6242,Podłoga jeszcze.,german,IMAX,74
9893,Podróżować dość.,german,3D,74
5348,Pogoda.,polish,IMAX,74
8369,Pojawiać Się ilość.,polish,3D,74
2773,Pojawiać Się.,spanish,2D,74
9103,Pojawić Się sieć.,english,3D,74
2236,Pojawić Się.,spanish,2D,74
488,Pojechać głupiec.,spanish,IMAX,74
7292,Pojechać pomarańczowy.,polish,IMAX,74
1900,Pojechać.,spanish,3D,74
4399,Pojechać.,english,3D,74
1289,Pokój jednocześnie.,english,IMAX,74
1111,Pokój.,polish,IMAX,74
1664,Połączenie budowa.,spanish,3D,74
3712,Połowa wstyd.,polish,IMAX,74
9912,Położenie rower.,polish,3D,74
4324,Południowy płyn.,german,3D,74
4324,Południowy płyn.,english,2D,74
7674,Południowy.,english,2D,74
8528,Pomóc Warszawa.,polish,IMAX,74
695,Pomóc złożony.,english,2D,74
2735,Poprzez.,spanish,2D,74
5287,Poruszać Się.,spanish,IMAX,74
2971,Poruszać Się.,polish,2D,74
3724,Posiadać Ukraina.,english,2D,74
2160,Postać tkanina.,english,2D,74
5698,Powiedzieć.,english,IMAX,74
2018,Powieść kobieta.,polish,3D,74
4245,Powodować.,german,3D,74
6630,Pozbawić.,english,IMAX,74
8023,Pozostać łóżko.,english,2D,74
9978,Pozycja spowodować.,english,3D,74
8185,Pożar.,english,IMAX,74
4292,Północ nóż.,english,3D,74
9630,Praca żydowski.,polish,IMAX,74
2920,Praktyka.,polish,3D,74
8247,Prezydent zdanie.,english,IMAX,74
8509,Produkt ryba.,spanish,3D,74
3374,Promień temperatura.,english,3D,74
1414,Prosty.,polish,IMAX,74
2034,Prostytutka świątynia.,spanish,2D,74
3007,Proszę czyli.,spanish,2D,74
2317,Próba toponim.,english,IMAX,74
8495,Przebywać.,spanish,2D,74
3748,Przecież.,german,3D,74
7237,Przed wartość.,spanish,3D,74
4291,Przed.,spanish,IMAX,74
3282,Przejście dom.,english,2D,74
1490,Przeprowadzać.,spanish,2D,74
6114,Przeszkoda.,english,2D,74
8534,Przeszłość.,spanish,3D,74
259,Przez ozdobny.,english,3D,74
1512,Przybyć proces.,english,IMAX,74
3624,Przyjęcie.,english,IMAX,74
2958,Przyjmować sześćdziesiąt.,english,IMAX,74
2433,Przyszły reguła.,polish,2D,74
4864,Pszczoła.,german,2D,74
6525,Publiczny.,polish,3D,74
288,Punkt kilometr.,english,2D,74
1126,Punkt.,spanish,2D,74
4137,Punkt.,polish,IMAX,74
2619,Pusty.,english,IMAX,74
8753,Rachunek wzór.,english,2D,74
9280,Rano bogactwo.,german,3D,74
5769,Rasa pozwalać.,english,IMAX,74
1508,Rasa.,german,3D,74
757,Razem zapach.,english,2D,74
1146,Relacja.,german,2D,74
2495,Ręka ciotka.,english,IMAX,74
6660,Robota węgiel.,english,2D,74
3224,Rodzic.,polish,2D,74
7771,Rosyjski lecieć.,polish,IMAX,74
5341,Roślina.,spanish,IMAX,74
3623,Róg drzewo.,german,3D,74
6007,Rynek mężczyzna.,english,3D,74
5567,Ryzyko.,polish,3D,74
4547,Rzucać silny.,english,3D,74
945,Rzymski.,spanish,2D,74
945,Rzymski.,spanish,3D,74
6966,Sala.,polish,3D,74
5252,Sądowy.,polish,2D,74
8083,Seks.,polish,IMAX,74
3963,Seksualny.,polish,2D,74
1934,Sen.,spanish,IMAX,74
1422,Się.,spanish,2D,74
7659,Siostra zajmować się.,german,3D,74
8775,Sklep.,spanish,IMAX,74
7206,Składać.,spanish,3D,74
9405,Słaby.,german,IMAX,74
2560,Słoneczny otrzymać.,polish,3D,74
6737,Słońce.,spanish,IMAX,74
4839,Słońce.,polish,IMAX,74
2444,Smak.,german,2D,74
9775,Sobie.,german,IMAX,74
912,Sos.,polish,3D,74
9132,Sowa.,polish,IMAX,74
2388,Sól zabawka.,polish,IMAX,74
9536,Specjalny.,german,IMAX,74
3088,Spodnie góra.,english,IMAX,74
2865,Spodnie telewizyjny.,german,IMAX,74
6012,Spokój rzeczywistość.,polish,2D,74
5018,Sportowy przeciwko.,german,IMAX,74
2221,Spotkać karta.,english,2D,74
2753,Spór.,spanish,3D,74
1415,Sprawa niebezpieczny.,polish,IMAX,74
9193,Sprzęt.,english,IMAX,74
8363,Sprzęt.,german,2D,74
8425,Srebro.,german,2D,74
7122,Ssak czy.,polish,IMAX,74
6234,Stać Się żołnierz.,german,2D,74
1601,Stały ocena.,german,IMAX,74
783,Stanowisko.,polish,2D,74
3348,Staw informacja.,german,3D,74
9447,Staw majątek.,english,2D,74
3429,Staw.,english,2D,74
3776,Stawać Się.,german,2D,74
7651,Strona informacja.,spanish,IMAX,74
4329,Strumień padać.,german,2D,74
3251,Student.,german,IMAX,74
2106,Styczeń robić.,english,2D,74
6358,Styl.,polish,2D,74
6423,Surowy biskup.,spanish,3D,74
9092,Syn specjalista.,spanish,3D,74
9439,System jaki.,english,IMAX,74
9758,Szacunek dziać się.,german,2D,74
5128,Szef przypadek.,polish,2D,74
6522,Sześć muzyk.,polish,2D,74
6868,Sześć.,polish,3D,74
6868,Sześć.,english,2D,74
6123,Szkło słuchać.,polish,3D,74
494,Szwajcaria archipelag.,spanish,3D,74
3752,Szybko ziemia.,spanish,3D,74
5228,Ślad.,polish,IMAX,74
4642,Środa.,english,IMAX,74
7862,Św. członek.,german,3D,74
9408,Świat.,polish,3D,74
5855,Świeca.,english,2D,74
8676,Świeży wśród.,german,3D,74
1055,Święto błoto.,spanish,IMAX,74
1367,Tajemnica możliwy.,english,IMAX,74
5794,Także.,polish,IMAX,74
8244,Tamten koncert.,polish,3D,74
9827,Taniec.,polish,2D,74
4777,Taniec.,spanish,2D,74
3373,Tarcza restauracja.,polish,2D,74
9243,Tarcza telefon.,english,2D,74
2300,Telewizja.,english,IMAX,74
4638,Telewizyjny.,english,2D,74
2695,Teraz znów.,german,2D,74
5171,Teren w formie.,spanish,2D,74
7140,Też.,spanish,2D,74
8852,Tkanina.,english,2D,74
2850,Tłumaczyć coraz.,spanish,IMAX,74
4362,Tor smak.,german,2D,74
2829,Towarzystwo dobro.,polish,IMAX,74
5853,Traktować.,english,3D,74
9963,Trwać wisieć.,german,3D,74
1697,Trwać wyjść.,english,2D,74
2477,Trzeba według.,spanish,3D,74
7482,Trzydziesty brać.,english,2D,74
5790,Tu pozwalać.,spanish,2D,74
1576,Tu.,polish,2D,74
245,Turcja ochrona.,german,IMAX,74
2192,Twarz ubogi.,polish,3D,74
2543,Ty.,spanish,2D,74
6823,Tył złożony.,polish,2D,74
8392,Typ statek.,polish,IMAX,74
3024,U spokój.,polish,IMAX,74
9440,Ubranie niż.,german,3D,74
3569,Uciec cierpieć.,german,IMAX,74
2924,Uczyć.,spanish,3D,74
2739,Uderzenie.,polish,3D,74
7301,Udział.,polish,3D,74
7508,Ulegać.,spanish,IMAX,74
8273,Urodzić gmina.,spanish,3D,74
4860,Urząd częściowo.,spanish,IMAX,74
4596,Urzędnik niedźwiedź.,polish,3D,74
2633,Usługa sygnał.,english,2D,74
2227,Usta udział.,german,2D,74
7946,Użycie krzesło.,spanish,IMAX,74
3283,W.,english,IMAX,74
5520,W. wysłać.,german,IMAX,74
8349,Wada.,polish,2D,74
811,Walka okrągły.,spanish,IMAX,74
9272,Warszawa wybierać.,english,IMAX,74
4814,Wartość.,english,3D,74
4595,Wąski.,spanish,2D,74
1597,Wczesny.,english,IMAX,74
4747,Wejście zakończyć.,german,2D,74
3304,Wewnątrz zakończenie.,german,2D,74
5051,Węgiel.,polish,3D,74
8582,Wiara.,polish,3D,74
6544,Widoczny.,polish,3D,74
4876,Wieczór.,english,3D,74
4876,Wieczór.,polish,IMAX,74
933,Więc handel.,polish,IMAX,74
6633,Więc.,spanish,2D,74
1521,Więc.,english,2D,74
4178,Więcej program.,polish,IMAX,74
5840,Wilk ludzki.,spanish,3D,74
5879,Wioska oczywiście.,polish,3D,74
7968,Własność płacić.,spanish,3D,74
6105,Właściciel według.,english,2D,74
8153,Właściciel.,spanish,3D,74
3757,Włosy.,spanish,IMAX,74
7593,Wokół.,spanish,3D,74
3342,Wódka głupiec.,english,3D,74
3342,Wódka głupiec.,spanish,2D,74
4343,Wrogość wykonywanie.,spanish,IMAX,74
3820,Wróg budować.,english,2D,74
7181,Wróg.,german,3D,74
298,Wspaniały.,german,IMAX,74
7736,Wspólnota podział.,german,3D,74
5922,Współczesny.,english,IMAX,74
1523,Współczesny.,polish,IMAX,74
2895,Wszyscy spadek.,polish,IMAX,74
7628,Wtorek Belgia.,german,IMAX,74
3749,Wy.,polish,3D,74
7275,Wybrać mąż.,english,IMAX,74
3809,Wybrać.,polish,2D,74
4795,Wybrać.,spanish,2D,74
3686,Wybuch.,spanish,IMAX,74
1724,Wydać jeśli.,polish,IMAX,74
8179,Wydarzenie model.,german,2D,74
6413,Wygląd.,german,3D,74
3198,Wygrać.,spanish,IMAX,74
2574,Wykonać.,polish,2D,74
8610,Wynik pewien.,polish,3D,74
6465,Wynosić morski.,spanish,3D,74
7652,Wypadek.,spanish,3D,74
3980,Wysoko.,english,2D,74
4189,Wyspa.,spanish,IMAX,74
6643,Występować osiągnąć.,german,IMAX,74
9925,Wzór postępowanie.,polish,3D,74
2417,Wzrok.,spanish,3D,74
3964,Wzrost.,spanish,3D,74
8476,Z Powodu.,spanish,2D,74
6771,Zabawka wzrok.,german,2D,74
5179,Zabawka.,polish,2D,74
4422,Zabić.,english,IMAX,74
9667,Zachodni.,spanish,IMAX,74
9539,Zachowanie oczywiście.,english,3D,74
6373,Zacząć.,german,IMAX,74
9054,Zaczynać nastrój.,german,IMAX,74
5704,Zainteresowanie.,polish,2D,74
6333,Zakład.,english,3D,74
3700,Zakładać wojsko.,polish,IMAX,74
4529,Zakończyć znaleźć.,spanish,3D,74
7333,Założyć.,english,3D,74
9157,Zamek.,polish,2D,74
5849,Zamykać kolor.,german,3D,74
7361,Zaś należeć.,polish,3D,74
2172,Zatoka moc.,spanish,IMAX,74
5270,Zawierać popularny.,german,2D,74
9013,Ząb doświadczenie.,english,IMAX,74
4323,Zbierać odnosić się.,english,2D,74
3092,Zbierać.,spanish,2D,74
4407,Zbiornik ślub.,spanish,3D,74
4169,Zbyt.,spanish,3D,74
8541,Zdarzenie jeden.,polish,3D,74
3816,Zdobyć.,polish,IMAX,74
9040,Zgodny słuchać.,german,2D,74
5414,Ziarno.,polish,3D,74
6764,Ziemia albo.,german,3D,74
7001,Zimny.,spanish,3D,74
7559,Złoto wystawa.,german,3D,74
4392,Złożony.,polish,IMAX,74
5014,Złożyć klucz.,english,3D,74
775,Zmarły.,english,IMAX,74
7662,Zmieniać czasem.,german,2D,74
7432,Zmieniać.,english,IMAX,74
3993,Zmieniać.,spanish,IMAX,74
4025,Znaczenie.,spanish,IMAX,74
2345,Znaczny.,spanish,IMAX,74
5137,Znak lot.,english,3D,74
5235,Znak.,polish,2D,74
6601,Zupa.,english,IMAX,74
8127,Zupełnie.,english,IMAX,74
8378,Zwłaszcza Morze Śródziemne.,spanish,IMAX,74
5125,Zwycięstwo wieś.,german,IMAX,74
5364,Zwyczaj.,german,3D,74
1159,Zysk.,polish,IMAX,74
1159,Zysk.,german,3D,74
292,Źle zająć.,english,3D,74
9254,Źle.,spanish,3D,74
6876,Żaden.,spanish,2D,74
490,Żart.,polish,2D,74
7081,Żeby.,german,3D,74
6945,Żeński rzeczownik.,german,2D,74
507,Żołądek.,german,2D,74
1653,Życie działać.,spanish,IMAX,74
2700,Żyć.,english,2D,74
7222,Żywność narodowy.,english,IMAX,74
7222,Żywność narodowy.,english,3D,74
4026,—.,polish,3D,73
1286,! jeździć.,polish,3D,73
4772,0.,german,IMAX,73
3560,5 położyć.,spanish,IMAX,73
9057,70.,polish,2D,73
4967,900.,polish,3D,73
239,A.,english,IMAX,73
7327,Afryka.,german,IMAX,73
5439,Akcja.,spanish,2D,73
4005,Akt brzydki.,spanish,IMAX,73
6313,Amerykański.,german,3D,73
9840,Angielski ziemia.,polish,3D,73
3365,Armia.,german,2D,73
5918,Artysta kino.,german,2D,73
4459,Atak.,german,IMAX,73
3928,Austria.,polish,3D,73
3928,Austria.,polish,3D,73
3621,Autobus podróżować.,spanish,2D,73
6694,Babcia czekać.,english,2D,73
6694,Babcia czekać.,spanish,2D,73
8702,Babcia reakcja.,german,IMAX,73
5968,Badać.,english,2D,73
8323,Badanie.,spanish,IMAX,73
3058,Bajka małpa.,english,2D,73
4776,Banknot księżyc.,english,3D,73
7011,Banknot.,german,IMAX,73
5466,Bar.,polish,2D,73
1220,Belgia.,polish,3D,73
6281,Biały szkło.,german,2D,73
4085,Bieg.,spanish,3D,73
154,Biskup punkt.,spanish,IMAX,73
1043,Blisko impreza.,polish,3D,73
5757,Błąd umieścić.,english,3D,73
8913,Bogini.,english,3D,73
9647,Bohater.,english,IMAX,73
9340,Ból listopad.,english,2D,73
5413,Brat.,english,IMAX,73
9402,Brzeg okolica.,english,IMAX,73
9560,Brzydki teren.,english,IMAX,73
5738,Bułgarski reakcja.,german,3D,73
1562,Burza ksiądz.,german,IMAX,73
5859,By łuk.,german,3D,73
3397,Byk by.,english,2D,73
3019,Całkowicie.,spanish,3D,73
5048,Cebula spokojny.,german,3D,73
2765,Cecha przyjemny.,spanish,IMAX,73
5752,Centrum.,spanish,2D,73
6961,Chłopak Rzym.,german,3D,73
9241,Chłopiec krzesło.,english,IMAX,73
3866,Chłopiec.,english,3D,73
6662,Chronić.,spanish,3D,73
8751,Chronić.,spanish,2D,73
1457,Cichy termin.,polish,2D,73
3207,Cienki.,spanish,IMAX,73
72,Ciepło piec.,english,2D,73
7602,Ciepło surowy.,spanish,IMAX,73
3678,Córka.,german,2D,73
7873,Córka.,polish,3D,73
7873,Córka.,german,3D,73
7214,Czerwiec.,english,IMAX,73
6288,Czeski.,spanish,2D,73
6288,Czeski.,german,2D,73
7286,Część teatr.,spanish,3D,73
9970,Człowiek albo.,german,3D,73
1032,Czy.,english,IMAX,73
6370,Czyn mąż.,polish,2D,73
4944,Czyn potrzeba.,spanish,3D,73
6260,Czynić.,english,3D,73
8551,Czynić.,english,2D,73
9559,Czysty zjawisko.,polish,IMAX,73
4062,Czytać zespół.,english,2D,73
8321,Czytać.,english,3D,73
3415,Czytać.,english,2D,73
1063,Dać Się.,german,IMAX,73
9051,Daleki sposób.,spanish,3D,73
5194,Dania rzucać.,german,IMAX,73
310,Dania.,english,2D,73
1165,Dawno pociąg.,polish,IMAX,73
4124,Decyzja kochać.,polish,2D,73
758,Deska.,german,2D,73
3728,Diabeł słuchać.,spanish,2D,73
5982,Dla kartka.,polish,2D,73
1,Dlaczego następować.,spanish,IMAX,73
4130,Dodatek.,german,2D,73
5603,Dokładnie.,spanish,IMAX,73
6896,Dokument 70.,polish,IMAX,73
4544,Dom.,german,2D,73
6171,Dopiero żona.,polish,IMAX,73
4511,Doprowadzić piwo.,english,IMAX,73
3446,Dorosły fala.,german,IMAX,73
7734,Doskonały duży.,german,3D,73
5002,Dotyczyć minuskuła.,english,3D,73
1577,Dotyczyć.,english,2D,73
9355,Dół zespół.,german,3D,73
2476,Drogi obserwować.,polish,3D,73
4246,Drugi.,english,2D,73
1996,Dział ramię.,english,IMAX,73
9905,Dziecko.,english,3D,73
1242,Dzielić dziecięcy.,polish,3D,73
8897,Dzielnica.,german,3D,73
6481,Dziewczyna wyglądać.,spanish,3D,73
6415,Dziewięć !.,spanish,2D,73
9187,Dziewięć.,polish,IMAX,73
56,Dzięki delikatny.,german,3D,73
5860,Dzisiaj.,polish,IMAX,73
7209,Egzamin składać.,spanish,IMAX,73
4386,Egzamin zachowywać się.,german,IMAX,73
6963,Europejski.,german,3D,73
7833,Fałszywy chronić.,german,IMAX,73
5112,Fałszywy dziewczynka.,spanish,IMAX,73
382,Figura osioł.,english,3D,73
1455,Filmowy pojawić się.,spanish,3D,73
1832,Filozofia relacja.,german,2D,73
1668,Forma nadawać.,polish,IMAX,73
2166,Fotografia sprawiać.,english,IMAX,73
879,Futro przyjęcie.,german,3D,73
2170,Futro.,german,IMAX,73
2170,Futro.,english,3D,73
5396,Gdy głos.,polish,2D,73
6846,Gęsty temat.,spanish,3D,73
9582,Głośny pięćdziesiąt.,spanish,2D,73
6240,Głupiec Dania.,english,IMAX,73
8586,Gmina uczyć.,spanish,IMAX,73
8586,Gmina uczyć.,polish,IMAX,73
85,Godność zdrowie.,spanish,2D,73
4204,Godny.,english,2D,73
5577,Godzina godność.,german,3D,73
435,Godzina.,polish,2D,73
7648,Gorący kwiat.,spanish,IMAX,73
9422,Gospodarka bardzo.,polish,2D,73
1674,Granica przestać.,german,2D,73
6291,Graniczyć kiedy.,english,3D,73
9489,Gruby.,english,3D,73
8077,Grupa.,german,2D,73
8077,Grupa.,spanish,3D,73
5723,Grzech.,polish,3D,73
9499,Gwałtowny.,german,2D,73
237,Gwiazdozbiór przeprowadzać.,german,IMAX,73
5735,Hałas.,polish,IMAX,73
7732,Holandia.,english,IMAX,73
8597,Hotel.,polish,2D,73
7799,I.,english,3D,73
391,Idea.,spanish,2D,73
3817,Igła.,english,3D,73
5363,Ilość kończyć.,english,3D,73
8303,Intensywny ślub.,spanish,3D,73
8827,Interes niewielki.,polish,IMAX,73
5178,Internetowy.,polish,3D,73
4092,Istnieć.,spanish,2D,73
525,Istnienie ciało.,polish,IMAX,73
2154,Jadalny rozpocząć.,german,2D,73
3946,Jakość trudny.,polish,2D,73
3578,Jan.,spanish,3D,73
7143,Japonia.,spanish,3D,73
818,Japoński dziedzina.,english,3D,73
66,Jazda.,spanish,IMAX,73
5183,Jednak.,polish,IMAX,73
9639,Jeszcze szary.,german,IMAX,73
1538,Jeśli ciasto.,polish,2D,73
1538,Jeśli ciasto.,german,IMAX,73
4658,Język grób.,spanish,3D,73
4930,Język tajemnica.,english,2D,73
2359,Kanał.,english,3D,73
575,Karta.,german,IMAX,73
9812,Kartka.,polish,IMAX,73
8909,Każdy jeden.,english,IMAX,73
8206,Kąt.,spanish,3D,73
3079,Kiedyś cień.,english,3D,73
7642,Kierowca.,english,IMAX,73
2542,Kieszeń coraz.,spanish,IMAX,73
7547,Kolor głowa.,german,3D,73
2713,Kolorowy.,german,3D,73
7906,Komputer.,polish,3D,73
7906,Komputer.,spanish,3D,73
7857,Koniec.,german,3D,73
2835,Konstrukcja.,german,2D,73
2876,Koń wieża.,english,2D,73
8419,Korzyść chrześcijański.,english,3D,73
2301,Koza potrawa.,german,2D,73
9352,Kraj sprzedaż.,german,2D,73
8803,Krótki krok.,spanish,2D,73
2541,Krótki określony.,polish,3D,73
4823,Księżyc.,german,3D,73
8667,Kształt.,polish,3D,73
5316,Kto.,polish,2D,73
3550,Kuchnia.,polish,3D,73
8267,Kultura napisać.,polish,2D,73
9878,Kwiecień zadanie.,english,3D,73
9430,Lecieć.,german,IMAX,73
582,Leżeć wykonać.,polish,IMAX,73
6621,Liczba bogactwo.,polish,3D,73
1776,Liczny pytanie.,spanish,3D,73
4248,Lina ściana.,polish,IMAX,73
5989,Lipiec kontakt.,english,2D,73
3073,Lipiec kupić.,polish,2D,73
3156,Lis.,english,2D,73
8669,Literacki.,english,IMAX,73
6699,Literatura broń.,german,3D,73
6699,Literatura broń.,spanish,2D,73
3142,Literatura jedzenie.,polish,3D,73
5586,Literatura.,english,3D,73
587,Lud autor.,english,3D,73
115,Ludność.,english,3D,73
8100,Ludzie.,german,3D,73
8100,Ludzie.,english,3D,73
8146,Ludzki zakończenie.,german,IMAX,73
1352,Łaciński.,german,IMAX,73
3213,Łóżko płyta.,english,2D,73
3747,Malować.,english,3D,73
3509,Małpa luty.,polish,IMAX,73
5061,Mama słoń.,german,IMAX,73
2578,Mama.,polish,IMAX,73
876,Mebel późno.,german,IMAX,73
9329,Metal.,polish,2D,73
7334,Męski.,english,IMAX,73
8699,Miecz.,english,2D,73
7101,Miejsce temat.,english,2D,73
2589,Miejski czwartek.,english,3D,73
1123,Miejski komputer.,polish,IMAX,73
234,Miesiąc wesoły.,polish,IMAX,73
516,Mieszkanie wynik.,english,3D,73
862,Model obrona.,polish,3D,73
6066,Moment klucz.,polish,IMAX,73
3289,Moment.,english,3D,73
3289,Moment.,spanish,3D,73
3289,Moment.,polish,IMAX,73
4681,Moment.,german,2D,73
3298,Moneta postępować.,german,3D,73
994,Moneta.,english,3D,73
392,Most miecz.,spanish,IMAX,73
5770,Mowa okolica.,german,3D,73
5595,Mur żywność.,english,3D,73
2897,Mur.,spanish,IMAX,73
7422,Muzeum wszystko.,german,IMAX,73
5683,Muzeum.,polish,2D,73
3612,Muzeum.,german,3D,73
4775,Mysz.,polish,3D,73
6411,Na Zewnątrz.,german,2D,73
6124,Na Zewnątrz.,polish,IMAX,73
7956,Nad pracownik.,german,IMAX,73
928,Należy wschodni.,spanish,3D,73
6818,Narkotyk.,german,3D,73
2467,Narodowość Europa.,german,IMAX,73
3217,Narodowy.,spanish,2D,73
1879,Narząd.,german,3D,73
1403,Narzędzie Hiszpania.,german,IMAX,73
7317,Nasiono pójść.,german,IMAX,73
4576,Nastrój.,polish,IMAX,73
2947,Natura.,spanish,IMAX,73
8458,Natychmiast.,polish,3D,73
2060,Naukowy.,polish,IMAX,73
4655,Niebezpieczeństwo.,english,IMAX,73
5903,Niebezpieczny.,english,2D,73
771,Niedźwiedź.,spanish,3D,73
5674,Niemiec wioska.,polish,2D,73
3571,Niemiecki.,english,3D,73
7064,Niż tylko.,polish,3D,73
5718,No pisarz.,english,2D,73
3930,Noga.,polish,2D,73
1312,Nosić.,spanish,2D,73
6998,Nóż bieg.,polish,2D,73
7835,Np..,polish,IMAX,73
7009,Obiekt dopiero.,spanish,3D,73
4207,Obowiązek.,german,IMAX,73
1696,Obywatelka epoka.,english,2D,73
176,Ocean rodzaj.,german,3D,73
1966,Odbywać Się.,german,2D,73
7052,Oddział.,polish,3D,73
3530,Odkryć.,spanish,IMAX,73
4574,Odmiana skończyć.,german,3D,73
5289,Odwaga pierś.,german,2D,73
6302,Oglądać.,german,3D,73
7935,Ogon pełny.,polish,IMAX,73
5395,Ogon użytkownik.,german,IMAX,73
5768,Ogon wiek.,english,3D,73
9569,Okrągły.,spanish,2D,73
7096,Określenie.,spanish,IMAX,73
9443,Określony.,english,IMAX,73
8764,Okręt gęsty.,polish,3D,73
8037,One głód.,german,3D,73
3297,Opowiadać.,english,3D,73
8275,Oraz.,english,3D,73
5724,Organ wierzyć.,english,2D,73
166,Organizm.,spanish,IMAX,73
5058,Osiemdziesiąt zdjęcie.,spanish,2D,73
5058,Osiemdziesiąt zdjęcie.,polish,2D,73
4856,Otrzymać dziadek.,german,2D,73
3299,Otrzymać ziemniak.,spanish,3D,73
4869,Otwarty ryż.,german,IMAX,73
4869,Otwarty ryż.,polish,IMAX,73
2016,Otwarty.,polish,3D,73
7316,Otworzyć przyjęcie.,english,2D,73
611,Owad nóż.,polish,2D,73
3433,Owad.,polish,2D,73
6583,Oznaczać państwowy.,english,2D,73
6383,Pacjent dane.,german,IMAX,73
244,Pająk.,spanish,2D,73
7865,Pałac dwa.,english,3D,73
6708,Pan.,spanish,IMAX,73
1160,Panna.,german,IMAX,73
1160,Panna.,english,IMAX,73
5706,Papieros nazwisko.,english,IMAX,73
5272,Pewny słoneczny.,english,3D,73
7861,Piec.,polish,2D,73
9011,Pierwiastek Chemiczny.,spanish,IMAX,73
8383,Piosenka tył.,spanish,IMAX,73
8383,Piosenka tył.,polish,3D,73
1500,Piosenka.,english,IMAX,73
6041,Pióro odpowiedź.,german,2D,73
8773,Pióro wąż.,german,IMAX,73
4946,Pisać samiec.,spanish,IMAX,73
1287,Plaża klasa.,spanish,IMAX,73
8949,Plaża.,polish,3D,73
6013,Płacić rola.,polish,IMAX,73
9555,Płacić.,english,IMAX,73
8830,Płyn kolor.,english,3D,73
3043,Płynąć różnica.,german,IMAX,73
347,Pływać metal.,english,IMAX,73
3134,Po Prostu siedziba.,german,IMAX,73
8310,Pod.,german,3D,73
9547,Podać.,polish,2D,73
1812,Podnieść lato.,polish,IMAX,73
602,Podnieść Niemiec.,spanish,3D,73
3738,Podnosić.,polish,IMAX,73
4322,Poeta liczba atomowa.,polish,IMAX,73
453,Pokonać.,german,2D,73
9161,Pokój poznać.,english,IMAX,73
3709,Pokój.,german,2D,73
5366,Polak stary.,german,3D,73
788,Policja szyja.,german,IMAX,73
788,Policja szyja.,german,3D,73
2796,Polityka istota.,english,3D,73
1464,Polski zamek.,german,3D,73
8155,Połączyć bogini.,english,3D,73
6128,Położenie kraj.,polish,IMAX,73
6186,Południowy.,spanish,IMAX,73
1228,Poprzez dzieło.,spanish,IMAX,73
6530,Porządek siła.,polish,3D,73
2196,Posiłek rysunek.,spanish,3D,73
2196,Posiłek rysunek.,polish,IMAX,73
7295,Posługiwać Się.,english,2D,73
1235,Postępować poczta.,polish,3D,73
5090,Potrzebny.,english,3D,73
7669,Potrzebować.,spanish,IMAX,73
5278,Potrzebować.,english,IMAX,73
620,Powiedzieć.,german,2D,73
8286,Powietrze.,spanish,IMAX,73
2521,Powodować.,english,3D,73
6851,Powoli.,german,3D,73
1428,Powstanie 90.,german,3D,73
4166,Półwysep.,spanish,2D,73
8981,Praca strój.,german,3D,73
8981,Praca strój.,german,3D,73
3162,Pracownik pochodzić.,german,3D,73
8412,Prawda.,spanish,2D,73
6038,Prawdziwy powodować.,spanish,2D,73
1600,Problem.,spanish,3D,73
6180,Prosić ciemność.,german,IMAX,73
8603,Przebywać związek.,german,3D,73
4841,Przedstawiać.,spanish,3D,73
878,Przejść siostra.,german,2D,73
8208,Przemysł atak.,german,IMAX,73
3276,Przestrzeń.,german,IMAX,73
7838,Przeszłość dolny.,german,3D,73
7838,Przeszłość dolny.,english,3D,73
5139,Przez mistrz.,german,2D,73
8251,Przygotować wyrok.,polish,2D,73
1826,Przyjąć.,polish,3D,73
6826,Przyjechać ofiara.,german,2D,73
2523,Przyjęcie dziesięć.,spanish,IMAX,73
4010,Przyjść złodziej.,spanish,3D,73
2777,Przynosić samiec.,spanish,3D,73
5604,Przyprawa.,spanish,3D,73
4562,Psychiczny.,polish,2D,73
2657,Pusty Izrael.,german,2D,73
7265,Pytanie.,english,2D,73
752,R. ramię.,german,IMAX,73
2119,Radio piasek.,english,IMAX,73
6625,Radiowy błąd.,spanish,3D,73
2257,Rak ładny.,english,2D,73
2257,Rak ładny.,german,2D,73
3035,Rana.,spanish,3D,73
3150,Region.,german,IMAX,73
5477,Relacja czyli.,english,3D,73
5409,Republika.,polish,3D,73
8299,Robota obcy.,german,IMAX,73
3916,Rodowity wzrost.,spanish,3D,73
2157,Rosnąć.,polish,2D,73
1393,Rozmiar.,english,IMAX,73
1393,Rozmiar.,english,2D,73
9821,Rozumieć prawy.,spanish,2D,73
6392,Różny.,german,2D,73
4928,Rynek.,english,3D,73
4928,Rynek.,spanish,3D,73
6608,Rysunek okno.,spanish,2D,73
6957,Rząd.,german,2D,73
6172,Rządzić grzech.,german,3D,73
273,Rządzić.,polish,IMAX,73
273,Rządzić.,spanish,IMAX,73
1077,Rządzić.,english,2D,73
5374,Sam.,english,IMAX,73
3979,Samochód domowy.,english,3D,73
896,Sądowy lód.,german,2D,73
739,Scena.,german,IMAX,73
6476,Siedziba lis.,english,3D,73
5565,Siedzieć.,spanish,IMAX,73
2234,Sierpień dusza.,spanish,3D,73
503,Skład.,spanish,IMAX,73
202,Skłonność bogaty.,english,3D,73
5266,Skłonność zobaczyć.,german,3D,73
4635,Słodki bliski.,polish,IMAX,73
4635,Słodki bliski.,spanish,2D,73
4556,Słoneczny bohater.,polish,3D,73
2871,Słońce.,polish,2D,73
6059,Smutny.,english,3D,73
6433,Sobota.,polish,3D,73
2360,Spadać gdzieś.,german,IMAX,73
21,Specjalista.,polish,IMAX,73
5417,Specjalny przejść.,english,3D,73
1506,Spokój we.,spanish,2D,73
8743,Spokój zaś.,polish,3D,73
9944,Społeczny religijny.,spanish,IMAX,73
9944,Społeczny religijny.,german,2D,73
2423,Spotkać.,english,2D,73
2083,Sprawa.,spanish,3D,73
8687,Srebro.,english,IMAX,73
8122,Ssak.,english,2D,73
5518,Stacja okolica.,german,IMAX,73
5082,Stać.,spanish,IMAX,73
9049,Stado liczny.,spanish,2D,73
2447,Stan.,spanish,IMAX,73
9557,Starać Się cień.,english,2D,73
2329,Stawać Się szukać.,english,2D,73
7225,Stolica środa.,polish,3D,73
8099,Stopa.,spanish,3D,73
4280,Stosunek.,german,2D,73
5797,Student.,german,2D,73
7278,Studiować śniadanie.,english,IMAX,73
2453,Substancja czasownik.,english,2D,73
8994,Suchy.,spanish,IMAX,73
4662,Sukces.,english,IMAX,73
4662,Sukces.,polish,3D,73
7075,Swój mocny.,german,2D,73
8962,Sygnał.,spanish,IMAX,73
2143,Szanowny godzina.,spanish,3D,73
9835,Szczególnie zewnętrzny.,polish,2D,73
8833,Szczęście.,spanish,3D,73
4663,Szczęśliwy.,german,IMAX,73
7014,Szef.,german,IMAX,73
5170,Szkoła prawda.,spanish,IMAX,73
5170,Szkoła prawda.,german,IMAX,73
9238,Szkoła.,german,3D,73
5693,Szlachetny.,polish,2D,73
9089,Szwajcaria.,english,3D,73
4549,Szyja ogon.,english,IMAX,73
8657,Ściana.,spanish,3D,73
1537,Ślad.,spanish,IMAX,73
1537,Ślad.,polish,IMAX,73
2664,Śmiech gniazdo.,spanish,2D,73
1821,Środowisko litera.,polish,3D,73
1894,Świat.,english,IMAX,73
9308,Świątynia osoba.,english,2D,73
6265,Świeca.,polish,3D,73
606,Tam błąd.,german,IMAX,73
3787,Tańczyć typowy.,german,3D,73
9723,Te.,german,3D,73
9723,Te.,spanish,IMAX,73
7476,Telewizja 7.,spanish,2D,73
8221,Telewizja.,polish,2D,73
3284,Termin.,spanish,IMAX,73
2169,Terytorium wierny.,german,3D,73
1302,Tłumaczyć.,english,2D,73
7437,To.,spanish,3D,73
7437,To.,english,3D,73
3726,Toponim.,spanish,2D,73
2929,Tracić tak.,polish,IMAX,73
8748,Tracić.,german,IMAX,73
2628,Tradycyjny przestępstwo.,spanish,3D,73
2628,Tradycyjny przestępstwo.,german,2D,73
371,Traktować.,german,IMAX,73
8215,Transport.,german,2D,73
6211,Trudny.,english,3D,73
2980,Trwać osoba.,polish,2D,73
2954,Trzydziesty bycie.,german,2D,73
2954,Trzydziesty bycie.,polish,3D,73
9947,Twarz gorący.,english,3D,73
2558,Tył.,polish,2D,73
8020,Tysiąc.,english,2D,73
4514,Tytoń odmiana.,english,3D,73
4514,Tytoń odmiana.,german,2D,73
9956,Ubranie.,spanish,3D,73
9956,Ubranie.,polish,3D,73
1712,Uchodzić.,polish,IMAX,73
9144,Uciec sądowy.,english,3D,73
2593,Uciec.,german,2D,73
5983,Uciec.,spanish,3D,73
913,Uciekać tworzyć.,polish,2D,73
9198,Uciekać.,spanish,2D,73
6593,Uczucie.,spanish,IMAX,73
4300,Układ Okresowy 80.,english,3D,73
2009,Umożliwiać.,spanish,IMAX,73
9590,Unia Europejska piec.,german,2D,73
7768,Urząd.,polish,IMAX,73
7739,Urządzenie trudno.,german,2D,73
7264,Ustawa.,polish,2D,73
7264,Ustawa.,spanish,2D,73
7264,Ustawa.,spanish,3D,73
6954,Utrzymywać.,spanish,IMAX,73
6954,Utrzymywać.,polish,IMAX,73
548,Użycie.,english,2D,73
3945,Użytkownik trzymać.,english,3D,73
2778,W Formie Słońce.,english,IMAX,73
2358,Waga.,german,3D,73
1870,Wakacje pomidor.,german,2D,73
8109,Walka.,polish,2D,73
2631,Waluta wujek.,german,IMAX,73
6328,Warunek mama.,german,IMAX,73
1908,Wchodzić.,german,IMAX,73
29,Wesoły ludowy.,english,IMAX,73
7116,Wiadomość.,spanish,IMAX,73
7449,Widoczny by.,spanish,2D,73
5227,Widok.,german,2D,73
1266,Wieczorem wysyłać.,spanish,2D,73
814,Wieczorem.,spanish,IMAX,73
8789,Wiele biblioteka.,spanish,IMAX,73
5274,Wielka Brytania kult.,spanish,2D,73
551,Wielkość róża.,spanish,2D,73
3912,Wierny procent.,spanish,3D,73
8014,Więzienie użycie.,english,3D,73
6495,Wilk jakby.,polish,3D,73
683,Wina okazja.,english,2D,73
5215,Właściwy scena.,english,3D,73
5682,Włochy.,german,3D,73
4031,Włoski stado.,german,IMAX,73
4699,Wniosek ponad.,german,3D,73
9053,Wojenny 70.,polish,2D,73
9027,Wojenny.,spanish,3D,73
3295,Wojna.,german,IMAX,73
3459,Wojskowy ciecz.,english,IMAX,73
5197,Wreszcie.,english,IMAX,73
8640,Wrogość.,german,IMAX,73
4884,Wrócić właściwy.,german,2D,73
467,Wróg.,spanish,3D,73
6249,Wspaniały włoski.,german,3D,73
7947,Wszystko kontakt.,english,IMAX,73
7947,Wszystko kontakt.,english,3D,73
7922,Wśród.,polish,IMAX,73
7174,Wybierać znaczenie.,spanish,IMAX,73
7174,Wybierać znaczenie.,german,3D,73
7304,Wybitny.,polish,IMAX,73
7304,Wybitny.,spanish,3D,73
4055,Wychodzić leczenie.,german,2D,73
1340,Wydarzenie.,spanish,IMAX,73
746,Wydawać Się nasiono.,english,2D,73
746,Wydawać Się nasiono.,polish,2D,73
8632,Wyjść żaba.,english,2D,73
1652,Wykonać przyczyna.,german,3D,73
8625,Wymagać Jan.,english,IMAX,73
2091,Wyrażenie odmiana.,spanish,2D,73
7154,Wysiłek.,english,IMAX,73
2710,Wzdłuż.,german,IMAX,73
3472,Wzgórze.,spanish,2D,73
1824,Wzór wskazywać.,polish,2D,73
8539,Z Powodu tarcza.,german,IMAX,73
7473,Z sportowy.,spanish,2D,73
5306,Za budynek.,english,IMAX,73
8158,Zabawa.,polish,2D,73
5164,Zachodni.,english,3D,73
4003,Zachodni.,polish,2D,73
4978,Zaczynać.,german,IMAX,73
2412,Zajmować Się.,german,2D,73
5331,Zakładać.,polish,3D,73
4434,Zakończyć transport.,spanish,3D,73
662,Zamknąć.,spanish,IMAX,73
1311,Zamknąć.,spanish,2D,73
5500,Zanim lis.,polish,3D,73
7701,Zanim.,german,3D,73
3514,Zapis.,polish,3D,73
3514,Zapis.,german,3D,73
9976,Zasada sztuczny.,polish,2D,73
980,Zaufanie błąd.,english,IMAX,73
8854,Zdobyć.,spanish,IMAX,73
7342,Zdrowie użycie.,german,IMAX,73
9697,Zewnętrzny zając.,polish,IMAX,73
1448,Ziarno specjalny.,german,3D,73
3960,Zielony różnica.,spanish,2D,73
5868,Ziemski.,english,IMAX,73
128,Zimno ta.,german,IMAX,73
5844,Zjeść.,spanish,3D,73
5801,Złapać gatunek.,polish,2D,73
1814,Złapać przeszkoda.,polish,3D,73
5537,Zmarły.,german,3D,73
671,Zmieniać.,polish,2D,73
3762,Zmienić niebezpieczny.,english,2D,73
8585,Zmienić odcinek.,german,IMAX,73
612,Znaczenie.,polish,3D,73
1540,Znaczenie.,spanish,IMAX,73
7323,Znaczenie.,spanish,IMAX,73
9293,Znaczyć porządek.,spanish,IMAX,73
9293,Znaczyć porządek.,english,2D,73
7384,Znaczyć.,english,2D,73
3892,Znajdować działalność.,english,IMAX,73
3441,Znajdować Się.,spanish,IMAX,73
5720,Znajdować Się.,polish,IMAX,73
5505,Znak trzeci.,german,IMAX,73
5867,Znowu złożony.,german,2D,73
2291,Znowu.,spanish,IMAX,73
2553,Zwierzę.,german,3D,73
5992,Zwykle.,german,2D,73
5992,Zwykle.,english,IMAX,73
2854,Źródło.,polish,2D,73
9641,Żart bo.,english,3D,73
9641,Żart bo.,polish,3D,73
2754,Żart itp..,polish,2D,73
7467,Że prawda.,english,2D,73
8055,Żołądek przyprawa.,polish,IMAX,73
4032,Żołnierz określenie.,german,2D,73
5529,Żołnierz posługiwać się.,polish,IMAX,73
459,Życie szyja.,polish,3D,73
8220,Żyć.,german,IMAX,73
877,(…) brudny.,spanish,2D,72
4630,30.,german,3D,72
4891,30.,polish,3D,72
8886,50 artysta.,polish,2D,72
8886,50 artysta.,english,IMAX,72
8886,50 artysta.,german,2D,72
893,60 pojechać.,spanish,IMAX,72
6519,8.,english,IMAX,72
2863,9.,polish,2D,72
3063,A własność.,spanish,IMAX,72
1860,Akcja.,german,IMAX,72
6688,Alfabet powodować.,polish,IMAX,72
6189,Alfabet.,polish,IMAX,72
3505,Alkoholowy historyczny.,english,IMAX,72
6112,Amerykański.,german,IMAX,72
1943,Angielski.,german,IMAX,72
8969,Archipelag badanie.,polish,IMAX,72
2165,Artysta.,spanish,3D,72
9156,Artystyczny ze.,german,IMAX,72
900,Autor.,english,IMAX,72
900,Autor.,german,2D,72
2380,Azja uwaga.,polish,2D,72
7753,Azjatycki samica.,polish,IMAX,72
6135,Babcia aż.,polish,2D,72
5365,Babcia.,german,IMAX,72
3248,Bać Się.,spanish,2D,72
8110,Bank.,spanish,2D,72
4736,Bar.,german,2D,72
3471,Barwa.,polish,2D,72
5625,Bez.,spanish,IMAX,72
5987,Białoruś powinien.,german,2D,72
2376,Biblioteka mowa.,polish,IMAX,72
5820,Blisko.,spanish,3D,72
9114,Błąd.,german,3D,72
8071,Bogactwo student.,polish,3D,72
7464,Bok.,english,IMAX,72
5510,Brak nastrój.,spanish,3D,72
5510,Brak nastrój.,spanish,3D,72
1408,Brak odważny.,english,2D,72
1346,Brak wspólnota.,spanish,IMAX,72
1346,Brak wspólnota.,german,3D,72
1661,Brzydki wysłać.,german,3D,72
9363,Budować.,spanish,2D,72
1125,Burza pić.,spanish,2D,72
9216,Bydło.,german,3D,72
4138,Całkowicie.,german,IMAX,72
536,Cecha.,spanish,3D,72
6885,Cesarz dziura.,german,IMAX,72
1498,Cesarz gazeta.,german,2D,72
1386,Chęć okno.,spanish,IMAX,72
9416,Chiński na zewnątrz.,spanish,2D,72
3949,Chłopiec ból.,polish,2D,72
1024,Chronić uważać.,polish,IMAX,72
1496,Ci by.,polish,2D,72
1124,Ciąża.,english,IMAX,72
3129,Cierpienie rower.,english,3D,72
4817,Czasem jesień.,german,2D,72
9455,Czasownik.,german,3D,72
2290,Członek kara.,polish,2D,72
3711,Czyli.,spanish,2D,72
2422,Dach.,spanish,3D,72
9817,Dać Się usta.,english,IMAX,72
693,Daleko.,spanish,IMAX,72
7671,Dania.,german,2D,72
5842,Dlatego.,polish,2D,72
4487,Dno.,polish,2D,72
1191,Dokonać.,polish,2D,72
2372,Doskonały czeski.,german,3D,72
6196,Dostęp świecić.,english,IMAX,72
3577,Doświadczenie.,polish,2D,72
81,Drapieżny podnosić.,german,IMAX,72
4173,Droga twarz.,english,IMAX,72
605,Duży.,polish,3D,72
2623,Dwa.,spanish,IMAX,72
3481,Dwadzieścia granica.,polish,3D,72
6231,Dym majątek.,spanish,3D,72
6057,Dym nikt.,english,3D,72
403,Dziedzina przyjechać.,polish,3D,72
4087,Dzieło.,spanish,IMAX,72
6700,Dziesięć.,spanish,3D,72
1853,Dźwięk.,spanish,2D,72
6862,Europa.,german,2D,72
6033,Europejski.,polish,IMAX,72
240,Fakt.,polish,IMAX,72
6406,Figura Niemcy.,german,2D,72
4925,Fotografia węgiel.,german,2D,72
2562,Futro miara.,german,3D,72
1449,Gałąź.,spanish,IMAX,72
2051,Gardło.,spanish,3D,72
711,Gdyby zamknąć.,polish,IMAX,72
2836,Gdyby.,english,2D,72
2836,Gdyby.,spanish,2D,72
4263,Gdzie.,spanish,3D,72
6089,Gleba.,spanish,IMAX,72
5020,Głęboki.,spanish,IMAX,72
9019,Głównie.,spanish,3D,72
47,Głupi ręka.,german,3D,72
3117,Gmina północ.,english,IMAX,72
7999,Gniazdo szkolny.,spanish,2D,72
1749,Go.,polish,IMAX,72
558,Godzina pszczoła.,polish,3D,72
4988,Gorączka lustro.,polish,3D,72
5748,Graniczyć żółty.,german,3D,72
9705,Grecja gdzie.,spanish,2D,72
9705,Grecja gdzie.,spanish,3D,72
948,Grudzień kult.,polish,3D,72
6205,Grunt.,german,2D,72
9271,Gwiazda.,spanish,3D,72
2021,Herb.,polish,IMAX,72
2694,Herb.,polish,2D,72
4479,Herbata zewnętrzny.,german,IMAX,72
4840,Igła niski.,polish,IMAX,72
2117,Ilość.,english,IMAX,72
3422,Ilość.,spanish,IMAX,72
4355,Imię.,polish,2D,72
5545,Impreza więcej.,polish,3D,72
7530,Indie.,english,3D,72
5747,Internetowy.,german,3D,72
5747,Internetowy.,german,IMAX,72
5643,Izrael spaść.,german,3D,72
7155,Jajo ludzki.,german,IMAX,72
275,Jan.,german,3D,72
3070,Jądro.,spanish,IMAX,72
1631,Jechać Słowacja.,german,IMAX,72
9989,Jednostka w ciągu.,english,IMAX,72
327,Jedzenie.,polish,IMAX,72
9207,Jeść bo.,english,IMAX,72
9688,Jutro.,polish,2D,72
6760,Kaczka.,spanish,3D,72
4494,Kapelusz niebo.,polish,3D,72
3818,Kara niewolnik.,english,IMAX,72
2319,Kartka dwudziesty.,english,2D,72
2319,Kartka dwudziesty.,english,IMAX,72
6654,Katastrofa.,german,2D,72
2667,Każdy rozmiar.,german,3D,72
5119,Kij.,spanish,2D,72
7587,Kilka.,english,IMAX,72
2838,Klasztor.,polish,3D,72
6005,Klimat.,polish,3D,72
205,Klucz gardło.,polish,IMAX,72
9129,Kolega.,polish,3D,72
186,Komputerowy.,german,IMAX,72
7178,Kończyć uprawiać.,german,2D,72
2774,Korzyść właściwość.,polish,2D,72
8358,Koszt.,polish,2D,72
9487,Kosztować.,german,IMAX,72
3242,Kościół.,polish,3D,72
7045,Królowa zima.,polish,IMAX,72
443,Krzyż złapać.,german,IMAX,72
2799,Książka czynnik.,spanish,2D,72
8569,Książka.,polish,IMAX,72
3368,Księga szereg.,spanish,IMAX,72
1632,Kuchnia.,german,2D,72
2942,Kult wygląd.,english,IMAX,72
9770,Kultura.,german,IMAX,72
4634,Kurs.,german,IMAX,72
9177,Kwestia przedstawienie.,english,IMAX,72
6577,Kwiecień.,spanish,2D,72
7759,Lampa wykonywanie.,english,2D,72
4125,Latać uzyskać.,german,2D,72
2724,Lecieć płeć.,english,2D,72
1081,Lekarz otaczać.,spanish,3D,72
7010,Linia nieszczęście.,polish,2D,72
7010,Linia nieszczęście.,english,3D,72
9761,Lis.,polish,3D,72
1565,List nauczyciel.,spanish,IMAX,72
9605,Litwa.,spanish,3D,72
6753,Lotnisko.,spanish,IMAX,72
8131,Ludzie ciąża.,german,3D,72
823,Łuk nieszczęście.,spanish,2D,72
3529,Masa.,german,3D,72
5715,Materiał długość.,spanish,2D,72
8933,Matka waluta.,english,3D,72
7502,Mąż.,english,3D,72
6915,Mebel.,german,IMAX,72
5846,Medycyna.,polish,2D,72
5846,Medycyna.,english,3D,72
7399,Metoda domowy.,spanish,IMAX,72
3775,Metr szczyt.,polish,3D,72
5686,Mgła.,spanish,3D,72
5022,Miara.,spanish,IMAX,72
4710,Mieć Na Imię żydowski.,spanish,IMAX,72
5334,Mieć.,polish,2D,72
4875,Mierzyć jeszcze.,german,3D,72
8752,Miłość wczoraj.,spanish,3D,72
8630,Miły telefon.,polish,2D,72
3400,Miły.,spanish,IMAX,72
4735,Miód para.,spanish,IMAX,72
1795,Mistrz USA.,english,2D,72
3498,Moc.,spanish,3D,72
6807,Moneta.,polish,IMAX,72
1401,Morski.,english,IMAX,72
2371,Morze Śródziemne.,german,IMAX,72
8294,Mowa.,german,2D,72
7760,Może.,polish,3D,72
2945,Móc.,polish,IMAX,72
2945,Móc.,german,IMAX,72
2945,Móc.,german,3D,72
9937,Mózg ukraiński.,english,2D,72
5601,Musieć jedzenie.,english,3D,72
9065,Muzyk ocena.,german,IMAX,72
9065,Muzyk ocena.,german,2D,72
2721,Muzyk.,spanish,3D,72
91,Muzyk.,english,IMAX,72
5606,Muzyk.,polish,IMAX,72
4455,Muzyka wolność.,spanish,2D,72
6628,Nadmierny urodzić.,english,3D,72
316,Naj-.,spanish,3D,72
7910,Napisać most.,german,3D,72
7715,Naprawdę.,german,3D,72
6748,Narodowość.,german,IMAX,72
5725,Nastrój.,spanish,2D,72
1545,Nic zegar.,german,3D,72
6485,Nie.,spanish,3D,72
8605,Niechęć biskup.,polish,2D,72
8605,Niechęć biskup.,english,IMAX,72
5314,Nieprzyjemny.,english,IMAX,72
7598,Nigdy właściciel.,spanish,3D,72
1118,Nigdy.,spanish,2D,72
8504,Nikt skład.,german,IMAX,72
8571,Noc spotkanie.,english,3D,72
1979,Norma.,spanish,2D,72
3330,Nos sąsiad.,english,IMAX,72
2816,Nos.,german,3D,72
6243,Numer.,english,3D,72
7252,Obchodzić.,polish,IMAX,72
1204,Obcy szary.,polish,3D,72
8587,Obejmować sto.,polish,3D,72
6644,Obiad poważny.,english,IMAX,72
5513,Obok.,spanish,3D,72
1461,Obserwować metalowy.,english,IMAX,72
8516,Oczekiwać.,english,2D,72
9806,Oddać ciotka.,polish,2D,72
3631,Odkryć.,english,2D,72
2718,Odnosić Się.,english,2D,72
7523,Odwaga opinia.,english,IMAX,72
2125,Ofiara tłum.,polish,IMAX,72
1626,Oglądać.,polish,3D,72
3111,Ogólny.,english,3D,72
9808,Ogromny sen.,spanish,3D,72
5677,Okno.,german,2D,72
556,Okolica.,spanish,3D,72
2077,Określony wschód.,polish,2D,72
4590,Określony wspaniały.,german,2D,72
8746,On kobiecy.,polish,IMAX,72
7013,Opinia.,german,2D,72
2627,Organizacja.,german,3D,72
923,Osiemdziesiąt.,english,IMAX,72
1110,Osoba po prostu.,german,3D,72
5587,Otoczenie.,german,IMAX,72
7658,Owoc.,german,2D,72
4734,Ozdobny.,german,3D,72
8758,Pająk skała.,english,3D,72
7177,Pająk.,polish,3D,72
502,Paliwo.,polish,3D,72
162,Pałac my.,english,3D,72
9321,Pan teoria.,english,3D,72
3078,Park domowy.,polish,3D,72
6847,Parlament ciekawy.,polish,IMAX,72
485,Pełny.,spanish,3D,72
159,Pięćdziesiąt niż.,polish,IMAX,72
6099,Piętnaście wino.,german,2D,72
5921,Piłka.,spanish,3D,72
9095,Piotr.,english,IMAX,72
1591,Plecy.,polish,3D,72
6431,Płakać komputer.,english,2D,72
5676,Płyn.,english,2D,72
2254,Początek sześć.,polish,2D,72
2928,Podczas łyżka.,spanish,3D,72
5736,Podstawowy zamiar.,german,IMAX,72
1603,Poeta.,german,IMAX,72
4385,Pogoda wpaść.,polish,3D,72
5349,Pojawiać Się początek.,german,2D,72
8875,Pojęcie trawa.,spanish,3D,72
7120,Pokarm.,spanish,2D,72
4471,Pokazywać nos.,english,2D,72
9918,Polak zdobyć.,german,2D,72
1694,Pole śmiech.,spanish,3D,72
7798,Polegać.,german,3D,72
2682,Policja.,spanish,2D,72
2682,Policja.,english,IMAX,72
4926,Pomarańcza nic.,polish,2D,72
4639,Pomarańczowy.,spanish,2D,72
9172,Pomidor zaufanie.,german,2D,72
2193,Pomieszczenie kto.,polish,3D,72
1936,Poprzedni.,spanish,2D,72
9357,Poprzez nadawać.,english,2D,72
5999,Pora.,english,3D,72
9474,Potem pozostać.,spanish,2D,72
8847,Powiat ciepło.,polish,IMAX,72
9952,Powodować.,english,3D,72
1720,Powolny.,spanish,3D,72
1720,Powolny.,spanish,3D,72
2528,Powstać przyjaźń.,polish,IMAX,72
2528,Powstać przyjaźń.,polish,2D,72
5163,Pozostawać.,spanish,3D,72
8442,Pozostawać.,polish,IMAX,72
253,Pozycja.,spanish,2D,72
1254,Pół.,polish,2D,72
1254,Pół.,polish,IMAX,72
6204,Półwysep.,english,3D,72
1085,Późno.,german,IMAX,72
6573,Pragnąć Afganistan.,english,IMAX,72
192,Prawy.,spanish,IMAX,72
5257,Prezent.,english,IMAX,72
3970,Prezent.,german,3D,72
6494,Produkt.,english,IMAX,72
7176,Profesor.,spanish,3D,72
8558,Promień smutny.,polish,2D,72
8501,Prostytutka zakład.,german,3D,72
4090,Prostytutka.,polish,3D,72
8399,Prowadzić przyszłość.,english,3D,72
7294,Próba.,polish,2D,72
8848,Prywatny powierzchnia.,german,2D,72
848,Przebywać.,german,3D,72
1775,Przeciwnik.,polish,IMAX,72
4373,Przedsiębiorstwo postać.,english,3D,72
5934,Przedstawiać.,german,3D,72
2749,Przemysł pytać.,german,2D,72
2311,Przeprowadzać podawać.,german,IMAX,72
924,Przeprowadzać.,english,2D,72
6589,Przestrzeń.,english,2D,72
1048,Przeznaczyć.,german,3D,72
8512,Przychodzić wieczorem.,polish,2D,72
5368,Przygotowywać.,german,3D,72
9853,Przyjaźń też.,spanish,IMAX,72
3132,Przyjąć pałac.,german,2D,72
3132,Przyjąć pałac.,polish,IMAX,72
6709,Przyjęcie.,polish,3D,72
1418,Przyjmować.,spanish,3D,72
5590,Przyjść wracać.,english,IMAX,72
9852,Przyszłość.,english,IMAX,72
2926,Przyszłość.,spanish,IMAX,72
9465,Punkt twardy.,polish,3D,72
2450,Pytać itp..,english,2D,72
7844,Pytać.,polish,IMAX,72
592,R..,polish,2D,72
1714,Radio szanowny.,english,3D,72
3897,Radiowy.,polish,3D,72
8487,Reguła.,polish,3D,72
9973,Rejon dać się.,polish,IMAX,72
7029,Robić.,german,2D,72
2622,Robić.,german,3D,72
1417,Rodzic przyjemność.,english,3D,72
9564,Rosyjski.,spanish,2D,72
7103,Roślina.,spanish,IMAX,72
5176,Rozmawiać.,spanish,2D,72
105,Rozumieć król.,english,IMAX,72
9971,Rozwiązanie lew.,spanish,3D,72
9150,Rozwiązanie.,polish,2D,72
381,Również osiemdziesiąt.,english,2D,72
7583,Równy czerwiec.,english,3D,72
4228,Różnica zapomnieć.,polish,3D,72
4985,Rumunia rosyjski.,german,IMAX,72
9583,Rzecz zdolność.,german,3D,72
225,Rzym.,german,2D,72
4088,Rzymski komputerowy.,english,3D,72
9223,Sala grać.,spanish,IMAX,72
8505,Samiec.,german,2D,72
7468,Samochód.,english,2D,72
8903,Sąd teraz.,german,2D,72
989,Sąsiad armia.,polish,IMAX,72
246,Seksualny.,spanish,2D,72
1017,Sieć.,german,2D,72
3411,Siedzieć.,english,3D,72
3765,Silny.,polish,3D,72
3765,Silny.,spanish,IMAX,72
7068,Siostra.,polish,2D,72
675,Skała radio.,polish,3D,72
9861,Sklep.,polish,IMAX,72
1379,Skłonność.,english,2D,72
3611,Słodki piłka.,spanish,IMAX,72
2614,Słońce ona.,german,2D,72
6610,Słowacja Polska.,spanish,3D,72
4420,Sobie natura.,polish,IMAX,72
5835,Sobota.,english,3D,72
4176,Sok ciepło.,spanish,IMAX,72
8919,Sól.,german,IMAX,72
9365,Spadać.,polish,2D,72
2818,Spaść Ziemia.,spanish,IMAX,72
9807,Spaść.,english,2D,72
9279,Spaść.,german,IMAX,72
1593,Sport zakładać.,spanish,IMAX,72
3320,Spotkać patrzeć.,english,3D,72
132,Spowodować.,spanish,2D,72
4069,Ssak.,polish,IMAX,72
6179,Stanowić służyć.,english,2D,72
6960,Starać Się.,polish,IMAX,72
2142,Stolica trzymać.,spanish,3D,72
7754,Stopa równy.,english,2D,72
9596,Strach tamten.,german,IMAX,72
4599,Strata znaczyć.,german,IMAX,72
9977,Student my.,polish,IMAX,72
9362,Swój.,spanish,IMAX,72
5783,System.,english,IMAX,72
7240,Sytuacja na przykład.,polish,IMAX,72
8182,Szczególnie koło.,polish,3D,72
2039,Szczególny.,polish,2D,72
4761,Szkoda krzew.,polish,3D,72
5267,Szósty towarzystwo.,spanish,IMAX,72
1617,Ślad 5.,spanish,2D,72
5155,Śmiać Się dodatek.,english,2D,72
2913,Śniadanie kontynent.,german,3D,72
990,Środa rejon.,german,IMAX,72
5132,Środkowy.,english,IMAX,72
5191,Świadczyć.,english,3D,72
352,Świadczyć.,german,IMAX,72
2911,Świat temu.,spanish,3D,72
2722,Światło.,polish,IMAX,72
825,Świecić dla.,english,2D,72
8936,Świnia ludność.,english,2D,72
8439,Tajemnica.,german,IMAX,72
745,Telewizyjny.,spanish,IMAX,72
9176,Temat.,polish,IMAX,72
9176,Temat.,spanish,2D,72
2549,Terytorium.,spanish,2D,72
3326,Tkanina.,spanish,2D,72
3975,Tłum minuta.,english,3D,72
9289,Tłum.,spanish,IMAX,72
2736,Trwać więcej.,spanish,3D,72
4484,Trzydziesty.,english,3D,72
4578,Tu mapa.,polish,3D,72
4398,Twarz nadmierny.,english,3D,72
3986,Tworzyć zegar.,spanish,IMAX,72
8430,Ty sześć.,english,2D,72
8387,Tyle pomieszczenie.,polish,2D,72
207,Tytuł 2.,spanish,IMAX,72
9517,Ubogi grać.,english,2D,72
1169,Ubranie.,polish,3D,72
4760,Uczucie czyn.,polish,2D,72
7730,Udział rejon.,spanish,IMAX,72
7440,Ulegać instrument.,german,3D,72
4321,Ulegać.,english,3D,72
3385,Uprawiać cecha.,polish,IMAX,72
5104,Urodziny papież.,german,2D,72
9936,Urodziny.,german,3D,72
5997,Urząd.,polish,IMAX,72
5445,Ustawa.,spanish,3D,72
8113,Uważać Boże Narodzenie.,spanish,3D,72
393,Wada (…).,english,2D,72
4175,Waga tytuł.,german,IMAX,72
8767,Walczyć.,spanish,2D,72
625,Walczyć.,english,2D,72
1873,Warstwa.,polish,2D,72
5166,Warszawa.,english,2D,72
1933,Wąż pogoda.,german,IMAX,72
5762,Wąż wyglądać.,english,IMAX,72
5574,Wciąż.,english,3D,72
7137,Wczesny.,polish,3D,72
1667,Wielka Brytania zwolennik.,spanish,3D,72
6557,Wierny.,english,IMAX,72
3595,Więcej żaba.,german,3D,72
5746,Więzienie instytucja.,german,2D,72
967,Wilk.,spanish,2D,72
4983,Wina.,german,IMAX,72
3830,Wisieć.,spanish,3D,72
8590,Włochy.,english,3D,72
5957,Włos pies.,polish,2D,72
5957,Włos pies.,english,IMAX,72
7111,Wojna.,german,3D,72
6024,Wola czy.,english,2D,72
3118,Wolny dziś.,english,3D,72
7048,Wolny podział.,polish,IMAX,72
9139,Wrażenie możliwy.,polish,2D,72
4935,Wspomnienie.,spanish,2D,72
7729,Współczesny to.,english,IMAX,72
6228,Wstyd ludzki.,spanish,3D,72
6680,Wszystkie.,german,IMAX,72
5946,Wszystko.,german,IMAX,72
838,Wtedy państwowy.,polish,2D,72
838,Wtedy państwowy.,polish,IMAX,72
7035,Wtedy.,english,2D,72
5299,Wujek.,german,IMAX,72
3455,Wydawać.,polish,3D,72
1896,Wygląd mój.,german,2D,72
2073,Wyjść światło.,english,2D,72
7234,Wykonywanie zewnętrzny.,spanish,3D,72
2276,Wymagać dusza.,german,3D,72
7793,Wynosić.,spanish,IMAX,72
7793,Wynosić.,english,2D,72
9669,Wypowiedź.,german,3D,72
8858,Wysyłać.,english,3D,72
1869,Wywodzić Się.,spanish,IMAX,72
1798,Wzdłuż kaczka.,polish,IMAX,72
8255,Wzdłuż.,polish,2D,72
966,Wzdłuż.,spanish,2D,72
5117,Z Powodu bogaty.,spanish,2D,72
2767,Zabawa.,german,IMAX,72
2767,Zabawa.,english,2D,72
5096,Zachodni komputerowy.,english,IMAX,72
8616,Zachodni.,spanish,3D,72
8526,Zachowywać Się impreza.,english,3D,72
4218,Zaczynać.,english,2D,72
8924,Zadanie panować.,german,2D,72
8565,Zajęcie.,german,IMAX,72
5877,Założyć.,polish,IMAX,72
9441,Zamek lato.,english,3D,72
3520,Zapomnieć kochać.,spanish,2D,72
6343,Zawód pomoc.,polish,2D,72
149,Zawsze.,english,2D,72
442,Zdarzenie grób.,german,3D,72
7810,Zdarzenie.,polish,IMAX,72
1737,Zdobyć różnica.,english,IMAX,72
469,Zdrowie.,spanish,IMAX,72
3303,Zdrowy wciąż.,spanish,3D,72
9794,Zero pracować.,english,2D,72
1351,Zewnętrzny.,german,IMAX,72
3332,Ziemia bar.,polish,2D,72
7597,Ziemia.,spanish,2D,72
9727,Ziemniak.,spanish,2D,72
2080,Złożyć rozpocząć.,spanish,2D,72
2080,Złożyć rozpocząć.,english,2D,72
5339,Znaczyć.,english,2D,72
4950,Znaleźć.,spanish,IMAX,72
8694,Zrobić latać.,polish,3D,72
7179,Zupełnie.,polish,IMAX,72
7461,Związać.,english,3D,72
7497,Zwyczaj.,german,IMAX,72
7088,Zwykły.,german,IMAX,72
6078,Źle.,polish,IMAX,72
5828,Że.,polish,2D,72
8876,Żeby.,spanish,3D,72
2197,Żeński rozpocząć.,english,IMAX,72
5383,Żołnierz.,english,IMAX,72
51,Żona suma.,english,IMAX,72
4395,Żółty.,polish,2D,72
2305,(…).,english,2D,71
2478,30 lista.,polish,3D,71
7087,50.,spanish,3D,71
7087,50.,english,2D,71
4801,9 dyrektor.,spanish,3D,71
5552,90.,polish,3D,71
6546,Afryka.,english,3D,71
6546,Afryka.,spanish,2D,71
7344,Alfabet.,polish,3D,71
7808,Alkohol czerwony.,english,2D,71
3704,Alkoholowy szybki.,english,IMAX,71
3691,Analiza.,spanish,2D,71
8483,Angielski lampa.,english,2D,71
9737,Anglia.,spanish,3D,71
8995,Artykuł.,german,IMAX,71
4415,Artystyczny.,english,IMAX,71
8666,Atak ciasto.,german,2D,71
2760,Australia.,english,2D,71
9399,Azja czekolada.,polish,IMAX,71
1517,Banknot niż.,german,3D,71
1443,Bar linia.,spanish,3D,71
1259,Barwa barwa.,german,IMAX,71
5459,Barwa.,spanish,2D,71
461,Bezpieczeństwo.,english,2D,71
3305,Białoruś.,german,3D,71
2878,Błoto przyprawa.,german,IMAX,71
7139,Bohater.,spanish,2D,71
5532,Bułgarski odpowiadać.,english,IMAX,71
7127,Bydło ziemia.,polish,2D,71
5038,Całkowity tydzień.,polish,IMAX,71
1831,Cecha.,polish,2D,71
1831,Cecha.,english,2D,71
7688,Centrum.,german,2D,71
1396,Cesarz kolacja.,german,2D,71
9158,Charakter.,english,3D,71
6725,Charakterystyczny dlatego.,english,3D,71
9282,Chiński termin.,polish,2D,71
421,Choć 1.,english,2D,71
421,Choć 1.,spanish,3D,71
421,Choć 1.,polish,2D,71
7829,Chrześcijański.,german,3D,71
3131,Chyba posiadać.,polish,2D,71
5669,Cienki.,german,IMAX,71
3183,Ciepły.,german,3D,71
8492,Ciotka.,english,3D,71
5432,Często gość.,spanish,IMAX,71
8649,Częściowo.,german,2D,71
935,Część szósty.,spanish,3D,71
6398,Czy stały.,german,3D,71
3114,Czy.,german,3D,71
3114,Czy.,german,IMAX,71
5984,Czyn miód.,english,IMAX,71
7786,Czynnik handlowy.,english,IMAX,71
2056,Czynnik.,english,IMAX,71
8739,Czynność.,polish,2D,71
6933,Czysty.,english,IMAX,71
6933,Czysty.,spanish,IMAX,71
8345,Dobrze znów.,spanish,3D,71
9303,Dodać.,spanish,3D,71
5031,Dodatek.,german,2D,71
8184,Dopływ rada.,polish,3D,71
6241,Doświadczenie.,english,3D,71
1086,Duży w.,polish,3D,71
1880,Dziadek teoria.,spanish,3D,71
1880,Dziadek teoria.,polish,2D,71
74,Dział narodowość.,polish,3D,71
74,Dział narodowość.,english,IMAX,71
3095,Działanie ruch.,spanish,2D,71
1947,Dzielić na przykład.,german,3D,71
4036,Dziesięć Stany Zjednoczone.,german,3D,71
8965,Dzięki.,spanish,IMAX,71
6894,Dzięki.,german,IMAX,71
6894,Dzięki.,spanish,2D,71
7480,Dzisiejszy opieka.,english,IMAX,71
5325,Egipt powiedzieć.,polish,2D,71
5456,Element.,german,IMAX,71
3089,Epoka pustynia.,polish,3D,71
5220,Fałszywy również.,english,2D,71
4061,Farba posługiwać się.,german,IMAX,71
8594,Filmowy.,german,2D,71
2439,Flaga dawać.,english,3D,71
3869,Forma.,english,IMAX,71
355,Gatunek epoka.,german,2D,71
6477,Gazeta.,german,2D,71
6402,Gdzieś.,english,IMAX,71
524,Gęsty.,spanish,IMAX,71
6604,Gęsty.,polish,2D,71
1673,Gęś.,spanish,IMAX,71
8269,Głupiec.,polish,3D,71
7268,Go Ameryka.,spanish,2D,71
1192,Gość.,spanish,3D,71
1216,Góra kierowca.,german,IMAX,71
5277,Granica.,polish,3D,71
1794,Grecja pies.,german,IMAX,71
6198,Grudzień.,polish,3D,71
6682,Gwiazda międzynarodowy.,german,IMAX,71
7419,Gwiazda.,english,IMAX,71
2985,Hałas żydowski.,german,2D,71
2985,Hałas żydowski.,german,2D,71
1447,Herb.,english,3D,71
6808,Hotel.,english,2D,71
147,Ile głównie.,german,3D,71
9941,Inaczej dawno.,english,3D,71
9684,Instytucja.,polish,2D,71
5129,Istotny zgodny.,german,IMAX,71
8765,Istotny złożyć.,english,IMAX,71
637,Jako.,german,3D,71
7254,Jan cierpienie.,spanish,IMAX,71
9908,Jądro psychiczny.,spanish,2D,71
8115,Jądro.,german,3D,71
8115,Jądro.,english,3D,71
474,Jedynie tor.,english,2D,71
4341,Jej metal.,spanish,2D,71
3687,Jeżeli system.,spanish,2D,71
2136,Kaczka.,german,2D,71
2136,Kaczka.,english,2D,71
1400,Kilka.,english,IMAX,71
4372,Kino oglądać.,polish,2D,71
2931,Kino.,spanish,IMAX,71
3827,Komórka mapa.,spanish,3D,71
5345,Komputerowy.,german,3D,71
3690,Koncert studiować.,polish,3D,71
8522,Konflikt szklanka.,spanish,IMAX,71
6928,Konflikt.,english,3D,71
5159,Konstrukcja działać.,spanish,IMAX,71
7716,Konstrukcja.,spanish,2D,71
4367,Koszula ciągnąć.,spanish,IMAX,71
118,Kościół 90.,polish,IMAX,71
4007,Kościół prawny.,german,2D,71
1636,Kościół.,german,IMAX,71
9833,Kraina.,german,IMAX,71
6555,Krew stopień.,german,2D,71
5318,Krok bogaty.,german,3D,71
3042,Król inny.,english,IMAX,71
3931,Księżyc właściciel.,german,IMAX,71
8643,Ktoś.,german,2D,71
208,Kula złodziej.,english,2D,71
7609,Kurs bieda.,spanish,IMAX,71
7609,Kurs bieda.,polish,3D,71
4244,Lampa.,spanish,IMAX,71
8434,Leczenie.,english,IMAX,71
7673,Letni.,polish,3D,71
8906,Lęk.,spanish,IMAX,71
9096,Liczba Atomowa lekarz.,german,3D,71
1365,Los.,english,3D,71
5473,Lotniczy.,english,3D,71
3707,Ludność.,english,2D,71
99,Ludzki.,english,IMAX,71
7315,Lustro.,english,3D,71
7313,Luty brzydki.,spanish,IMAX,71
5436,Ładny pacjent.,spanish,2D,71
1889,Łąka.,english,2D,71
2969,Mało.,german,IMAX,71
2129,Mama.,german,IMAX,71
5467,Marzec swój.,german,IMAX,71
7168,Matematyka.,spanish,IMAX,71
100,Mąka lód.,german,IMAX,71
3862,Męski dziki.,english,2D,71
9490,Miasto czysty.,german,2D,71
537,Mieć Na Imię pić.,german,IMAX,71
708,Mistrz.,polish,IMAX,71
6091,Moment fabryka.,spanish,3D,71
1713,Moment piasek.,polish,3D,71
5447,Morze cesarz.,polish,IMAX,71
4826,Most w..,spanish,IMAX,71
6834,Mowa zbudować.,english,3D,71
6834,Mowa zbudować.,english,2D,71
2813,Mrówka.,spanish,2D,71
5864,Muzyczny ciepły.,english,3D,71
309,Mysz kobiecy.,english,2D,71
8631,Nagle popularny.,english,IMAX,71
1322,Naród ofiara.,english,2D,71
8860,Następować muzeum.,english,3D,71
163,Nasz.,spanish,IMAX,71
4668,Natychmiast.,polish,3D,71
4686,Nauczycielka.,polish,3D,71
6295,Nazywać.,polish,IMAX,71
9732,Nie-.,english,2D,71
1439,Niebezpieczeństwo plemię.,english,3D,71
1439,Niebezpieczeństwo plemię.,polish,3D,71
8271,Niebezpieczny futro.,spanish,2D,71
9042,Niektóry łóżko.,spanish,IMAX,71
1190,Niektóry.,polish,IMAX,71
8406,Nieść do.,spanish,3D,71
4401,Nieść.,english,2D,71
8705,Niewolnik podłoga.,english,IMAX,71
9493,Nigdy miłość.,polish,3D,71
3056,Numer list.,spanish,2D,71
6810,O pożar.,english,2D,71
3244,Obcy górny.,german,2D,71
3244,Obcy górny.,english,2D,71
7426,Obejmować.,spanish,2D,71
5165,Obok.,german,3D,71
531,Obóz handlowy.,german,3D,71
5512,Obszar.,spanish,IMAX,71
2692,Ocena usuwać.,german,2D,71
8205,Od.,polish,IMAX,71
9896,Odcień !.,polish,3D,71
2781,Odczuwać wczoraj.,spanish,IMAX,71
7748,Oddać.,spanish,2D,71
1427,Oddech.,german,IMAX,71
8347,Odległość ponownie.,german,3D,71
2853,Odległość.,polish,2D,71
5515,Odważny.,german,3D,71
7510,Odzież paliwo.,spanish,2D,71
3247,Okolica patrzeć.,english,2D,71
385,Okrągły.,english,IMAX,71
6028,One nagły.,spanish,3D,71
7163,Opisać wioska.,polish,2D,71
866,Opłata atak.,spanish,IMAX,71
866,Opłata atak.,spanish,3D,71
5231,Oraz impreza.,polish,2D,71
7866,Organizm korzystać.,spanish,3D,71
1244,Osobisty.,spanish,3D,71
1960,Otaczać zamieszkiwać.,english,IMAX,71
6789,Otoczenie brat.,german,IMAX,71
4730,Otoczenie linia.,polish,IMAX,71
3895,Otwierać.,polish,IMAX,71
6029,Owad całkowity.,polish,3D,71
9258,Pacjent.,spanish,3D,71
5599,Palić specjalista.,spanish,2D,71
3000,Państwowy.,english,IMAX,71
7856,Papieros Ziemia.,english,IMAX,71
7856,Papieros Ziemia.,polish,3D,71
4517,Papieros.,polish,2D,71
5161,Partia.,spanish,IMAX,71
1105,Patrzeć.,german,2D,71
1105,Patrzeć.,spanish,3D,71
9726,Piasek usta.,polish,2D,71
9026,Piasek.,spanish,3D,71
9026,Piasek.,spanish,2D,71
7492,Pies.,polish,IMAX,71
7492,Pies.,german,3D,71
6686,Piętnaście osiem.,english,IMAX,71
6686,Piętnaście osiem.,english,3D,71
710,Piętnaście pozostawać.,german,IMAX,71
3508,Piłka Nożna.,english,2D,71
4594,Pisanie suchy.,english,IMAX,71
5650,Pisarz powoli.,english,3D,71
5597,Plama.,polish,IMAX,71
5597,Plama.,english,IMAX,71
8650,Płaski.,english,IMAX,71
4072,Płaszcz.,german,2D,71
7486,Po Prostu ani.,english,2D,71
8418,Pod usuwać.,polish,2D,71
574,Podawać.,german,3D,71
5732,Podłoga film.,german,2D,71
5626,Podnieść zazwyczaj.,german,IMAX,71
9098,Podróżować.,polish,IMAX,71
2178,Podstawowy płeć.,spanish,2D,71
8455,Pojawiać Się po.,spanish,IMAX,71
3564,Pojawić Się.,english,IMAX,71
5177,Pojedynczy.,polish,IMAX,71
5177,Pojedynczy.,english,3D,71
5173,Pojemnik.,german,IMAX,71
5173,Pojemnik.,polish,IMAX,71
5767,Pokazywać.,german,3D,71
1093,Pole nos.,polish,3D,71
9900,Pole Szwecja.,english,IMAX,71
3989,Pole.,german,2D,71
3755,Policjant.,spanish,2D,71
9427,Polska.,polish,3D,71
1977,Połowa tak.,english,3D,71
1977,Połowa tak.,spanish,2D,71
1288,Południowy.,spanish,3D,71
682,Pomiędzy.,polish,2D,71
3360,Poruszać Się połączenie.,spanish,IMAX,71
9584,Posługiwać Się.,polish,IMAX,71
8950,Postawa szwedzki.,german,IMAX,71
8950,Postawa szwedzki.,english,3D,71
6394,Postawić.,german,IMAX,71
1739,Potem.,german,IMAX,71
3488,Powieść.,english,2D,71
557,Powszechny w..,german,2D,71
570,Poza uzyskać.,spanish,2D,71
7385,Pozbawić.,spanish,2D,71
7932,Pozostać pani.,spanish,2D,71
3855,Pozostać.,spanish,2D,71
3189,Pozwalać technika.,spanish,2D,71
6499,Pozycja zbierać.,polish,3D,71
2113,Pozycja.,polish,2D,71
9418,Pożar.,spanish,3D,71
6838,Późny wyjść.,polish,IMAX,71
7407,Późny.,german,2D,71
5796,Pragnąć.,german,IMAX,71
7093,Praktyka.,english,2D,71
7093,Praktyka.,german,2D,71
7457,Prezent spać.,polish,3D,71
5764,Prezydent republika.,polish,IMAX,71
6715,Prędkość.,spanish,3D,71
8176,Produkt tajemnica.,polish,2D,71
4160,Produkt.,spanish,2D,71
8281,Prostytutka ósmy.,german,2D,71
6176,Prowincja.,spanish,IMAX,71
5156,Prywatny wszystko.,spanish,3D,71
6701,Przeciwko myśl.,spanish,IMAX,71
6701,Przeciwko myśl.,spanish,2D,71
4848,Przeciwnik zając.,polish,IMAX,71
4848,Przeciwnik zając.,polish,3D,71
9171,Przeciwnik.,polish,2D,71
1104,Przed.,spanish,2D,71
5907,Przejść trawa.,german,3D,71
5907,Przejść trawa.,german,IMAX,71
9048,Przemysł.,english,3D,71
9048,Przemysł.,spanish,2D,71
2620,Przestrzeń.,spanish,3D,71
5914,Przy.,spanish,3D,71
6782,Przyjaźń wschodni.,polish,2D,71
6468,Przyjęcie.,spanish,IMAX,71
1927,Przykład napój.,english,IMAX,71
296,Przyprawa stać.,spanish,2D,71
7376,Przyszłość.,german,2D,71
5483,Pszczoła.,polish,IMAX,71
8707,Pusty.,spanish,IMAX,71
8707,Pusty.,polish,3D,71
8202,Pytać czynić.,english,2D,71
7226,Rada.,polish,3D,71
6121,Radość.,english,IMAX,71
7119,Rana szkoła.,german,IMAX,71
4496,Rana we.,german,2D,71
3999,Reakcja.,german,3D,71
6498,Religia.,english,IMAX,71
2537,Religijny.,german,IMAX,71
6859,Rezultat nawet.,german,3D,71
5238,Robotnik.,english,2D,71
679,Rodzaj.,polish,2D,71
2621,Roślina.,spanish,3D,71
2621,Roślina.,german,3D,71
9078,Różowy.,english,3D,71
631,Ryba.,german,2D,71
7020,Rysunek.,spanish,IMAX,71
5041,Rzadko lód.,spanish,3D,71
3665,Rzeczownik typowy.,spanish,3D,71
5412,Rzeka szkoła.,spanish,2D,71
4899,Rzymski.,spanish,3D,71
4251,Sąd.,spanish,IMAX,71
9795,Sąsiad.,polish,IMAX,71
2662,Scena nocny.,german,3D,71
4119,Ser.,english,IMAX,71
8589,Sieć koń.,german,2D,71
8162,Siedemdziesiąt układ.,polish,IMAX,71
2832,Siedziba.,english,IMAX,71
9793,Silnik ośrodek.,english,3D,71
9793,Silnik ośrodek.,english,2D,71
728,Siostra brzuch.,spanish,3D,71
9062,Skala czasem.,polish,IMAX,71
1036,Skończyć ważny.,english,2D,71
669,Słoń pić.,english,2D,71
6008,Słońce.,german,2D,71
24,Słownik Anglia.,polish,IMAX,71
5726,Słownik niebezpieczny.,german,3D,71
8546,Służba kupić.,spanish,IMAX,71
534,Sobą umrzeć.,english,3D,71
3340,Sól głupek.,english,3D,71
302,Spodnie.,spanish,IMAX,71
200,Sprawa człowiek.,english,IMAX,71
9178,Sprzedawać.,spanish,IMAX,71
4453,Stacja typ.,german,2D,71
2661,Stać armia.,polish,3D,71
6129,Stany Zjednoczone.,english,IMAX,71
5474,Staw.,spanish,3D,71
9327,Sto.,polish,3D,71
1236,Stosować jasny.,spanish,2D,71
3710,Strach zimny.,polish,3D,71
6336,Straszny znaczyć.,english,3D,71
1691,Strój.,english,2D,71
1679,Strumień.,spanish,IMAX,71
6568,Stworzyć rodowity.,german,3D,71
6568,Stworzyć rodowity.,english,3D,71
3890,Sukces.,english,2D,71
667,Sukienka gospodarczy.,spanish,2D,71
411,Swój o.,german,2D,71
797,Szczególnie.,spanish,IMAX,71
3322,Szef.,spanish,2D,71
3293,Szkolny.,polish,3D,71
6055,Szpital.,polish,IMAX,71
5935,Sztuczny.,polish,2D,71
5809,Szybko udać się.,spanish,3D,71
1752,Śmiech.,english,3D,71
6284,Śmierć łyżka.,german,3D,71
5994,Śnieg zwłaszcza.,german,2D,71
5369,Śpiewać.,german,2D,71
533,Średni proces.,polish,3D,71
5195,Średni.,spanish,3D,71
7875,Średniowieczny.,polish,2D,71
7253,Środa klimat.,english,2D,71
5426,Świat produkować.,german,2D,71
954,Świnia operacja.,spanish,IMAX,71
340,Świnia.,german,3D,71
8932,Także.,english,2D,71
4745,Tam.,english,2D,71
2183,Tamten pasmo.,spanish,2D,71
2819,Temperatura.,german,3D,71
3285,Teoria wyglądać.,spanish,IMAX,71
4938,Toponim św..,polish,2D,71
1171,Towar szpital.,polish,IMAX,71
9895,Tradycja pomarańczowy.,polish,IMAX,71
1013,Trudny.,german,2D,71
7257,Trwać biedny.,german,2D,71
451,Trzeba sierpień.,polish,IMAX,71
9453,Trzeci.,english,3D,71
8804,Trzy m.in..,spanish,3D,71
8567,Trzydziesty suma.,english,2D,71
5297,Turecki coraz.,english,IMAX,71
5303,Twarz moralny.,polish,2D,71
1892,Tyle plama.,polish,3D,71
3496,U opisać.,polish,IMAX,71
7837,Ubranie zdolność.,spanish,IMAX,71
697,Ucho.,german,2D,71
7394,Uczyć.,polish,2D,71
4350,Uderzać olej.,english,IMAX,71
1265,Udział powstać.,spanish,2D,71
4111,Ukraiński.,spanish,3D,71
3147,Umieszczać.,polish,2D,71
1309,Umieścić.,polish,IMAX,71
2282,Umowa.,german,2D,71
6918,Uprawiać wykonać.,german,2D,71
4230,Utrzymywać futro.,german,3D,71
7220,Utwór cebula.,spanish,2D,71
5294,Uważać budowa.,polish,2D,71
4165,Używać.,english,2D,71
6817,W Celu.,spanish,3D,71
3300,W Końcu robotnik.,polish,3D,71
1212,W Postaci przyjechać.,german,IMAX,71
1819,W.,polish,2D,71
4744,Waga autobus.,german,3D,71
1277,Warzywo.,english,2D,71
2022,Wiatr 30.,german,2D,71
2306,Wiatr.,polish,2D,71
3215,Widoczny.,polish,2D,71
1649,Wieczór przyjąć.,german,IMAX,71
988,Wierzyć.,german,IMAX,71
5863,Wieś.,english,IMAX,71
7615,Więc plecy.,spanish,2D,71
219,Więcej osiągnąć.,polish,3D,71
9311,Większy mieszkanie.,english,IMAX,71
1607,Większy trawa.,spanish,2D,71
1607,Większy trawa.,spanish,3D,71
3324,Wkrótce otwarty.,polish,2D,71
9142,Wkrótce pomidor.,polish,IMAX,71
7398,Właściciel.,english,3D,71
2354,Włochy.,polish,IMAX,71
523,Włos.,german,IMAX,71
3404,Włos.,polish,IMAX,71
3404,Włos.,english,2D,71
2684,Włoski a.,spanish,IMAX,71
2684,Włoski a.,spanish,3D,71
517,Włoski królowa.,german,2D,71
7085,Wolno abugida.,spanish,2D,71
1613,Wolny.,polish,3D,71
568,Wóz poeta.,german,IMAX,71
568,Wóz poeta.,spanish,2D,71
2069,Wpływ.,spanish,IMAX,71
4013,Wracać.,polish,2D,71
8774,Wreszcie brać.,spanish,IMAX,71
6590,Wspólny.,german,3D,71
6590,Wspólny.,polish,3D,71
9267,Wszelki sukces.,spanish,IMAX,71
1137,Wszystkie deszcz.,polish,2D,71
4091,Wszystko.,english,IMAX,71
7443,Wśród talerz.,polish,3D,71
4737,Wśród.,polish,IMAX,71
3377,Wtorek.,english,2D,71
9885,Wujek układ.,german,2D,71
3138,Wybierać.,spanish,3D,71
2031,Wychodzić.,english,IMAX,71
762,Wydać opłata.,polish,2D,71
5258,Wydać.,polish,IMAX,71
5910,Wyglądać.,english,IMAX,71
2155,Wykonywać kino.,spanish,IMAX,71
2155,Wykonywać kino.,polish,3D,71
7007,Wypadek obowiązywać.,spanish,2D,71
1456,Wysokość majątek.,spanish,IMAX,71
5479,Wywoływać ósmy.,polish,3D,71
7616,Z Powodu.,german,2D,71
6971,Zabawka.,german,IMAX,71
9182,Zaczynać przedmiot.,english,2D,71
6152,Założyć.,english,IMAX,71
5499,Zapach.,german,2D,71
9410,Zawartość.,polish,2D,71
2904,Zawodowy.,spanish,IMAX,71
2217,Zawodowy.,german,3D,71
9,Zazwyczaj znak.,spanish,IMAX,71
3692,Ząb.,english,IMAX,71
8825,Ząb.,german,2D,71
3358,Zdolny szkło.,spanish,2D,71
9351,Ziemia mur.,spanish,IMAX,71
8763,Zimno.,german,2D,71
3301,Zjawisko ani.,english,3D,71
7997,Znaczyć.,polish,IMAX,71
3031,Znajdować Się.,spanish,IMAX,71
9984,Znany.,german,3D,71
7904,Zniszczyć zatoka.,polish,IMAX,71
84,Zniszczyć zdolność.,spanish,2D,71
941,Zniszczyć.,english,2D,71
1231,Zupełnie futro.,spanish,2D,71
3714,Zwolennik teoria.,spanish,2D,71
9972,Zysk.,polish,2D,71
7512,Zysk.,polish,IMAX,71
2711,Źle.,spanish,IMAX,71
3344,Źle.,english,IMAX,71
397,Źle.,spanish,3D,71
5309,Żart sprawa.,spanish,IMAX,71
4765,Żart.,spanish,3D,71
3800,Że.,german,2D,71
3800,Że.,english,2D,71
8436,Żeby nauczycielka.,spanish,3D,71
1021,Żółty pływać.,polish,3D,71
7582,Żywność korona.,polish,2D,71
1328,Żywność św..,spanish,IMAX,71
7382,1.,german,IMAX,70
2047,2 że.,english,IMAX,70
3900,3.,german,3D,70
9371,4.,english,IMAX,70
3034,Administracyjny problem.,english,2D,70
3607,Akt Warszawa.,english,2D,70
6436,Aktor u.,german,2D,70
9731,Aktywny.,english,IMAX,70
8078,Amerykański.,spanish,3D,70
8403,Amharski białoruski.,spanish,3D,70
3920,Atmosfera wkrótce.,german,2D,70
4674,Atmosfera.,german,IMAX,70
9466,Australia.,spanish,IMAX,70
3562,Autobus.,english,IMAX,70
978,Babka.,german,3D,70
2116,Bajka.,english,IMAX,70
429,Bar herb.,english,2D,70
9050,Bar.,english,IMAX,70
2529,Bawić Się pogoda.,english,2D,70
9350,Belgia górski.,english,IMAX,70
6101,Bez uczyć się.,polish,3D,70
886,Bić angielski.,german,2D,70
585,Bieda ukraiński.,german,IMAX,70
7036,Blady.,spanish,3D,70
1091,Bogactwo minister.,polish,IMAX,70
5032,Bogaty swój.,polish,3D,70
9616,Bohater piętro.,polish,2D,70
1156,Bok.,german,2D,70
3860,Bóg.,polish,2D,70
938,Brak mierzyć.,polish,IMAX,70
1100,Budować.,german,2D,70
7881,Burza nazywać.,polish,2D,70
2539,Bycie.,polish,3D,70
4469,Całkowity straszny.,spanish,2D,70
9326,Całkowity.,english,IMAX,70
7743,Całość.,english,2D,70
1856,Cały noc.,german,IMAX,70
6216,Cały.,german,3D,70
3744,Chęć.,german,3D,70
5969,Chłopak dużo.,polish,3D,70
3657,Chłopak.,german,IMAX,70
2943,Chłopiec.,german,3D,70
7899,Chmura.,spanish,3D,70
3782,Chory tłuszcz.,polish,2D,70
3651,Ci.,german,3D,70
212,Ciągnąć.,spanish,IMAX,70
2474,Ciecz.,english,2D,70
2101,Cień.,polish,3D,70
8061,Cisza szereg.,english,IMAX,70
4700,Cukier.,spanish,3D,70
7208,Czapka.,english,3D,70
6263,Czasem.,english,2D,70
4249,Czerwiec lipiec.,english,2D,70
4249,Czerwiec lipiec.,polish,3D,70
9676,Czerwiec tam.,spanish,2D,70
6548,Człowiek.,german,IMAX,70
1493,Czyli starać się.,polish,3D,70
7942,Czysty.,spanish,2D,70
466,Dane lis.,polish,2D,70
4190,Diabeł.,english,3D,70
7501,Dla miły.,english,2D,70
5696,Długość adres.,german,3D,70
8531,Długość grecki.,german,IMAX,70
5719,Dno.,polish,IMAX,70
4989,Dobro spokój.,spanish,IMAX,70
7057,Dobry.,polish,3D,70
5773,Dobrze.,german,3D,70
2789,Dodać konflikt.,polish,2D,70
3953,Dodatek zapomnieć.,polish,IMAX,70
3331,Dodawać lub.,english,3D,70
9102,Dokonać pojęcie.,german,3D,70
964,Dokument.,spanish,3D,70
964,Dokument.,german,2D,70
5821,Dolina serce.,german,2D,70
4863,Dostać dużo.,polish,2D,70
5234,Drapieżny.,polish,IMAX,70
7284,Drzewo zdrowie.,german,3D,70
6855,Dwanaście byk.,polish,IMAX,70
6537,Dwanaście.,spanish,IMAX,70
5920,Dwudziesty również.,german,2D,70
8126,Dziadek nowy.,spanish,IMAX,70
6298,Dziecko.,polish,2D,70
1939,Dzielnica.,polish,IMAX,70
4340,Dziewczyna sztuczny.,polish,IMAX,70
1612,Dziewiąty filozofia.,polish,2D,70
633,Efekt niski.,polish,2D,70
7185,Egzamin zasada.,german,IMAX,70
4489,Elektryczny.,german,3D,70
3225,Element pani.,polish,IMAX,70
7059,Epoka.,english,2D,70
6266,Fabryka coraz.,english,IMAX,70
2029,Finansowy równy.,german,3D,70
6127,Futro fizyczny.,german,IMAX,70
3421,Gdy.,english,3D,70
5965,Gdzie stały.,english,2D,70
1705,Gęsty.,english,IMAX,70
6090,Głęboki.,german,IMAX,70
5077,Gorący.,spanish,IMAX,70
3094,Grupa.,polish,3D,70
3903,Grzyb stacja.,english,IMAX,70
3001,Grzyb wywodzić się.,german,3D,70
3279,Gwałtowny.,german,2D,70
7441,Handel.,english,IMAX,70
1882,Hasło.,spanish,IMAX,70
5875,Hasło.,polish,IMAX,70
1074,Herbata.,polish,2D,70
3401,Impreza.,english,IMAX,70
1030,Informacja.,polish,3D,70
4216,Interes z.,polish,2D,70
4197,Internetowy.,german,3D,70
8563,Iść.,polish,2D,70
6534,Itp. księga.,german,IMAX,70
2470,Itp..,german,IMAX,70
5655,Izrael lub.,english,3D,70
6414,Jabłko internetowy.,polish,2D,70
2738,Jadalny.,spanish,2D,70
19,Jajko.,spanish,IMAX,70
8980,Jajko.,polish,IMAX,70
1717,Jakiś łaciński.,german,2D,70
2084,Jakość działać.,spanish,3D,70
2689,Jazda włoski.,english,2D,70
3457,Jeść 6.,polish,3D,70
4313,Jezioro wyrażać.,german,IMAX,70
4313,Jezioro wyrażać.,german,2D,70
9521,Kalendarz Dania.,english,2D,70
7959,Katolicki historia.,english,2D,70
7256,Kij zazwyczaj.,polish,2D,70
853,Kino istnienie.,german,3D,70
5679,Klasztor.,german,2D,70
1857,Klient ludność.,spanish,IMAX,70
1857,Klient ludność.,german,IMAX,70
7816,Klimat lipiec.,german,2D,70
7435,Kontrola.,polish,IMAX,70
52,Kontynent.,polish,IMAX,70
1072,Kostka.,german,3D,70
9245,Koszt.,polish,IMAX,70
6047,Koszula zupełnie.,polish,2D,70
4971,Kraina.,english,2D,70
6783,Krok.,polish,IMAX,70
2499,Ksiądz.,spanish,3D,70
7079,Książka.,english,2D,70
1185,Kształt.,english,3D,70
1185,Kształt.,german,IMAX,70
7900,Kuchnia mierzyć.,spanish,IMAX,70
1039,Kurs.,spanish,3D,70
5708,Lampa.,polish,2D,70
8373,Lecieć.,german,3D,70
9890,Letni społeczeństwo.,spanish,2D,70
2048,Lista 20.,spanish,2D,70
9534,Literacki składać.,spanish,IMAX,70
1590,Litwa.,german,3D,70
1007,Los jednocześnie.,spanish,3D,70
3619,Los nadmierny.,german,IMAX,70
9115,Ludowy zjeść.,spanish,IMAX,70
9115,Ludowy zjeść.,english,2D,70
8371,Luty szybko.,spanish,2D,70
6562,Ładny.,spanish,3D,70
4676,Łagodny jeśli.,spanish,3D,70
2392,Łyżka złożony.,polish,2D,70
6999,Majuskuła.,german,IMAX,70
7590,Masa.,german,3D,70
8272,Masa.,polish,IMAX,70
5025,Męski.,polish,IMAX,70
9041,Mieszkaniec.,spanish,3D,70
5538,Miły jakby.,spanish,3D,70
4457,Motyl.,spanish,2D,70
6912,Mur.,polish,2D,70
1904,Muzyczny muzeum.,spanish,IMAX,70
6638,Nagły.,polish,2D,70
3696,Naprawdę sygnał.,polish,3D,70
4076,Narodowość.,english,3D,70
7788,Narodowość.,german,2D,70
96,Narząd.,polish,2D,70
5979,Następować.,english,2D,70
8817,Nauka.,english,IMAX,70
3205,Nazwisko dowód.,english,3D,70
8059,Niebezpieczeństwo.,polish,3D,70
322,Niebieski.,spanish,3D,70
3914,Niech.,english,IMAX,70
4813,Niewielki.,german,IMAX,70
704,No czynnik.,spanish,IMAX,70
3694,Nosić.,polish,IMAX,70
8834,Numer.,english,3D,70
2564,Obóz.,polish,2D,70
7867,Obywatelka nawet.,spanish,IMAX,70
196,Ocean owad.,polish,2D,70
196,Ocean owad.,english,3D,70
2179,Ocena wodny.,spanish,2D,70
7745,Oddech.,polish,2D,70
372,Oddział w wyniku.,polish,IMAX,70
6277,Odkryć.,spanish,2D,70
4328,Odnosić Się przyprawa.,german,IMAX,70
5717,Odpowiadać obszar.,spanish,3D,70
4632,Odpowiadać.,spanish,3D,70
9175,Odpowiadać.,german,2D,70
4559,Odpowiedź kolega.,english,3D,70
6430,Odpowiedź.,spanish,IMAX,70
3524,Ogon łąka.,polish,IMAX,70
7777,Ogół jaki.,spanish,2D,70
6073,Ojciec.,german,IMAX,70
8027,Około.,english,IMAX,70
6223,Ona kolumna.,german,IMAX,70
8502,Operacja zima.,english,3D,70
9030,Opinia.,spanish,3D,70
1685,Osiągnąć pojedynczy.,polish,2D,70
8970,Otwierać uczeń.,spanish,IMAX,70
8423,Otworzyć strumień.,german,IMAX,70
7144,Owoc umysł.,polish,3D,70
1275,Palec.,spanish,IMAX,70
4515,Pałac.,english,3D,70
6003,Pan seksualny.,polish,3D,70
7186,Panna.,polish,3D,70
9120,Państwo parlament.,polish,3D,70
6354,Parlament.,polish,IMAX,70
1564,Parlament.,spanish,IMAX,70
6285,Pasek bilet.,german,2D,70
8290,Pasek.,polish,3D,70
2949,Pewien.,spanish,3D,70
6865,Piec służba.,german,IMAX,70
3182,Piętnaście.,german,IMAX,70
7314,Piłka.,english,2D,70
4033,Pisać.,german,IMAX,70
3888,Płakać.,german,2D,70
5711,Pod albo.,polish,IMAX,70
2000,Pod doprowadzić.,english,3D,70
652,Podawać mieszkaniec.,polish,3D,70
6214,Podłoga koza.,spanish,3D,70
3192,Podobny ponownie.,german,3D,70
4557,Podróżować powiat.,polish,2D,70
947,Podstawa figura.,english,2D,70
3072,Pojawić Się sztuka.,english,3D,70
5779,Pojazd.,english,2D,70
1387,Polityk.,german,3D,70
2203,Polityka ty.,polish,IMAX,70
7016,Polski moment.,german,IMAX,70
2098,Połączyć wschodni.,spanish,2D,70
6655,Położyć.,german,IMAX,70
2679,Południe kieszeń.,polish,IMAX,70
4682,Południe.,spanish,2D,70
911,Pomagać rodzic.,spanish,2D,70
3074,Pomarańcza owca.,polish,3D,70
3376,Pomidor mi.,english,IMAX,70
918,Ponownie powszechny.,english,3D,70
5021,Poprzedni średniowieczny.,german,IMAX,70
1852,Port.,polish,2D,70
4112,Posługiwać Się.,english,IMAX,70
903,Posługiwać Się.,polish,3D,70
182,Postawa.,german,2D,70
7916,Postawić.,polish,IMAX,70
5185,Powierzchnia pani.,spanish,3D,70
5185,Powierzchnia pani.,english,IMAX,70
370,Powierzchnia.,german,2D,70
6317,Powodować.,english,2D,70
4698,Powolny ogon.,english,2D,70
7401,Poza.,german,IMAX,70
4106,Poziom.,german,3D,70
589,Północ.,spanish,2D,70
1444,Prawie.,polish,2D,70
8665,Prawny.,spanish,2D,70
3345,Prędkość liść.,spanish,2D,70
4951,Procent chyba.,english,2D,70
8894,Program.,german,2D,70
3015,Projekt.,german,2D,70
3265,Prosić.,german,2D,70
6651,Prowincja jakiś.,polish,2D,70
9791,Próba więc.,polish,IMAX,70
5200,Przebywać błoto.,german,IMAX,70
2167,Przed nadzieja.,german,IMAX,70
137,Przed.,german,2D,70
4272,Przedstawiać ulica.,german,IMAX,70
334,Przedstawienie.,polish,IMAX,70
2490,Przejaw.,polish,3D,70
6800,Przestępstwo herbata.,polish,IMAX,70
1338,Przeznaczyć.,german,2D,70
4298,Przyjąć stać.,polish,2D,70
977,Przykład.,german,3D,70
8075,Przyrząd wszystek.,german,IMAX,70
747,Psychiczny.,english,3D,70
8720,Ptak ogon.,german,2D,70
2201,Pustynia.,german,3D,70
8076,Rejon motyl.,spanish,2D,70
6995,Relacja prawny.,english,IMAX,70
2268,Religia.,polish,IMAX,70
3525,Rezultat mięso.,polish,2D,70
5841,Rodzaj.,german,2D,70
6777,Rodzina.,german,2D,70
1915,Roślina.,english,3D,70
7526,Rower.,english,2D,70
9383,Rozmiar charakterystyczny.,english,3D,70
4560,Rozpocząć włos.,spanish,3D,70
7924,Rozwiązanie powieść.,english,2D,70
4896,Różowy sukces.,english,3D,70
6596,Różowy.,spanish,IMAX,70
9933,Ruch.,german,3D,70
8338,Rynek przyjaciel.,english,2D,70
9763,Rzeka łatwy.,english,IMAX,70
139,Rzucać.,german,2D,70
1381,Rzym.,english,3D,70
4264,Rzym.,english,3D,70
9392,Sam wziąć.,polish,IMAX,70
4363,Seksualny ojciec.,polish,2D,70
8749,Sen wynosić.,english,2D,70
4476,Sędzia substancja.,english,2D,70
3758,Siedemdziesiąt metal.,polish,3D,70
9690,Siedziba.,english,3D,70
1604,Sierpień chłop.,polish,3D,70
2443,Silny.,english,3D,70
6339,Składać Się prąd.,spanish,3D,70
349,Składać.,english,2D,70
4788,Słodki owoc.,spanish,2D,70
7483,Słoń życie.,german,IMAX,70
4965,Służba.,polish,IMAX,70
1662,Sok gruby.,spanish,3D,70
9206,Sos.,german,IMAX,70
9206,Sos.,german,IMAX,70
7766,Sowa atak.,polish,2D,70
1925,Specjalista.,polish,3D,70
8022,Spodnie umiejętność.,english,2D,70
4433,Sposób struktura.,polish,IMAX,70
2258,Spotkać potrafić.,spanish,IMAX,70
9996,Spowodować głupota.,spanish,3D,70
4194,Spowodować stopień.,german,2D,70
3950,Spór ciężki.,german,IMAX,70
1297,Sprzedawać.,german,IMAX,70
1377,Srebrny tutaj.,spanish,3D,70
8947,Srebrny.,german,2D,70
5951,Stać 10.,polish,3D,70
9301,Stać walka.,polish,3D,70
9525,Stanowić ziemski.,polish,2D,70
6147,Stawać Się firma.,polish,3D,70
6039,Sto.,polish,2D,70
4445,Stolica.,german,2D,70
7280,Stopień rynek.,spanish,2D,70
7329,Stopień.,english,2D,70
7326,Stowarzyszenie rzeka.,spanish,3D,70
5327,Stół dzień.,german,2D,70
2648,Strach.,german,IMAX,70
4577,Stracić postępować.,english,IMAX,70
5542,Strumień.,polish,2D,70
4352,Szanowny.,spanish,IMAX,70
4371,Szczególny.,polish,2D,70
1279,Szczyt owad.,german,2D,70
600,Sześć.,german,IMAX,70
865,Sześćdziesiąt.,spanish,3D,70
344,Szklanka.,english,IMAX,70
6727,Szkło osioł.,german,2D,70
3854,Szkoła.,polish,2D,70
2008,Szlachetny.,polish,IMAX,70
1628,Ściana Piotr.,german,2D,70
3135,Ślad ulegać.,spanish,IMAX,70
6517,Ślub.,polish,IMAX,70
8355,Śmiech.,spanish,3D,70
5759,Śmiech.,spanish,IMAX,70
1640,Śpiewać.,english,2D,70
835,Średni wreszcie.,english,IMAX,70
8536,Średni.,german,2D,70
1135,Średniowieczny stawać się.,english,2D,70
6400,Średniowieczny.,polish,2D,70
501,Środek pająk.,german,3D,70
1955,Środowisko zadanie.,german,2D,70
6307,Świeca piątek.,polish,3D,70
5401,Świeży.,spanish,3D,70
4254,Talerz.,spanish,3D,70
3559,Tam.,english,3D,70
7089,Te bogini.,english,3D,70
2438,Te toponim.,polish,3D,70
7194,Telefon.,polish,3D,70
4726,Teraz państwowy.,polish,IMAX,70
1476,Tkanina.,german,2D,70
4575,Toponim.,spanish,IMAX,70
2041,Tradycja kierowca.,english,IMAX,70
3234,Tradycja.,english,IMAX,70
348,Traktować.,german,IMAX,70
4442,Trudno dzielnica.,polish,3D,70
9911,Trudność 10.,english,3D,70
6612,Trudność.,english,3D,70
4040,Trzeci korzyść.,german,2D,70
3572,Trzeci utwór.,spanish,IMAX,70
3572,Trzeci utwór.,german,2D,70
8678,Trzeci złożony.,spanish,3D,70
942,Typ.,polish,3D,70
3537,Typ.,polish,IMAX,70
274,Typowy.,spanish,2D,70
7359,U założyć.,spanish,2D,70
4344,Uciec oddech.,polish,3D,70
8428,Udać Się.,german,3D,70
6982,Uderzenie ptak.,polish,IMAX,70
398,Uderzenie.,spanish,IMAX,70
7981,Układ mieszkać.,polish,IMAX,70
1803,Ulegać około.,german,2D,70
2746,Umieszczać znaczenie.,polish,3D,70
7949,Umowa średniowieczny.,polish,2D,70
5175,Urodzenie bajka.,english,2D,70
577,Urodzić hałas.,polish,3D,70
3191,Urodziny kwiecień.,polish,IMAX,70
3191,Urodziny kwiecień.,english,IMAX,70
1056,Urządzenie angielski.,polish,2D,70
6819,Usa zły.,polish,2D,70
6819,Usa zły.,german,2D,70
4553,Usługa motyl.,german,2D,70
2501,Usuwać prawy.,english,3D,70
5276,Uśmiech chodzić.,english,3D,70
272,Uważać.,english,IMAX,70
1746,Walczyć oba.,german,IMAX,70
4211,Warszawa wodny.,english,2D,70
6989,Ważny publiczny.,spanish,IMAX,70
4713,Wątpliwość.,english,2D,70
4713,Wątpliwość.,spanish,IMAX,70
7350,Wchodzić nazwa.,polish,2D,70
3614,Wchodzić.,polish,3D,70
6836,Wesoły więzienie.,german,2D,70
8696,Węgiel.,english,2D,70
3877,Wiatr.,polish,3D,70
7416,Wiersz katolicki.,spanish,IMAX,70
3610,Wino.,german,2D,70
5772,Właśnie polityka.,polish,3D,70
3468,Wnętrze 100.,spanish,2D,70
3506,Wnętrze wąż.,polish,3D,70
4518,Wolno tworzyć.,polish,3D,70
8239,Wolność powietrze.,english,3D,70
1787,Wolność.,spanish,IMAX,70
1787,Wolność.,polish,IMAX,70
1285,Wódka gorący.,polish,IMAX,70
8770,Wschodni odważny.,polish,2D,70
2916,Wskazywać.,spanish,2D,70
6042,Wspólny.,german,IMAX,70
6042,Wspólny.,english,2D,70
955,Współczesny artystyczny.,german,2D,70
5103,Wy rząd.,german,3D,70
8777,Wybitny.,polish,IMAX,70
5617,Wydawać Się.,german,3D,70
9931,Wygrać uciec.,german,2D,70
5138,Wygrać.,polish,IMAX,70
8118,Wykonywać gorączka.,polish,IMAX,70
3568,Wyłącznie powierzchnia.,english,2D,70
5697,Wyłącznie.,english,IMAX,70
5029,Wymagać.,german,IMAX,70
8493,Wysoki.,english,3D,70
2780,Wysokość produkować.,german,3D,70
5527,Wywoływać żona.,polish,IMAX,70
8214,Wzgórze.,polish,3D,70
6069,Z Krwi I Kości.,english,3D,70
7126,Z Krwi I Kości.,spanish,IMAX,70
6506,Z Krwi I Kości.,german,2D,70
4179,Z Powodu.,spanish,IMAX,70
8695,Za.,spanish,3D,70
672,Zabawa.,polish,3D,70
4380,Zabawka prosty.,english,2D,70
9152,Zachód most.,spanish,2D,70
7002,Zainteresowanie sport.,polish,IMAX,70
1112,Zamiar przyszłość.,english,IMAX,70
2726,Zamiar.,spanish,2D,70
5646,Zamknąć średni.,spanish,2D,70
9121,Zapalenie.,english,2D,70
4586,Zapis obrót.,spanish,3D,70
7767,Zaraz tracić.,spanish,IMAX,70
8733,Zaś.,german,3D,70
9702,Zawierać.,polish,3D,70
7504,Zboże przepis.,german,2D,70
4618,Zdanie rozumieć.,spanish,2D,70
5398,Zdrowie.,polish,2D,70
8410,Ze artystyczny.,polish,2D,70
8958,Ziemia pracować.,polish,IMAX,70
2844,Zima prosić.,polish,2D,70
9951,Zimno spodnie.,english,2D,70
3784,Zimny.,german,2D,70
8250,Zmęczony wiara.,english,3D,70
2472,Zmieniać.,spanish,IMAX,70
3910,Znać odcinek.,polish,2D,70
2403,Znaleźć.,polish,IMAX,70
7937,Znosić świeca.,spanish,IMAX,70
4843,Zostać otwór.,german,3D,70
8946,Zostać że.,german,IMAX,70
9681,Związany.,english,IMAX,70
9681,Związany.,german,IMAX,70
6600,Związany.,polish,IMAX,70
7067,Zwierzę.,polish,3D,70
4390,Zwycięstwo teatr.,english,3D,70
4887,Zwycięstwo.,german,IMAX,70
3218,Zwykły chrześcijański.,spanish,IMAX,70
6022,Źle.,german,IMAX,70
3536,Żeby.,spanish,3D,70
7691,Żelazo.,polish,IMAX,70
8062,Żyd część.,spanish,3D,70
49,-.,polish,2D,69
8795,(…) muzyczny.,spanish,3D,69
8795,(…) muzyczny.,german,2D,69
688,1000.,spanish,3D,69
5145,3.,german,2D,69
5688,40.,german,2D,69
5329,40.,spanish,3D,69
3803,50 wysłać.,polish,IMAX,69
646,80 spotkać.,german,3D,69
6959,Administracyjny.,german,2D,69
9673,Afganistan.,german,2D,69
7551,Akt przeznaczyć.,english,IMAX,69
7289,Aktywny podać.,spanish,IMAX,69
7357,Alkoholowy.,english,2D,69
3764,Artysta.,polish,2D,69
2137,Autor.,english,2D,69
5959,Badać.,polish,3D,69
471,Bawić Się osiem.,german,IMAX,69
9204,Bezpośrednio pojawić się.,english,3D,69
4725,Białoruski przyczyna.,spanish,3D,69
880,Białoruś jedyny.,english,2D,69
880,Białoruś jedyny.,polish,3D,69
6747,Biskup.,english,3D,69
1629,Bogaty.,polish,3D,69
9901,Boże Narodzenie hasło.,polish,3D,69
4185,Brać utwór.,spanish,2D,69
4185,Brać utwór.,spanish,2D,69
444,Brać występować.,german,IMAX,69
6032,Brak.,spanish,IMAX,69
6032,Brak.,spanish,2D,69
2240,Brat.,english,3D,69
3013,Brązowy.,german,3D,69
2750,Brązowy.,english,2D,69
6095,Brudny technika.,spanish,IMAX,69
4126,Budować aktor.,german,IMAX,69
1837,Budowla kolorowy.,english,3D,69
4580,Budowla odpowiedni.,spanish,IMAX,69
9155,Budowla porządek.,german,3D,69
3500,But niebezpieczny.,polish,3D,69
1611,Bydło cały.,polish,2D,69
4584,Bydło.,german,2D,69
1693,Całkowity.,german,2D,69
8615,Cena.,german,3D,69
2861,Charakter.,polish,3D,69
2532,Charakterystyczny Słowacja.,german,2D,69
4104,Ciekawy.,spanish,3D,69
7431,Cierpieć sobie.,english,3D,69
6083,Cierpieć.,polish,IMAX,69
5201,Czekolada prosty.,polish,3D,69
6768,Czerwiec otoczenie.,english,3D,69
9322,Część.,german,IMAX,69
4614,Człowiek.,spanish,3D,69
4141,Czyn.,polish,IMAX,69
9554,Czysty razem.,english,2D,69
2506,Daleko.,polish,IMAX,69
7694,Dane mocno.,english,2D,69
480,Dawać jadalny.,english,IMAX,69
685,Delikatny.,spanish,2D,69
4853,Dno.,english,2D,69
9093,Dolina.,polish,3D,69
6934,Dostać Rosja.,german,2D,69
4807,Dostęp.,polish,3D,69
3853,Dół.,spanish,IMAX,69
9603,Drugi.,spanish,2D,69
2479,Drzwi wiara.,english,2D,69
8626,Dwa przychodzić.,spanish,2D,69
7114,Dzielnica wybierać.,spanish,IMAX,69
8388,Dziewczyna kierunek.,polish,3D,69
9358,Dziewczynka robota.,german,3D,69
767,Dzisiejszy.,spanish,2D,69
2313,Dziś piosenka.,german,2D,69
3370,Europa.,english,IMAX,69
5535,Finansowy południowy.,spanish,3D,69
2616,Finansowy.,polish,2D,69
2577,Futro.,spanish,3D,69
1076,Gdy.,english,IMAX,69
4907,Głęboki.,german,2D,69
7687,Głównie.,spanish,IMAX,69
3672,Główny.,spanish,IMAX,69
9533,Głupek.,english,2D,69
3881,Gmina.,german,2D,69
8228,Gniazdo.,spanish,3D,69
1372,Gołąb.,english,IMAX,69
3416,Gospodarczy kot.,polish,IMAX,69
3719,Graniczyć.,german,IMAX,69
7637,Grunt wąski.,english,3D,69
1855,Grzech sukces.,polish,3D,69
3048,Herb.,spanish,IMAX,69
720,Holandia czynność.,german,IMAX,69
5142,Hotel razem.,polish,3D,69
4394,Idea raz.,english,2D,69
3413,Ilość.,english,3D,69
6969,Interes wywoływać.,spanish,2D,69
3878,Istota.,english,IMAX,69
6637,Ja rodowity.,spanish,3D,69
6169,Ja.,spanish,2D,69
4326,Jajko owca.,spanish,IMAX,69
3798,Jakość.,english,3D,69
9183,Jądro uczyć.,english,2D,69
4202,Jedyny układ.,german,3D,69
753,Jej Kraków.,polish,3D,69
9203,Jesień większy.,polish,IMAX,69
9274,Jeść otwór.,polish,3D,69
3388,Kanał korzeń.,english,3D,69
7879,Kara.,spanish,2D,69
9672,Kartka usuwać.,polish,2D,69
9448,Kawa dom.,spanish,3D,69
6871,Każdy.,polish,IMAX,69
1141,Kiedy zatrzymać.,polish,2D,69
9615,Klasa usta.,english,IMAX,69
4450,Kobiecy obóz.,polish,2D,69
5230,Kobieta policja.,spanish,2D,69
4809,Kolano.,german,2D,69
6603,Kolejny bez.,polish,3D,69
624,Kolorowy.,english,IMAX,69
6227,Koło wschodni.,english,3D,69
8391,Komórka sprzedawać.,spanish,IMAX,69
8459,Komputer nieszczęście.,spanish,3D,69
7907,Konflikt.,german,IMAX,69
6739,Kontrola charakterystyczny.,polish,3D,69
1479,Kontrola.,polish,IMAX,69
1150,Korzyść.,english,IMAX,69
2395,Kostka matka.,polish,IMAX,69
3497,Kosztować.,german,2D,69
976,Koszula wspomnienie.,german,3D,69
976,Koszula wspomnienie.,german,IMAX,69
1371,Koszula.,polish,3D,69
7841,Kościół.,polish,IMAX,69
2867,Kraina.,english,2D,69
1898,Krok pracownik.,english,3D,69
1898,Krok pracownik.,english,IMAX,69
8621,Krowa pierś.,german,3D,69
1478,Królestwo.,german,IMAX,69
358,Królewski.,spanish,IMAX,69
7797,Książę minuskuła.,spanish,2D,69
9856,Książę.,english,3D,69
3540,Księżyc.,english,IMAX,69
7223,Ktoś płynąć.,english,IMAX,69
2714,Ku gęś.,german,IMAX,69
448,Ku przeciwny.,spanish,2D,69
6762,Kula w..,german,IMAX,69
6762,Kula w..,english,2D,69
4019,Kupować trudność.,polish,2D,69
2464,Kurs.,spanish,2D,69
5881,Letni żeby.,polish,IMAX,69
5881,Letni żeby.,german,IMAX,69
5881,Letni żeby.,spanish,3D,69
7279,Lis państwo.,polish,IMAX,69
729,Litera potrzeba.,spanish,3D,69
5049,Literacki górski.,polish,3D,69
2368,Literatura.,polish,IMAX,69
627,Litwa w kształcie.,polish,3D,69
9892,Lustro.,polish,3D,69
9892,Lustro.,english,IMAX,69
5009,Lustro.,spanish,3D,69
5924,Łatwo.,spanish,3D,69
4283,Łatwy.,spanish,2D,69
821,Łódź drobny.,english,3D,69
4714,Łuk.,german,IMAX,69
2968,Mały.,spanish,IMAX,69
9315,Matka zatrzymać.,polish,2D,69
2807,Mąż.,english,3D,69
4285,Medycyna.,english,2D,69
2105,Metal.,spanish,2D,69
6270,Miasto przyjść.,german,3D,69
4976,Miejscowość.,spanish,3D,69
1910,Między.,polish,3D,69
5446,Mięso.,english,2D,69
7782,Minerał rodzaj.,german,IMAX,69
8955,Mocz.,polish,3D,69
699,Moneta.,english,3D,69
3269,Motyl wrażenie.,english,IMAX,69
4564,Możliwość urodzić.,english,3D,69
4564,Możliwość urodzić.,polish,IMAX,69
5217,Mój Litwa.,english,IMAX,69
9532,Mrówka dział.,german,2D,69
2933,Muzeum interes.,spanish,3D,69
7142,Nadawać całkiem.,german,3D,69
715,Napisać zazwyczaj.,german,3D,69
2615,Narkotyk między.,polish,3D,69
7954,Następny ucho.,spanish,IMAX,69
1682,Następować.,polish,3D,69
2508,Nazwa konstrukcja.,spanish,2D,69
7411,Nie Ma.,english,2D,69
5692,Nie zawodnik.,polish,2D,69
6458,Niedźwiedź ludzki.,english,3D,69
7703,Niektóry.,spanish,IMAX,69
1049,Nieść ponad.,english,2D,69
8060,Nigdy wychodzić.,polish,IMAX,69
870,No.,spanish,IMAX,69
8219,No.,polish,2D,69
9934,Norma napój.,spanish,2D,69
8024,Nowy koło.,spanish,IMAX,69
2886,O.,english,IMAX,69
813,Obchodzić szczególny.,polish,3D,69
1245,Obecnie.,english,3D,69
1850,Obowiązywać piasek.,spanish,2D,69
970,Obraz łączyć.,german,IMAX,69
3105,Obrona.,german,IMAX,69
3033,Obszar okolica.,spanish,2D,69
4602,Ochrona podobny.,spanish,3D,69
901,Od.,english,IMAX,69
907,Odległość klucz.,polish,2D,69
907,Odległość klucz.,spanish,IMAX,69
6512,Odpowiedni.,spanish,IMAX,69
6903,Odwaga jedenaście.,spanish,2D,69
3049,Odzież.,spanish,2D,69
829,Odzież.,spanish,IMAX,69
1554,Ogół.,polish,IMAX,69
4168,Ogromny słaby.,spanish,3D,69
3661,Okazja.,spanish,IMAX,69
3688,Określony napój.,spanish,3D,69
3201,One zamiast.,spanish,2D,69
8986,Oni ból.,english,2D,69
4059,Osiemdziesiąt zamieszkiwać.,german,3D,69
8010,Osiemdziesiąt.,spanish,2D,69
8164,Osioł mnóstwo.,german,IMAX,69
2139,Ostry.,english,IMAX,69
7897,Ozdobny ludzki.,german,2D,69
5377,Palić.,german,IMAX,69
4432,Panna.,spanish,3D,69
1510,Państwo lista.,german,3D,69
6790,Pasek rolnik.,english,2D,69
1083,Pełny finansowy.,english,IMAX,69
1083,Pełny finansowy.,german,2D,69
7238,Pewny obóz.,german,IMAX,69
3626,Piasek.,spanish,IMAX,69
5154,Pić zamieszkiwać.,english,2D,69
5347,Pieniądz brzeg.,english,IMAX,69
423,Pieniądz po.,german,2D,69
6301,Pies.,spanish,2D,69
2146,Piętnaście nazwa.,spanish,IMAX,69
5858,Piłka Nożna.,english,2D,69
5858,Piłka Nożna.,german,3D,69
5213,Pisanie opieka.,spanish,3D,69
6272,Plecy.,polish,3D,69
6417,Płaski cześć.,english,2D,69
4387,Płynąć substancja.,german,3D,69
1807,Po Prostu to.,german,IMAX,69
8196,Poczta litera.,spanish,IMAX,69
175,Podać.,english,IMAX,69
4945,Podnosić interes.,german,IMAX,69
2264,Podnosić.,spanish,IMAX,69
1462,Podstawa.,german,IMAX,69
2176,Podstawa.,german,2D,69
9860,Podstawa.,polish,2D,69
9736,Podstawowy.,spanish,3D,69
2908,Pokryć.,polish,2D,69
5985,Polityk partia.,english,IMAX,69
9965,Polityka.,polish,IMAX,69
9090,Polski.,german,IMAX,69
9629,Położony.,polish,3D,69
808,Pomarańcza.,spanish,IMAX,69
167,Pomoc specjalista.,spanish,2D,69
6312,Poprzedni spowodować.,english,2D,69
681,Poprzez klient.,spanish,3D,69
5350,Popularny.,english,IMAX,69
1268,Poważny one.,german,2D,69
6932,Powierzchnia przeciwnik.,german,3D,69
6393,Powolny.,polish,3D,69
9432,Powstać gospodarka.,polish,3D,69
5391,Powstanie.,german,IMAX,69
5391,Powstanie.,polish,3D,69
4449,Powszechny sposób.,polish,3D,69
7996,Pozwalać.,german,2D,69
8513,Pozycja odważny.,german,IMAX,69
5036,Pozycja.,polish,2D,69
7532,Północ.,german,2D,69
9159,Późno wybuch.,english,3D,69
3511,Prąd trzy.,polish,2D,69
5785,Prezent w formie.,polish,IMAX,69
3604,Produkować.,spanish,IMAX,69
1232,Program popularny.,polish,3D,69
3012,Prywatny bronić.,polish,3D,69
3012,Prywatny bronić.,spanish,3D,69
257,Przeciwko seks.,spanish,IMAX,69
7235,Przejaw.,german,2D,69
6779,Przeprowadzać sieć.,spanish,2D,69
5917,Przestać przedstawienie.,english,3D,69
8784,Przybyć znać.,english,2D,69
1481,Przyjąć.,english,IMAX,69
1481,Przyjąć.,german,2D,69
5742,Przyjąć.,english,IMAX,69
7393,Przyjechać.,german,3D,69
9935,Pszczoła mięsień.,polish,3D,69
1645,Ptak.,polish,2D,69
4740,Publiczny.,spanish,IMAX,69
4740,Publiczny.,german,2D,69
3675,Rachunek mnóstwo.,spanish,3D,69
3906,Restauracja.,spanish,2D,69
5637,Rosyjski.,spanish,3D,69
1186,Rower.,spanish,2D,69
1263,Rozwiązanie.,german,IMAX,69
9086,Również rola.,polish,IMAX,69
4675,Rzym.,spanish,3D,69
2606,Samiec futro.,polish,IMAX,69
2487,Samiec.,english,2D,69
6990,Sąd.,spanish,2D,69
9286,Sądowy górny.,english,3D,69
1480,Siebie graniczyć.,spanish,3D,69
3238,Siedem.,polish,IMAX,69
2786,Sierpień.,spanish,2D,69
9764,Skończyć.,english,IMAX,69
7773,Skóra ozdoba.,german,IMAX,69
553,Skrzydło.,english,2D,69
6168,Słodki spotkać.,spanish,IMAX,69
8907,Słońce.,english,2D,69
6639,Słowacki miłość.,spanish,2D,69
6949,Służba.,english,3D,69
140,Sobie nad.,spanish,3D,69
5824,Społeczny niedźwiedź.,polish,IMAX,69
7893,Stały.,english,2D,69
7893,Stały.,polish,IMAX,69
6395,Stanowić.,german,2D,69
2925,Stanowić.,polish,IMAX,69
5684,Stanowisko autor.,polish,3D,69
2348,Stanowisko.,polish,3D,69
4867,Starać Się mieć.,spanish,2D,69
9769,Stawać Się.,english,IMAX,69
9876,Stawać Się.,spanish,3D,69
2869,Stół.,polish,3D,69
4296,Strefa moc.,english,3D,69
867,Strona dodatek.,polish,2D,69
2991,Studia wyłącznie.,german,IMAX,69
2991,Studia wyłącznie.,polish,3D,69
8688,Stworzyć.,german,3D,69
5514,Substancja dwadzieścia.,english,2D,69
9589,Suchy strój.,spanish,3D,69
8354,Sukces.,spanish,IMAX,69
6524,Szanowny wybierać.,spanish,IMAX,69
6721,Szklanka gwiazdozbiór.,polish,3D,69
6721,Szklanka gwiazdozbiór.,german,2D,69
5745,Szósty.,english,2D,69
8152,Szybko w formie.,spanish,3D,69
738,Śmiać Się.,german,IMAX,69
738,Śmiać Się.,spanish,IMAX,69
4503,Śmierć święto.,german,3D,69
8081,Śnieg.,polish,IMAX,69
7792,Śnieg.,polish,IMAX,69
9146,Śpiewać.,spanish,3D,69
3181,Świątynia.,german,2D,69
1200,Taniec należy.,polish,3D,69
546,Telewizja rozwój.,german,3D,69
4732,Telewizyjny Australia.,polish,2D,69
7595,Temat.,german,3D,69
9592,Temperatura przedstawienie.,spanish,IMAX,69
6082,Temperatura.,german,3D,69
7273,Ten.,spanish,IMAX,69
9424,Też treść.,english,IMAX,69
6149,Trochę ozdoba.,german,2D,69
3969,Trudny poczta.,german,3D,69
103,Trudny.,german,2D,69
3814,Trwać koło.,spanish,3D,69
6766,Trzeba.,spanish,3D,69
5694,Tutaj.,english,IMAX,69
3543,Twardy zmienić.,english,IMAX,69
6812,Twarz teoria.,spanish,2D,69
2187,Typowy uczucie.,spanish,IMAX,69
7888,Uderzenie łaciński.,polish,IMAX,69
3532,Udział co.,english,2D,69
2922,Ulegać pochodzenie.,polish,2D,69
8441,Upadek brzeg.,german,IMAX,69
9743,Urząd.,polish,2D,69
9743,Urząd.,spanish,IMAX,69
8313,Uzyskać zapis.,english,3D,69
9716,Użycie dziewczyna.,spanish,2D,69
3795,Użyć przyjmować.,polish,IMAX,69
4829,W. wyjść.,spanish,2D,69
6098,Waga jako.,polish,3D,69
1090,Wakacje bezpośrednio.,spanish,3D,69
7737,Wartość uciekać.,polish,3D,69
5492,Wątpliwość.,german,2D,69
2163,Wcześnie.,german,2D,69
89,Wejście pytać.,english,3D,69
9397,Wejście temat.,spanish,IMAX,69
6801,Wejść.,english,IMAX,69
552,Wejść.,english,3D,69
9043,Wieś wywodzić się.,spanish,3D,69
9745,Więzienie tracić.,english,IMAX,69
2383,Wiosna często.,spanish,2D,69
2440,Władza wyrażać.,spanish,3D,69
7245,Włos.,spanish,2D,69
7245,Włos.,spanish,2D,69
4994,Włos.,english,2D,69
8448,Woda.,english,3D,69
9939,Wódka.,german,2D,69
6366,Wpływ.,spanish,2D,69
8329,Wspaniały.,spanish,2D,69
8117,Wspólny wielkość.,spanish,2D,69
9730,Wszyscy więzienie.,german,2D,69
9657,Wszystkie.,english,2D,69
7148,Wtorek alfabet.,spanish,IMAX,69
1065,Wybór.,english,2D,69
6710,Wygląd rezultat.,german,IMAX,69
5541,Wyjście.,spanish,3D,69
2293,Wykonać.,german,IMAX,69
9863,Wykonywanie.,german,IMAX,69
2686,Wykorzystywać.,german,IMAX,69
2697,Wymagać do.,spanish,3D,69
6740,Wymagać szybko.,polish,3D,69
106,Wymagać.,polish,IMAX,69
1690,Wynosić.,english,IMAX,69
8041,Wyraz krowa.,spanish,IMAX,69
4099,Wyrób.,english,3D,69
5569,Wysyłać świątynia.,spanish,2D,69
6892,Wytwarzać 1.,polish,3D,69
8352,Z.,polish,IMAX,69
9503,Zabić.,english,2D,69
2112,Zachowanie właściwość.,german,3D,69
5955,Założyć taki.,spanish,2D,69
790,Zamiast pierwiastek.,spanish,IMAX,69
472,Zamykać lis.,polish,IMAX,69
6824,Zamykać.,english,IMAX,69
1051,Zapalenie zwycięstwo.,english,3D,69
3733,Zapomnieć.,spanish,2D,69
5265,Zawodnik.,german,IMAX,69
6757,Zawodowy.,polish,2D,69
2960,Ząb rejon.,german,3D,69
2590,Zbiornik jednostka.,spanish,2D,69
4276,Zboże nadawać.,english,2D,69
4276,Zboże nadawać.,polish,2D,69
7462,Zbudować.,polish,IMAX,69
299,Zbudować.,german,3D,69
3316,Zdolny mrówka.,spanish,2D,69
3967,Zdrowie.,spanish,2D,69
3967,Zdrowie.,spanish,3D,69
6193,Zeszły.,polish,2D,69
7496,Zgodny jajo.,english,2D,69
1751,Ziemia spowodować.,spanish,2D,69
8453,Ziemniak odbywać się.,english,2D,69
6151,Zima policzek.,english,IMAX,69
2613,Zimno.,polish,2D,69
2613,Zimno.,polish,3D,69
2959,Zjawisko.,german,IMAX,69
5806,Złapać.,spanish,3D,69
5806,Złapać.,spanish,3D,69
3922,Złodziej wpaść.,english,3D,69
3922,Złodziej wpaść.,spanish,IMAX,69
3922,Złodziej wpaść.,polish,3D,69
2963,Złoto.,english,3D,69
549,Złożyć.,polish,IMAX,69
8915,Zmarły więcej.,english,3D,69
4937,Znaczny siedemdziesiąt.,english,2D,69
9789,Znać.,polish,3D,69
1023,Znak.,english,IMAX,69
3720,Znaleźć.,polish,IMAX,69
4410,Znany.,polish,2D,69
7814,Związek naturalny.,english,IMAX,69
4089,Zwierzę.,polish,3D,69
5308,Zwrot masa.,spanish,2D,69
5308,Zwrot masa.,spanish,3D,69
6587,Zwrot.,english,3D,69
6208,Zwykle transport.,polish,3D,69
8277,Zysk nagły.,polish,IMAX,69
3349,Źle.,german,IMAX,69
307,Żart.,spanish,3D,69
1766,Że.,polish,2D,69
7138,Żeby twarz.,polish,IMAX,69
917,Żeby.,german,IMAX,69
917,Żeby.,german,3D,69
5589,Żeński most.,english,2D,69
4532,–.,spanish,2D,68
6309,— taki.,polish,3D,68
39,1000 jedenaście.,english,IMAX,68
8183,50.,english,2D,68
5463,60.,english,IMAX,68
2459,A rodowity.,english,3D,68
7918,Alkoholowy niezwykły.,spanish,3D,68
741,Ameryka 1.,spanish,3D,68
3494,Autor społeczny.,spanish,2D,68
4408,Azja.,polish,2D,68
8951,Azjatycki.,spanish,3D,68
9498,Babcia.,polish,2D,68
9498,Babcia.,polish,3D,68
9513,Bać Się tył.,english,IMAX,68
9980,Badać owoc.,english,IMAX,68
7707,Badanie.,spanish,2D,68
6297,Bajka.,english,IMAX,68
623,Bardzo.,polish,3D,68
8330,Barwa dostać.,spanish,IMAX,68
7668,Bawić Się ludność.,german,3D,68
6276,Bądź nauka.,polish,3D,68
4904,Bądź.,spanish,2D,68
4904,Bądź.,spanish,2D,68
6104,Bezpośrednio osoba.,german,IMAX,68
5490,Bieda leżeć.,spanish,IMAX,68
987,Bilet profesor.,spanish,2D,68
4122,Brzuch zbiór.,spanish,IMAX,68
7578,Brzydki szkolny.,english,IMAX,68
7514,Byk.,spanish,3D,68
5083,Całość luty.,english,2D,68
2194,Chrześcijański zjawisko.,polish,IMAX,68
8588,Cienki blisko.,german,3D,68
9300,Cierpienie.,spanish,IMAX,68
8243,Ciotka.,german,IMAX,68
9112,Cisza wcześnie.,spanish,3D,68
8375,Czekać zawód.,english,3D,68
4504,Czekać.,english,2D,68
8816,Czekolada stawać się.,german,IMAX,68
7307,Czerwony tyle.,spanish,IMAX,68
7746,Członek.,spanish,2D,68
4931,Czy.,spanish,2D,68
1097,Deszcz mąż.,german,3D,68
2273,Dialekt.,polish,2D,68
3473,Długo świadczyć.,english,2D,68
409,Długość.,polish,3D,68
9055,Dno.,german,2D,68
9055,Dno.,german,3D,68
5240,Dobro jedenaście.,english,2D,68
2413,Dobry.,polish,IMAX,68
2413,Dobry.,spanish,3D,68
9979,Dokonywać.,german,IMAX,68
927,Dopiero.,polish,3D,68
6280,Dopływ profesor.,polish,2D,68
8711,Doprowadzić ptak.,english,2D,68
3246,Drapieżny.,spanish,3D,68
8236,Drewniany.,english,2D,68
270,Drewno.,german,2D,68
7210,Drugi.,english,2D,68
1741,Dwanaście samochód.,spanish,IMAX,68
9500,Dyskusja.,german,2D,68
9075,Dziadek.,polish,IMAX,68
841,Działać.,german,2D,68
2378,Działać.,german,2D,68
9407,Dziewczyna czysty.,english,2D,68
9407,Dziewczyna czysty.,english,3D,68
232,Dziewięć mieć.,german,IMAX,68
6229,Dziki gdzie.,polish,3D,68
1041,Dźwięk.,german,IMAX,68
1157,Efekt.,polish,IMAX,68
5739,Energia usuwać.,spanish,3D,68
77,Filozofia żelazo.,polish,2D,68
5524,Filozofia.,spanish,3D,68
2847,Fotografia.,spanish,3D,68
5030,Fragment 3.,german,2D,68
8706,Funkcja.,german,IMAX,68
8006,Funkcja.,polish,IMAX,68
5388,Gaz jakość.,spanish,IMAX,68
1982,Gaz.,english,2D,68
4781,Gęś.,polish,IMAX,68
1420,Gleba.,spanish,2D,68
8884,Głęboki właściwy.,spanish,IMAX,68
6825,Gniew.,english,3D,68
2891,Godność.,spanish,3D,68
263,Gra.,german,IMAX,68
4886,Gwiazda.,polish,3D,68
8148,Herbata.,german,IMAX,68
8148,Herbata.,polish,2D,68
4855,Hiszpania.,polish,IMAX,68
9734,Hiszpański student.,german,3D,68
8719,Istota.,english,IMAX,68
5636,Iść pokryć.,english,IMAX,68
5741,Jakiś umożliwiać.,german,3D,68
8556,Jan.,spanish,2D,68
5834,Jednocześnie republika.,spanish,IMAX,68
3805,Jeździć.,english,IMAX,68
9611,Klucz.,spanish,2D,68
3582,Kłaść przyjęcie.,spanish,3D,68
9269,Kobiecy wytwarzać.,polish,2D,68
774,Kochać.,polish,2D,68
2815,Kolacja całkiem.,polish,IMAX,68
9299,Konflikt.,german,2D,68
9779,Korona sierpień.,polish,3D,68
4258,Korzeń urodziny.,english,IMAX,68
6729,Kość.,german,2D,68
526,Kraj.,polish,2D,68
1344,Krótki wzgórze.,polish,3D,68
8147,Krótki.,polish,IMAX,68
2962,Krzesło jadalny.,german,IMAX,68
8048,Ktoś.,spanish,IMAX,68
2831,Ku tak.,spanish,IMAX,68
7250,Kurs wszystko.,english,IMAX,68
1484,Lek wprowadzać.,spanish,2D,68
9674,Lewy.,german,2D,68
9485,Liczba Atomowa poczta.,english,IMAX,68
325,Liczba należy.,english,IMAX,68
4250,Liczba sprzęt.,polish,2D,68
1854,Liczny pojedynczy.,spanish,IMAX,68
9099,Lina.,english,2D,68
8095,Linia.,german,IMAX,68
6679,Listopad ozdoba.,spanish,3D,68
6679,Listopad ozdoba.,spanish,2D,68
3009,Lotnisko.,german,IMAX,68
2135,Lód.,polish,IMAX,68
1436,Ludzki cześć.,english,2D,68
1820,Ładny czyjś.,german,2D,68
3483,Łuk.,german,IMAX,68
733,Łyżka dno.,german,3D,68
9369,Majuskuła.,spanish,3D,68
9285,Malować.,english,IMAX,68
7262,Mało.,english,IMAX,68
6479,Marka Żyd.,german,2D,68
9491,Mąż.,german,IMAX,68
1211,Metoda wojsko.,german,2D,68
1706,Mi czeski.,german,2D,68
8145,Miara.,polish,3D,68
4541,Miejski wysyłać.,german,2D,68
4692,Miejski.,german,3D,68
7061,Miejski.,english,IMAX,68
1234,Mierzyć odważny.,german,3D,68
5040,Modlitwa.,spanish,2D,68
4080,Moralny.,polish,IMAX,68
4821,Mózg.,german,2D,68
5776,Mur.,spanish,IMAX,68
7152,Musieć.,spanish,IMAX,68
2820,My.,german,2D,68
9486,My.,spanish,2D,68
4685,Na.,german,3D,68
4231,Naczynie.,spanish,2D,68
4909,Nagle nigdy.,spanish,IMAX,68
1363,Naj- analiza.,spanish,IMAX,68
9028,Narodowy kto.,polish,IMAX,68
1380,Naturalny centrum.,polish,IMAX,68
2626,Nauka.,polish,IMAX,68
6741,Nazywać.,spanish,2D,68
9700,Nie.,english,3D,68
7550,Niechęć park.,english,IMAX,68
9851,Niedziela.,spanish,2D,68
2219,Niewielki.,spanish,3D,68
6130,Nigdy chociaż.,polish,2D,68
8484,Nigdy Słońce.,german,IMAX,68
8484,Nigdy Słońce.,english,2D,68
9553,Noc.,polish,3D,68
1278,O stolica.,german,2D,68
7577,Obcy.,polish,IMAX,68
2566,Obecnie ściana.,english,2D,68
5073,Obserwować określenie.,english,IMAX,68
8462,Obserwować umieścić.,spanish,3D,68
5202,Obserwować wierzyć.,english,2D,68
1848,Obwód umieścić.,english,3D,68
511,Ocean kula.,english,2D,68
9213,Oczywiście.,german,IMAX,68
513,Odbywać Się.,polish,2D,68
2505,Odnosić Się anioł.,polish,2D,68
6536,Okazja urodzić się.,spanish,2D,68
7097,Określony.,spanish,2D,68
3837,Określony.,polish,2D,68
4609,Olej.,polish,IMAX,68
6239,Ona styl.,english,IMAX,68
2825,Opuścić.,english,IMAX,68
5421,Orzeł położony.,english,IMAX,68
5421,Orzeł położony.,german,IMAX,68
5209,Orzeł.,german,3D,68
9816,Osiemdziesiąt.,german,IMAX,68
2398,Ośrodek wisieć.,polish,3D,68
1634,Otrzymać godzina.,english,3D,68
1454,Otrzymywać igła.,spanish,2D,68
1167,Owca pani.,spanish,3D,68
9950,Pan tańczyć.,english,2D,68
861,Pan.,german,2D,68
1756,Pani pająk.,spanish,3D,68
4890,Panować.,spanish,IMAX,68
2965,Parlament.,polish,IMAX,68
5504,Październik nad.,english,3D,68
1075,Pełny.,english,3D,68
6072,Pieniądze dziadek.,german,2D,68
8211,Pierwiastek Chemiczny krew.,polish,IMAX,68
7976,Piłka.,german,3D,68
2663,Piotr nauczycielka.,german,IMAX,68
794,Pismo.,polish,IMAX,68
6076,Pismo.,english,IMAX,68
3493,Piwo odwaga.,spanish,2D,68
4798,Plac.,english,2D,68
4798,Plac.,polish,3D,68
4798,Plac.,polish,2D,68
8340,Plan.,german,IMAX,68
1921,Podnieść instytucja.,spanish,2D,68
8914,Podstawowy przykład.,german,3D,68
4299,Pogoda.,spanish,2D,68
6438,Pojedynczy rysunek.,spanish,IMAX,68
6778,Pokazywać.,polish,IMAX,68
3600,Polak grupa.,spanish,IMAX,68
5807,Policzek dziedzina.,english,2D,68
1762,Polityczny masło.,spanish,IMAX,68
7589,Postać brzeg.,polish,IMAX,68
3653,Postawić.,spanish,IMAX,68
9033,Postępować Unia Europejska.,german,IMAX,68
3891,Powietrze.,polish,3D,68
3891,Powietrze.,spanish,2D,68
5928,Powinien zeszły.,spanish,IMAX,68
5928,Powinien zeszły.,english,3D,68
4426,Powoli jechać.,english,3D,68
7724,Powolny.,polish,IMAX,68
3896,Poziom przypadek.,polish,IMAX,68
8579,Pozostawać.,english,IMAX,68
6230,Pójść.,polish,IMAX,68
9388,Praktyka niezwykły.,spanish,IMAX,68
1477,Prąd samiec.,polish,IMAX,68
9393,Prezent.,spanish,IMAX,68
3680,Produkcja.,english,2D,68
1987,Projekt spodnie.,english,2D,68
571,Promień.,german,2D,68
6235,Prosty rysunek.,english,3D,68
6447,Prywatny.,spanish,3D,68
9728,Przeciw charakterystyczny.,polish,IMAX,68
569,Przeciwnik.,polish,2D,68
824,Przejść.,spanish,IMAX,68
802,Przemysł.,english,IMAX,68
7519,Przerwa wioska.,english,2D,68
5695,Przerwa.,spanish,3D,68
581,Przez.,german,IMAX,68
3237,Przyjaźń.,spanish,3D,68
6371,Przyjąć.,spanish,3D,68
7957,Przynieść.,polish,2D,68
8984,Przynosić piąty.,spanish,3D,68
3774,Przypominać.,spanish,IMAX,68
6077,Pustynia głupi.,polish,IMAX,68
6368,Radio nadawać.,polish,3D,68
6463,Rasa.,german,2D,68
1099,Razem.,spanish,2D,68
1179,Relacja.,polish,3D,68
4075,Rower.,english,2D,68
2975,Różnica.,english,3D,68
5131,Różowy w..,english,2D,68
9928,Rynek.,polish,IMAX,68
6718,Rzadki sportowy.,spanish,3D,68
579,Rzecz lecz.,german,3D,68
4897,Rzucić wstyd.,polish,2D,68
238,Sąd znaczenie.,english,2D,68
9585,Scena.,german,IMAX,68
5523,Seks podnosić.,spanish,3D,68
8835,Skała.,german,3D,68
4048,Skóra Rosja.,english,2D,68
6827,Słodki.,english,IMAX,68
1802,Słuchać.,english,IMAX,68
905,Smak część.,english,IMAX,68
2737,Smak.,spanish,IMAX,68
6698,Smutny wielkość.,german,2D,68
2802,Sobą ono.,english,3D,68
6831,Sobota.,english,IMAX,68
1513,Sposób choć.,spanish,IMAX,68
9070,Sprawa.,german,IMAX,68
5346,Sprawa.,polish,3D,68
7107,Sprzedawać.,german,2D,68
5151,Stół.,german,IMAX,68
7161,Student znany.,polish,IMAX,68
2243,Stworzyć.,german,3D,68
9328,Styl wielki.,german,IMAX,68
6384,Sukces.,spanish,IMAX,68
1598,Symbol matka.,english,IMAX,68
9179,Sytuacja szkło.,polish,2D,68
3204,Szklanka.,spanish,2D,68
8637,Ślad arabski.,polish,3D,68
5980,Śmiech.,polish,2D,68
9618,Śnieg.,polish,IMAX,68
9188,Świeca odcinek.,polish,IMAX,68
8395,Świeży uczucie.,spanish,2D,68
2287,Święty.,german,3D,68
8633,Świnia.,polish,2D,68
4345,Talerz.,polish,2D,68
8562,Tamten gra.,german,IMAX,68
3474,Taniec pisanie.,spanish,3D,68
2527,Technika zjawisko.,english,2D,68
1753,Ten Sam.,english,3D,68
8178,Trwały pół.,english,2D,68
6474,Trzy narkotyk.,polish,IMAX,68
9335,Tutaj imię.,english,3D,68
9305,Tworzyć.,english,IMAX,68
8031,Tylko.,german,2D,68
6670,Tył dział.,polish,3D,68
9987,U.,english,3D,68
388,Uczucie pokonać.,polish,3D,68
396,Układ Okresowy.,english,2D,68
6201,Ukraina Hiszpania.,german,2D,68
1018,Ukraiński należy.,polish,2D,68
1531,Umieć Jezus.,polish,IMAX,68
5991,Umożliwiać fragment.,polish,IMAX,68
5991,Umożliwiać fragment.,german,IMAX,68
4644,W Kształcie.,polish,3D,68
8336,W..,spanish,IMAX,68
3307,Wada posługiwać się.,english,2D,68
723,Walczyć.,english,3D,68
4764,Warunek.,polish,2D,68
9082,Według.,polish,3D,68
1731,Węgiel utrzymywać.,polish,3D,68
8576,Widoczny.,spanish,IMAX,68
6245,Wiek szkolny.,german,IMAX,68
7266,Wieś.,german,2D,68
1567,Wieża Rzym.,german,IMAX,68
1567,Wieża Rzym.,polish,2D,68
4921,Większy.,spanish,2D,68
3329,Więzienie pomiędzy.,german,3D,68
7218,Wino.,german,2D,68
6162,Wizyta dziać się.,spanish,IMAX,68
6308,Właściciel drzwi.,german,IMAX,68
6560,Właściciel.,spanish,IMAX,68
6560,Właściciel.,polish,2D,68
3545,Właśnie sprzęt.,german,3D,68
3545,Właśnie sprzęt.,german,3D,68
6376,Włochy.,german,2D,68
2906,Włos.,polish,3D,68
1183,Włosy.,spanish,IMAX,68
7641,Włosy.,polish,2D,68
1183,Włosy.,polish,2D,68
4621,Wodny.,german,IMAX,68
5434,Wojenny.,english,3D,68
6484,Wolno.,german,2D,68
5295,Wolność poznać.,polish,3D,68
5295,Wolność poznać.,spanish,IMAX,68
6809,Wóz przyrząd.,polish,2D,68
5454,Wrogość pozbawić.,english,3D,68
9773,Wspólnota.,polish,3D,68
2141,Wspólny.,polish,2D,68
4966,Wtedy.,spanish,IMAX,68
5618,Wy 30.,spanish,2D,68
2061,Wybór.,german,2D,68
7863,Wybór.,polish,3D,68
2210,Wydać.,polish,2D,68
9627,Wykonanie.,english,2D,68
3885,Wynosić itp..,polish,3D,68
2821,Wysokość.,spanish,IMAX,68
3723,Wystawa.,spanish,2D,68
6717,Występować.,english,3D,68
7271,Wysyłać.,spanish,IMAX,68
9128,Wzdłuż norma.,german,IMAX,68
7051,Wzór dodać.,spanish,2D,68
6545,Z Krwi I Kości.,spanish,3D,68
2514,Zakład płakać.,english,IMAX,68
8096,Zakład pozbawić.,spanish,2D,68
4768,Zakład tył.,english,IMAX,68
6649,Zakończenie przeciwny.,polish,IMAX,68
158,Zanim błąd.,spanish,IMAX,68
3018,Zatrzymać lustro.,spanish,IMAX,68
4959,Zboże.,english,2D,68
346,Zdjęcie film.,english,3D,68
4797,Zgodnie straszny.,polish,IMAX,68
9081,Złożyć wieś.,polish,2D,68
8380,Znowu samica.,german,IMAX,68
8339,Zrozumieć.,german,2D,68
9682,Związany zamknąć.,polish,2D,68
209,Żart zmienić.,polish,3D,68
8533,Że żelazo.,spanish,IMAX,68
233,Że.,spanish,3D,68
8276,Żyd.,spanish,IMAX,68
2599,Żydowski koń.,german,IMAX,68
306,–.,spanish,2D,67
9644,(…) Kraków.,english,2D,67
7232,?.,english,3D,67
6341,30 czynić.,polish,2D,67
5755,Akcja wrzesień.,polish,3D,67
7047,Aktor wątpliwość.,polish,3D,67
2385,Anglia.,spanish,2D,67
5838,Artystyczny.,english,IMAX,67
8163,Australia.,english,IMAX,67
3735,Austria pół.,english,3D,67
4486,Badać.,polish,3D,67
5609,Biedny gałąź.,english,IMAX,67
7076,Biuro.,spanish,IMAX,67
3937,Bliski ryzyko.,english,2D,67
440,Bliski.,german,2D,67
9501,Bogactwo.,polish,3D,67
5319,Bogaty pies.,spanish,3D,67
198,Bóg dotyczyć.,spanish,IMAX,67
2601,Bóg.,english,IMAX,67
4972,Broń tysiąc.,english,3D,67
9942,Brudny Niemiec.,spanish,IMAX,67
7764,Budynek.,polish,3D,67
7761,By.,german,IMAX,67
8465,Bycie.,spanish,2D,67
8598,Cały.,polish,3D,67
492,Charakterystyczny.,german,IMAX,67
4731,Chłop.,german,2D,67
5829,Chmura.,english,2D,67
6930,Chronić.,spanish,3D,67
1144,Ci.,polish,2D,67
9607,Ciało.,polish,IMAX,67
748,Ciężar członek.,polish,IMAX,67
2298,Czekolada Japonia.,english,3D,67
6267,Czerwiec we.,polish,3D,67
7634,Częściowo.,english,2D,67
9814,Czterdzieści.,german,2D,67
780,Czwarty zielony.,english,2D,67
3670,Czysty.,german,2D,67
6880,Czytać.,german,IMAX,67
2772,Dać Się.,polish,2D,67
6175,Daleko.,english,IMAX,67
55,Dar.,polish,2D,67
5359,Dialekt bardzo.,english,IMAX,67
5056,Dla.,spanish,2D,67
6361,Dlatego koło.,polish,3D,67
7564,Dodatkowy.,spanish,2D,67
1053,Doprowadzić.,spanish,IMAX,67
4261,Drugi 70.,polish,IMAX,67
457,Duński.,polish,3D,67
7572,Dusza aż.,english,2D,67
6898,Dwudziesty ryba.,spanish,2D,67
6673,Działanie sowa.,english,3D,67
6292,Dziewiąty.,german,2D,67
5351,Dziewiąty.,polish,2D,67
2751,Dźwięk.,english,3D,67
735,Element wyrób.,german,2D,67
8047,Europejski.,spanish,3D,67
4102,Fakt.,polish,IMAX,67
6065,Fakt.,polish,3D,67
5219,Fala nazwisko.,english,IMAX,67
1747,Figura.,english,3D,67
9774,Firma wada.,german,2D,67
2340,Gałąź.,spanish,3D,67
5534,Gałąź.,polish,3D,67
7712,Gdyby.,spanish,3D,67
7712,Gdyby.,german,IMAX,67
1570,Gęś mowa.,spanish,2D,67
6081,Głupota.,english,3D,67
3357,Godzina część.,english,2D,67
1911,Gorączka.,spanish,3D,67
1909,Góra wygrać.,english,3D,67
3923,Górski mieszkanka.,german,3D,67
7433,Grzyb rozmiar.,polish,3D,67
6937,Grzyb życie.,polish,3D,67
2107,Grzyb.,spanish,2D,67
3918,Gwałtowny.,german,3D,67
4962,Handlowy trwać.,german,2D,67
9124,Handlowy.,german,2D,67
4977,Hasło ósmy.,english,3D,67
4977,Hasło ósmy.,polish,2D,67
1305,Herbata.,polish,3D,67
7525,Hiszpański twardy.,german,IMAX,67
584,Hodować właściwość.,german,3D,67
5663,Ilość deska.,polish,2D,67
8704,Impreza.,polish,IMAX,67
6623,Instrument.,polish,IMAX,67
3898,Istnieć.,polish,3D,67
6606,Jadalny klimat.,english,3D,67
7247,Japonia transport.,polish,IMAX,67
5062,Jej tkanina.,spanish,2D,67
8258,Kalendarz.,english,3D,67
5793,Katastrofa ciecz.,german,2D,67
7463,Kawa.,polish,2D,67
4375,Kierować źródło.,polish,2D,67
1040,Klub kierunek.,spanish,2D,67
6659,Kłopot potrzeba.,english,3D,67
3956,Kłopot.,english,IMAX,67
5962,Kolejny punkt.,polish,3D,67
8135,Kontakt.,polish,IMAX,67
6491,Kontakt.,german,3D,67
3959,Korona umysł.,polish,2D,67
5087,Kosz.,spanish,2D,67
7880,Koszt.,spanish,3D,67
9636,Kosztować.,english,2D,67
4035,Kościelny.,spanish,IMAX,67
6030,Kraina narkotyk.,english,3D,67
9832,Królowa.,spanish,IMAX,67
535,Książka.,english,2D,67
1304,Księga szkolny.,english,3D,67
9425,Kupować środek.,polish,2D,67
6636,Kwiat.,spanish,IMAX,67
7456,Las zbierać.,german,2D,67
9368,Lista.,german,2D,67
5433,Litera.,german,2D,67
3858,Łyżka jeszcze.,english,IMAX,67
9066,Łyżka.,polish,IMAX,67
1431,Majuskuła drewno.,english,3D,67
9968,Marka.,polish,2D,67
7677,Miecz.,english,IMAX,67
9877,Miejsce.,spanish,IMAX,67
5789,Mistrz.,polish,IMAX,67
9122,Modlitwa wszelki.,spanish,2D,67
3170,Myśleć.,english,2D,67
8297,Na Zewnątrz.,polish,IMAX,67
6391,Nazwisko przeciw.,english,3D,67
5974,Niedźwiedź składać.,german,IMAX,67
7886,Obcy te.,english,2D,67
9372,Obecnie wczesny.,english,IMAX,67
8479,Obejmować zainteresowanie.,polish,IMAX,67
31,Ogród.,german,3D,67
8769,Ojciec.,english,3D,67
6381,Ojczyzna.,german,3D,67
9601,Okno w formie.,spanish,IMAX,67
2064,Okno.,english,3D,67
7847,Oni noga.,polish,2D,67
4376,Orzeł urodzenie.,polish,2D,67
2332,Osiągnąć.,spanish,3D,67
5633,Osiemdziesiąt wilk.,spanish,3D,67
563,Ostatni.,spanish,2D,67
1131,Ostry.,polish,2D,67
2665,Pamiętać działalność.,polish,2D,67
3220,Pasmo.,spanish,2D,67
3139,Pierś górski.,german,3D,67
1492,Pierś rano.,german,3D,67
4555,Pierwiastek.,polish,3D,67
2952,Plama.,spanish,IMAX,67
1230,Płaski.,english,3D,67
2898,Płeć przeciw.,polish,IMAX,67
4419,Płyn.,polish,2D,67
4537,Podatek.,spanish,2D,67
1639,Pojazd Wielka Brytania.,english,2D,67
5967,Pojedynczy między.,english,3D,67
6745,Pokryć.,spanish,2D,67
5055,Pole.,spanish,IMAX,67
3442,Polityka.,spanish,3D,67
4771,Połowa.,spanish,3D,67
3503,Położyć.,english,IMAX,67
3448,Południowy.,spanish,3D,67
5095,Pomoc panna.,english,2D,67
7741,Pomoc pewien.,polish,2D,67
1341,Pomoc szybki.,german,2D,67
1233,Postać ciemny.,german,3D,67
5300,Poważny powodować.,spanish,3D,67
3479,Powietrze życie.,english,IMAX,67
2591,Pragnienie.,polish,2D,67
7448,Prowincja.,polish,3D,67
1886,Przedmiot.,spanish,IMAX,67
2755,Przedsiębiorstwo lekki.,english,2D,67
2755,Przedsiębiorstwo lekki.,spanish,3D,67
4569,Przeprowadzać wydarzenie.,spanish,3D,67
1991,Przestać policja.,polish,3D,67
3781,Przestępstwo.,polish,IMAX,67
8437,Przez społeczeństwo.,english,2D,67
1522,Przybyć bank.,english,IMAX,67
719,Przygotować jedzenie.,english,2D,67
8400,Przyjęcie.,polish,IMAX,67
5071,Przynieść.,spanish,3D,67
4205,Przyprawa dodatek.,spanish,IMAX,67
9034,Pytać.,german,IMAX,67
4588,Pytać.,polish,IMAX,67
518,Radość stosunek.,polish,3D,67
2795,Razem.,german,IMAX,67
5810,Relacja.,english,IMAX,67
475,Restauracja.,english,IMAX,67
3819,Rosja.,spanish,IMAX,67
8440,Rower.,spanish,3D,67
262,Rozumieć.,polish,2D,67
5644,Róg chleb.,english,IMAX,67
7807,Również.,german,IMAX,67
8939,Rynek choć.,english,3D,67
4359,Ryż godzina.,spanish,3D,67
3583,Samiec.,spanish,3D,67
8920,Samochodowy daleki.,polish,IMAX,67
5045,Siedzieć dno.,polish,IMAX,67
6904,Się atmosfera.,polish,2D,67
1071,Skała tam.,english,IMAX,67
1394,Służyć grudzień.,german,IMAX,67
2480,Smutek polityczny.,polish,3D,67
3768,Smutny.,german,IMAX,67
4413,Sok szklanka.,spanish,2D,67
7903,Spotkanie.,german,3D,67
7903,Spotkanie.,english,3D,67
8641,Ssak wyspa.,english,2D,67
3534,Ssak.,english,IMAX,67
8042,Stacja.,polish,3D,67
4824,Stanowić blisko.,spanish,3D,67
6487,Statek pomoc.,polish,IMAX,67
3987,Staw możliwy.,german,IMAX,67
6045,Sto.,spanish,2D,67
3588,Studiować.,spanish,IMAX,67
566,Surowy.,polish,IMAX,67
1361,Sylaba zamieszkiwać.,english,IMAX,67
9515,Sylaba.,polish,3D,67
8370,Szacunek.,english,3D,67
1426,Szlachetny samica.,spanish,3D,67
5229,Szwajcaria.,spanish,IMAX,67
5690,Szwecja dzielić.,spanish,3D,67
6409,Ślad odpowiedź.,polish,2D,67
7095,Średniowieczny r..,german,3D,67
6981,Średniowieczny tracić.,polish,IMAX,67
3771,Święty dziób.,english,2D,67
3788,Taki prawo.,german,3D,67
9316,Technika zbudować.,polish,2D,67
2150,Telefon.,spanish,IMAX,67
2150,Telefon.,spanish,3D,67
7569,Ten Sam w wyniku.,german,2D,67
5899,To.,english,IMAX,67
9252,Trwać Rzym.,english,IMAX,67
5818,Trzeci.,english,3D,67
4718,Trzydzieści przyjemny.,english,2D,67
4718,Trzydzieści przyjemny.,spanish,IMAX,67
8573,Trzymać wynosić.,polish,3D,67
4162,Twarz studia.,german,IMAX,67
3538,Uderzenie.,spanish,2D,67
5553,Układ 30.,spanish,3D,67
9412,Ukraiński.,spanish,IMAX,67
7417,Uznawać.,polish,3D,67
7417,Uznawać.,spanish,IMAX,67
2075,Uzyskać zachodni.,german,3D,67
8916,Użyć katolicki.,english,2D,67
8966,W Celu ogromny.,spanish,IMAX,67
619,W Kształcie.,german,2D,67
7132,W Wyniku.,english,IMAX,67
690,Wada Słowacja.,german,2D,67
5508,Warunek.,german,2D,67
76,Warzywo.,spanish,IMAX,67
3045,Wcześnie.,spanish,2D,67
6516,Według.,german,IMAX,67
3165,Wieczorem adres.,english,2D,67
7967,Wiek.,spanish,3D,67
7372,Wiek.,english,3D,67
6731,Władca w kształcie.,english,3D,67
4640,Wojna błąd.,german,IMAX,67
2092,Wojskowy.,german,IMAX,67
6743,Wódka.,polish,3D,67
2205,Wpływ ono.,german,3D,67
9220,Wskazywać.,english,3D,67
8899,Wspólnota.,spanish,3D,67
9344,Wszystkie Rzym.,german,3D,67
6,Wybierać.,english,2D,67
936,Wybuch tworzyć.,german,IMAX,67
8389,Wychodzić.,spanish,3D,67
3734,Wydawać spotkać.,spanish,IMAX,67
9018,Wyjść łóżko.,english,3D,67
1034,Wysiłek w.,english,2D,67
2241,Wysokość.,english,3D,67
9094,Wywodzić Się przestrzeń.,english,IMAX,67
9598,Wywoływać prowadzić.,polish,IMAX,67
8673,Wzór byk.,english,3D,67
2121,Z Powodu wysokość.,german,IMAX,67
7485,Zacząć przyjąć.,english,3D,67
6010,Zadanie dzielnica.,spanish,2D,67
9394,Zajęcie.,german,IMAX,67
4078,Założyć łatwy.,english,IMAX,67
5028,Zapomnieć.,german,IMAX,67
8475,Zasada plecy.,polish,3D,67
9186,Zawartość.,spanish,IMAX,67
3555,Zawodnik dopiero.,spanish,IMAX,67
2520,Zazwyczaj trzy.,german,IMAX,67
5338,Zbierać odczuwać.,german,3D,67
6669,Zboże.,polish,IMAX,67
5407,Zgodnie.,polish,IMAX,67
3314,Ziemia.,spanish,2D,67
143,Ziemniak.,spanish,2D,67
6891,Ziemski pić.,polish,3D,67
3504,Zimny.,german,2D,67
2071,Zjawisko.,spanish,3D,67
7,Znaczny.,german,3D,67
6424,Znaczyć piwo.,polish,IMAX,67
5017,Znów.,spanish,2D,67
5916,Zobaczyć znajdować się.,german,IMAX,67
436,Zrozumieć panować.,german,IMAX,67
7962,Zrozumieć.,spanish,2D,67
2629,Zwyczaj burza.,polish,2D,67
993,Zwyczaj.,english,IMAX,67
3802,Źle.,english,IMAX,67
9450,Źródło.,english,2D,67
8218,Żart ćwiczenie.,german,2D,67
2199,Żona.,english,IMAX,67
5897,Żyd znaleźć.,english,3D,67
5639,Żywność Austria.,spanish,IMAX,67
2583,Żywy dzięki.,german,3D,67
2752,? mleko.,spanish,2D,66
9438,3 —.,polish,2D,66
615,40.,spanish,2D,66
111,60 dziś.,english,2D,66
7071,Administracyjny.,polish,2D,66
7071,Administracyjny.,english,IMAX,66
1846,Akcja psychiczny.,english,3D,66
1846,Akcja psychiczny.,english,2D,66
3383,Ani.,english,3D,66
1780,Armia leżeć.,spanish,IMAX,66
6521,Aż zakładać.,spanish,IMAX,66
4820,Bliski.,german,3D,66
5889,Blisko.,spanish,2D,66
2504,Błąd.,spanish,IMAX,66
8727,Budowa przedsiębiorstwo.,english,IMAX,66
8798,Budować.,german,IMAX,66
1117,Bycie.,german,2D,66
636,Chiny również.,spanish,2D,66
2791,Chronić dla.,german,3D,66
3941,Chronić.,polish,2D,66
7509,Chrystus.,english,IMAX,66
6435,Chyba zły.,spanish,3D,66
7815,Ci.,polish,3D,66
8547,Ciągnąć.,german,2D,66
8547,Ciągnąć.,polish,2D,66
626,Ciekawy zakres.,polish,IMAX,66
8253,Ciotka mleko.,german,IMAX,66
7975,Cmentarz prosty.,english,IMAX,66
1345,Córka osioł.,german,2D,66
4430,Czekolada.,english,2D,66
7990,Często.,polish,IMAX,66
3080,Dać Się.,german,3D,66
3080,Dać Się.,polish,2D,66
2642,Dania.,spanish,2D,66
1844,Danie.,polish,IMAX,66
2801,Deska.,polish,3D,66
2224,Do zbudować.,german,IMAX,66
9209,Dobry widoczny.,spanish,2D,66
4521,Dokonać dziedzina.,english,IMAX,66
2806,Doskonały.,polish,IMAX,66
4402,Dowód 2.,german,2D,66
3090,Dyrektor podobny.,english,3D,66
6346,Dziać Się.,polish,IMAX,66
8232,Dziecko powstanie.,english,IMAX,66
3933,Dzielić Egipt.,german,IMAX,66
9259,Dziewięć.,english,3D,66
3005,Forma uderzenie.,german,2D,66
4144,Gałąź świeca.,german,3D,66
1358,Gatunek.,english,IMAX,66
1358,Gatunek.,polish,3D,66
7173,Głos.,spanish,3D,66
6359,Głowa.,english,3D,66
5218,Głupi.,german,IMAX,66
1382,Gniew ubogi.,spanish,3D,66
2261,Gotować.,polish,3D,66
3851,Grunt.,german,IMAX,66
17,Grzech.,polish,2D,66
7909,Hasło.,spanish,IMAX,66
4613,Indie.,english,IMAX,66
48,Intensywny.,german,3D,66
1557,Istnieć.,german,3D,66
3637,Iść cukier.,german,3D,66
4034,Jak.,spanish,3D,66
5892,Jakość.,english,3D,66
5892,Jakość.,english,2D,66
8591,Jednocześnie jądro.,polish,3D,66
8963,Jedynie.,polish,IMAX,66
7836,Jej.,spanish,IMAX,66
7831,Jeszcze kuchnia.,polish,IMAX,66
965,Jeśli.,english,2D,66
2808,Jeżeli głupi.,english,IMAX,66
148,Już sieć.,german,3D,66
1796,Kanał.,polish,2D,66
6722,Kartka przyjęcie.,spanish,2D,66
8639,Katastrofa przejaw.,polish,3D,66
8997,Kłopot.,german,IMAX,66
3929,Kolacja.,german,3D,66
332,Kolor.,english,2D,66
4289,Korzeń promień.,spanish,3D,66
9753,Korzystać służyć.,german,2D,66
6113,Kosztować szukać.,german,2D,66
8481,Kościół ojciec.,english,2D,66
6016,Kot.,polish,3D,66
5122,Koza Egipt.,german,3D,66
4429,Kraj.,spanish,IMAX,66
8287,Królowa.,polish,3D,66
6462,Krótki zmienić.,spanish,IMAX,66
8868,Krzyż nowy.,polish,3D,66
8360,Który dwudziesty.,polish,IMAX,66
3064,Kult kosztować.,english,2D,66
2090,Lipiec.,polish,3D,66
2503,Lista.,english,2D,66
2636,Liść zboże.,polish,IMAX,66
2636,Liść zboże.,english,2D,66
7706,Łagodny bardzo.,spanish,IMAX,66
318,Łagodny literacki.,polish,2D,66
6262,Łyżka restauracja.,polish,3D,66
5091,Medycyna.,english,3D,66
1181,Miecz (…).,german,2D,66
1225,Mieć.,polish,IMAX,66
8554,Miłość.,english,2D,66
1096,Minister wrogi.,english,IMAX,66
8049,Mistrz.,polish,2D,66
4319,Moralny firma.,german,2D,66
6236,Może.,spanish,IMAX,66
2424,Naturalny przedmiot.,polish,IMAX,66
4146,Naturalny.,polish,3D,66
4146,Naturalny.,german,3D,66
5064,Nauczycielka.,english,IMAX,66
1887,Naukowiec.,english,3D,66
297,Naukowy toponim.,german,3D,66
297,Naukowy toponim.,spanish,3D,66
6497,Niezwykły.,polish,IMAX,66
1068,Nikt.,spanish,3D,66
5343,Niszczyć podawać.,english,IMAX,66
4917,Numer los.,spanish,3D,66
7466,Obchodzić małżeństwo.,german,2D,66
2277,Obszar szary.,spanish,2D,66
9946,Ocean.,polish,3D,66
3106,Ocena czerwony.,german,IMAX,66
1221,Odkryć.,polish,IMAX,66
6320,Odpowiedni odnosić się.,spanish,2D,66
3232,Określenie stać się.,english,2D,66
9874,On gra.,german,3D,66
5528,Opisać.,spanish,3D,66
1060,Organizm kolejny.,english,2D,66
8691,Osoba.,spanish,2D,66
1959,Otoczenie pałac.,spanish,IMAX,66
4646,Otwarty strach.,polish,2D,66
1276,Panować wszystko.,english,3D,66
8972,Para decyzja.,spanish,IMAX,66
8972,Para decyzja.,polish,IMAX,66
6217,Partia Azja.,german,2D,66
9543,Pasmo uczyć się.,english,IMAX,66
7920,Patrzeć.,polish,IMAX,66
9902,Piętnaście.,spanish,2D,66
9902,Piętnaście.,spanish,3D,66
7538,Plac.,german,3D,66
3260,Plama reakcja.,polish,IMAX,66
2639,Po Prostu.,english,IMAX,66
6036,Pod.,english,IMAX,66
6036,Pod.,german,3D,66
9512,Podczas metal.,english,2D,66
8674,Podobny polski.,german,IMAX,66
4845,Poduszka.,spanish,IMAX,66
4669,Podział.,english,IMAX,66
7537,Pojedynczy.,english,IMAX,66
88,Pokarm pomoc.,spanish,2D,66
4011,Policzek użyć.,english,IMAX,66
6321,Połączyć ciężar.,german,3D,66
9454,Połączyć zupełnie.,polish,2D,66
2045,Pomiędzy.,english,3D,66
2782,Ponieważ.,polish,IMAX,66
5661,Ponownie.,polish,2D,66
2035,Port.,german,IMAX,66
8658,Posługiwać Się.,polish,IMAX,66
4536,Powiedzieć nazwisko.,spanish,2D,66
1473,Powierzchnia.,english,2D,66
3054,Powinien.,spanish,IMAX,66
2010,Powodować ogół.,polish,3D,66
1994,Powód nosić.,spanish,2D,66
1320,Powód stopień.,polish,2D,66
8712,Pozostać układ.,polish,IMAX,66
7310,Półwysep.,english,3D,66
1709,Pragnąć twardy.,english,2D,66
7974,Prawy.,polish,2D,66
7974,Prawy.,polish,3D,66
1392,Prezent łatwy.,german,IMAX,66
4043,Prędkość.,polish,3D,66
9772,Promień.,polish,2D,66
3029,Proszę gniew.,german,IMAX,66
8644,Przecież.,spanish,3D,66
8550,Przed.,english,IMAX,66
6920,Przeszłość.,polish,2D,66
2866,Przez sam.,polish,IMAX,66
6732,Przygotować spadać.,polish,2D,66
3435,Przynosić.,polish,2D,66
7381,Przyprawa.,german,3D,66
7762,Przyszłość okręt.,spanish,IMAX,66
5478,Przyszły rozwiązanie.,polish,3D,66
6074,Ptak moment.,english,2D,66
7388,Punkt często.,german,3D,66
8861,Punkt niebo.,polish,3D,66
5596,Pytać.,spanish,3D,66
7371,Rodowity sprzedawać.,spanish,IMAX,66
9312,Rolnik szereg.,german,IMAX,66
4611,Rozwój Belgia.,german,2D,66
7859,Równy smak.,english,2D,66
7887,Różny.,german,3D,66
369,Samochód.,spanish,2D,66
9586,Sąsiad letni.,german,IMAX,66
1005,Siedemdziesiąt dalej.,polish,3D,66
4327,Skala podczas.,english,3D,66
5781,Skład głupek.,polish,IMAX,66
8157,Skutek.,german,3D,66
1945,Służba głowa.,spanish,3D,66
1945,Służba głowa.,german,3D,66
3848,Stary.,german,2D,66
5373,Strata sześć.,spanish,3D,66
1333,Strata.,german,3D,66
8723,Student specjalny.,german,2D,66
9999,Szanowny zawierać.,polish,2D,66
5557,Szanowny.,polish,IMAX,66
5557,Szanowny.,spanish,2D,66
8656,Szklanka naród.,german,3D,66
5944,Szkoda koń.,polish,3D,66
3971,Szósty istota.,spanish,IMAX,66
6632,Szpital.,german,IMAX,66
6426,Śmiech.,spanish,IMAX,66
7377,Śmierć cierpienie.,english,3D,66
6051,Taki.,german,IMAX,66
2624,Te.,polish,3D,66
9998,Trzydziesty.,polish,3D,66
5540,Tutaj.,polish,IMAX,66
3938,Tutaj.,english,IMAX,66
8422,Twarz dziesięć.,english,3D,66
6986,Tworzyć majuskuła.,english,IMAX,66
805,Tydzień szwedzki.,english,3D,66
805,Tydzień szwedzki.,german,3D,66
9642,Tysiąc.,spanish,3D,66
9638,Uciec wypadek.,english,3D,66
3016,Uderzać.,german,3D,66
3016,Uderzać.,polish,IMAX,66
8284,Uprawiać.,spanish,IMAX,66
7842,Urodzić produkować.,german,2D,66
2678,Urodziny świątynia.,english,IMAX,66
20,Walczyć wysyłać.,spanish,IMAX,66
20,Walczyć wysyłać.,german,IMAX,66
2244,Wchodzić.,english,2D,66
9718,Wczesny ponad.,spanish,3D,66
8212,Wczesny.,english,2D,66
9687,Wiatr.,english,2D,66
114,Wielka Brytania.,english,IMAX,66
8511,Wiersz.,spanish,2D,66
4495,Wioska.,german,2D,66
4705,Wobec.,german,IMAX,66
301,Wojskowy.,english,2D,66
7397,Wolno.,german,IMAX,66
5268,Wódka.,spanish,IMAX,66
280,Wpływ umieszczać.,english,IMAX,66
8671,Wrażenie.,english,3D,66
1581,Wrócić skutek.,english,IMAX,66
9180,Wspaniały wiek.,polish,2D,66
9180,Wspaniały wiek.,english,2D,66
5896,Wszelki trzydziesty.,spanish,3D,66
6225,Wtorek.,german,3D,66
7429,Wtorek.,english,2D,66
5226,Wybitny.,spanish,2D,66
1789,Wybuch dziecko.,polish,2D,66
3783,Wydać granica.,german,IMAX,66
4661,Wydawać zwolennik.,english,2D,66
5798,Wykonywać paliwo.,spanish,IMAX,66
3685,Wyrażać.,spanish,3D,66
5612,Wzór ulica.,english,IMAX,66
5612,Wzór ulica.,german,2D,66
2855,Z Krwi I Kości podróż.,german,IMAX,66
6702,Zacząć napisać.,polish,IMAX,66
9784,Zajmować urzędnik.,german,IMAX,66
3935,Zbierać odpowiedź.,english,2D,66
1300,Zdrowy.,polish,2D,66
4060,Zgromadzenie piec.,spanish,2D,66
3515,Zimno walka.,polish,3D,66
9336,Zimny lubić.,spanish,3D,66
2719,Znać rana.,english,2D,66
248,Zobaczyć.,spanish,3D,66
4132,Zrobić.,german,2D,66
1698,Zrozumieć znajdować.,english,2D,66
1698,Zrozumieć znajdować.,english,3D,66
3402,Związek surowy.,german,2D,66
3328,Zwłaszcza.,english,2D,66
7860,Zwyczaj.,polish,2D,66
5460,Zwykły dorosły.,polish,3D,66
5460,Zwykły dorosły.,english,2D,66
9645,Że trochę.,polish,3D,66
169,-.,german,IMAX,65
6531,100.,spanish,2D,65
329,30.,polish,3D,65
6502,Abugida.,english,3D,65
1606,Akcja próba.,german,2D,65
9954,Akcja.,spanish,2D,65
3542,Analiza.,spanish,2D,65
4689,Arabski.,german,IMAX,65
3431,Australia waga.,spanish,3D,65
8850,Austria mebel.,german,3D,65
5124,Autor równy.,spanish,IMAX,65
7078,Azja staw.,english,3D,65
5085,Barwa potrzebny.,german,2D,65
5085,Barwa potrzebny.,spanish,3D,65
6843,Błoto.,english,3D,65
6843,Błoto.,english,3D,65
333,Bo jutro.,german,IMAX,65
6974,Bogaty niechęć.,spanish,3D,65
6974,Bogaty niechęć.,english,IMAX,65
6084,Boże Narodzenie.,english,2D,65
7584,Bóg.,polish,IMAX,65
7584,Bóg.,spanish,3D,65
7198,Bułgarski.,german,3D,65
3405,Być.,spanish,3D,65
3730,Byk ciecz.,german,3D,65
4041,Cały potrzeba.,german,2D,65
7516,Cecha.,spanish,2D,65
5857,Cena smutek.,polish,3D,65
595,Chwila spotkać.,polish,2D,65
3325,Ciągle.,english,2D,65
9199,Ciągnąć.,spanish,IMAX,65
9199,Ciągnąć.,german,IMAX,65
9620,Ciotka.,english,3D,65
365,Coraz zapis.,polish,IMAX,65
9174,Czas.,german,3D,65
9127,Cztery noc.,polish,2D,65
6711,Czuć szeroki.,polish,IMAX,65
2548,Czyli tani.,german,3D,65
656,Czysty.,spanish,2D,65
2337,Dania.,english,IMAX,65
26,Decyzja pojęcie.,german,2D,65
424,Decyzja.,polish,3D,65
9039,Dodatkowy.,polish,3D,65
6816,Dopiero abugida.,spanish,2D,65
6816,Dopiero abugida.,spanish,3D,65
7346,Doskonały.,spanish,IMAX,65
7338,Dość.,spanish,IMAX,65
6199,Dół szeroki.,german,IMAX,65
8506,Drewniany niech.,german,3D,65
8959,Drużyna Japonia.,english,3D,65
1047,Dziadek.,spanish,IMAX,65
3563,Dziewczyna narzędzie.,german,2D,65
3563,Dziewczyna narzędzie.,spanish,2D,65
3394,Dziewczynka.,polish,3D,65
3883,Dziewięć.,english,2D,65
7896,Dziwny otwarty.,polish,2D,65
4647,Egipt.,polish,3D,65
5560,Elektryczny przyjmować.,german,IMAX,65
7940,Epoka pozbawić.,spanish,IMAX,65
8661,Film turecki.,spanish,3D,65
692,Filozofia.,german,IMAX,65
9009,Firma.,spanish,2D,65
5668,Funkcja daleko.,german,2D,65
8684,Futro płeć.,polish,IMAX,65
8684,Futro płeć.,polish,2D,65
2442,Gatunek dokument.,english,2D,65
7849,Głównie.,english,2D,65
7312,Górny.,english,IMAX,65
607,Grudzień cień.,english,2D,65
6507,Hodować.,english,IMAX,65
5734,Hotel.,english,3D,65
1635,Idea.,spanish,IMAX,65
1087,Instytucja właściciel.,german,3D,65
177,Istnienie wyrób.,german,3D,65
8283,Jaki.,polish,IMAX,65
2302,Japonia jednak.,german,2D,65
2302,Japonia jednak.,polish,IMAX,65
9567,Jasny.,spanish,3D,65
8105,Jeździć.,spanish,3D,65
3310,Kobiecy katolicki.,english,2D,65
3197,Kochać.,spanish,2D,65
7296,Kończyć.,english,2D,65
7300,Korona pewien.,english,2D,65
1700,Korona siedemdziesiąt.,english,2D,65
1700,Korona siedemdziesiąt.,spanish,2D,65
1188,Kościół kształt.,german,3D,65
3889,Królewski.,german,3D,65
4724,Który.,spanish,IMAX,65
3453,Kuchnia.,german,3D,65
383,Kult.,german,2D,65
1865,Kwestia choć.,spanish,2D,65
4660,Lata.,german,IMAX,65
9064,Lipiec podatek.,english,3D,65
6668,Lipiec.,english,2D,65
5507,Litera.,english,3D,65
2964,Łuk w formie.,german,3D,65
608,Małżeństwo miękki.,german,2D,65
702,Małżeństwo.,german,3D,65
6972,Matematyka.,english,3D,65
9421,Medycyna powoli.,spanish,2D,65
6068,Miejsce.,polish,3D,65
45,Mocz zakon.,english,2D,65
3208,Moment wóz.,german,3D,65
6347,Móc odległość.,german,2D,65
765,My.,german,3D,65
10000,Niebo.,english,IMAX,65
6483,Niebo.,english,3D,65
860,Niedźwiedź.,german,3D,65
7970,Niewielki idea.,english,3D,65
6362,Noga ruch.,polish,2D,65
5016,Norma.,spanish,3D,65
3407,Obchodzić.,german,IMAX,65
3977,Obraz.,spanish,IMAX,65
8892,Obszar.,german,2D,65
8892,Obszar.,german,IMAX,65
5885,Odbywać Się bank.,polish,3D,65
3051,Oddać cień.,english,IMAX,65
3051,Oddać cień.,german,IMAX,65
8333,Oddawać owoc.,spanish,2D,65
6466,Odmiana.,english,3D,65
8168,Odnosić Się.,german,3D,65
226,Odpowiadać chęć.,english,2D,65
1797,Ogromny dostać.,english,3D,65
5253,Ogród.,english,IMAX,65
1067,Oko.,german,IMAX,65
8885,Opłata.,polish,IMAX,65
9347,Opowiadać.,german,IMAX,65
4581,Orzeł.,english,IMAX,65
8262,Ostatni.,german,2D,65
8710,Owad robotnik.,english,3D,65
6626,Pacjent gospodarczy.,english,2D,65
9709,Pająk.,polish,2D,65
9709,Pająk.,german,2D,65
7566,Pani.,polish,3D,65
5430,Państwowy kuchnia.,polish,2D,65
7679,Pasek wpływ.,spanish,3D,65
9663,Patrzeć.,english,2D,65
9338,Październik wolny.,polish,3D,65
2334,Październik.,polish,2D,65
7251,Piątek wakacje.,german,3D,65
7698,Pierś.,spanish,2D,65
3426,Pies.,english,2D,65
9847,Piętro dom.,english,3D,65
3319,Pisarz.,spanish,IMAX,65
9919,Planeta budowla.,polish,IMAX,65
4475,Poczta.,spanish,IMAX,65
1318,Podać.,german,2D,65
712,Pojazd.,spanish,IMAX,65
7274,Pomarańcza.,spanish,2D,65
1011,Poniedziałek podatek.,polish,IMAX,65
4466,Poniedziałek ubogi.,english,IMAX,65
6931,Posługiwać Się.,german,3D,65
5207,Potem kupować.,spanish,IMAX,65
2238,Pozostać.,german,3D,65
2875,Praca.,polish,IMAX,65
5872,Praktyka.,spanish,3D,65
5074,Prasa badać.,english,3D,65
3312,Prawo.,german,IMAX,65
8235,Prosty Wielka Brytania.,spanish,IMAX,65
1301,Prostytutka orzeł.,english,IMAX,65
9504,Proszę.,german,3D,65
8881,Przeciwnik czuć.,german,IMAX,65
4044,Przedstawienie gorący.,english,2D,65
3565,Przestrzeń.,polish,IMAX,65
4970,Przyjść ojciec.,english,IMAX,65
8463,Psychiczny.,polish,IMAX,65
7665,Rak przybyć.,polish,IMAX,65
8292,Region.,german,2D,65
8494,Religia.,polish,2D,65
8102,Restauracja.,german,3D,65
939,Rosja kolej.,spanish,IMAX,65
2932,Rozumieć.,german,IMAX,65
9446,Różnica dzięki.,english,IMAX,65
5354,Różowy prawdziwy.,german,3D,65
5354,Różowy prawdziwy.,german,IMAX,65
8268,Samochód udział.,spanish,2D,65
8473,Samolot część.,polish,2D,65
5615,Sądowy radiowy.,english,2D,65
8979,Scena.,spanish,3D,65
8979,Scena.,spanish,3D,65
9364,Siedem.,spanish,3D,65
5585,Składać dziura.,english,3D,65
6329,Składnik.,german,IMAX,65
8134,Słońce stan.,spanish,IMAX,65
8507,Słowacja.,english,2D,65
2246,Słowacki wykonać.,polish,IMAX,65
7727,Sobota.,german,2D,65
5998,Spać.,spanish,3D,65
6845,Sportowy postępowanie.,english,3D,65
1885,Spór.,polish,3D,65
9141,Sprzedawać.,german,2D,65
9831,Stanowić archipelag.,polish,2D,65
2225,Strona należy.,german,2D,65
3381,Styczeń.,english,2D,65
6509,Surowy głęboki.,spanish,3D,65
7684,Szanowny.,german,2D,65
9648,Szczególny.,polish,3D,65
8366,Szczęśliwy zrobić.,polish,2D,65
4723,Szereg temu.,spanish,3D,65
8888,Śnieg osioł.,spanish,IMAX,65
8888,Śnieg osioł.,english,IMAX,65
1270,Średni osoba.,spanish,3D,65
7952,Środa.,spanish,IMAX,65
4873,Świadczyć miękki.,spanish,3D,65
1828,Świątynia.,polish,IMAX,65
1660,Świeży.,english,IMAX,65
5634,Świnia określenie.,english,2D,65
5634,Świnia określenie.,german,IMAX,65
4653,Teatr wychodzić.,spanish,3D,65
3965,Transport.,spanish,3D,65
588,Treść.,german,2D,65
2111,Trochę.,english,2D,65
3875,Trudny handlowy.,german,IMAX,65
197,Tu.,german,2D,65
1062,Tutaj.,spanish,IMAX,65
2159,Tydzień dopiero.,german,2D,65
41,Tył.,german,2D,65
7599,Typ.,polish,3D,65
6247,Udać Się zachód.,spanish,3D,65
9879,Układ.,polish,2D,65
1699,Umysł.,polish,2D,65
1723,Uważać społeczny.,polish,IMAX,65
9294,Użycie.,polish,3D,65
2727,W Postaci.,english,3D,65
2727,W Postaci.,polish,IMAX,65
6558,W..,spanish,IMAX,65
9215,Wada wybitny.,polish,IMAX,65
9375,Waga latać.,english,3D,65
6159,Waga rok.,english,IMAX,65
5158,Wejście.,spanish,2D,65
3141,Wewnętrzny.,german,IMAX,65
4281,Węgiel.,german,3D,65
7756,Widoczny rower.,german,2D,65
2617,Wiele wygląd.,german,3D,65
1773,Wielki.,german,3D,65
4241,Większość obiad.,polish,2D,65
9210,Własność.,spanish,2D,65
3028,Właśnie średniowieczny.,english,2D,65
7874,Włochy płakać.,spanish,IMAX,65
9661,Wolny tam.,polish,2D,65
3352,Wprowadzać znowu.,spanish,3D,65
9523,Wrogość.,german,3D,65
5709,Wtedy niechęć.,english,3D,65
5667,Wydawać Się szary.,english,3D,65
1680,Wyłącznie.,spanish,IMAX,65
5811,Występować.,polish,3D,65
792,Zadanie ściana.,polish,3D,65
7221,Zamiar specjalista.,polish,IMAX,65
6403,Zamieszkiwać.,spanish,3D,65
7166,Zbudować pierwiastek.,english,2D,65
1201,Zdolność seksualny.,english,IMAX,65
9433,Zdolność.,polish,2D,65
2267,Zero.,english,IMAX,65
6080,Zmarły.,german,IMAX,65
2057,Znaczny Niemiec.,german,2D,65
1120,Związać.,german,2D,65
1764,Zwrot powiedzieć.,english,3D,65
3087,Zwrot.,english,IMAX,65
3087,Zwrot.,german,3D,65
3087,Zwrot.,german,IMAX,65
1572,Żyd polityka.,polish,IMAX,65
9755,Żywy chronić.,german,IMAX,65
7197,Żywy.,spanish,2D,65
1525,50 stanowisko.,polish,2D,64
8300,6 przygotować.,english,3D,64
8889,7.,german,2D,64
1274,Administracyjny.,german,IMAX,64
9420,Afryka.,spanish,2D,64
5233,Alkohol ogon.,polish,2D,64
2158,Bądź hotel.,polish,3D,64
417,Bądź.,english,3D,64
7804,Blisko płakać.,english,3D,64
152,Błąd wolność.,english,IMAX,64
5496,Bóg.,german,IMAX,64
3240,Broń całkowicie.,polish,IMAX,64
7442,Bułgarski.,spanish,3D,64
1949,Całkiem grób.,english,2D,64
3492,Centralny.,german,2D,64
2421,Ciągle żelazo.,polish,3D,64
6188,Czerwony wolny.,german,IMAX,64
2429,Cztery.,german,3D,64
6735,Daleki.,english,IMAX,64
5108,Dobrze stary.,german,IMAX,64
9483,Dokładnie.,polish,3D,64
5729,Dokonać czterdzieści.,polish,2D,64
5729,Dokonać czterdzieści.,polish,3D,64
1262,Dokonać wesoły.,english,IMAX,64
7339,Dolina.,german,IMAX,64
6547,Domowy Indie.,german,IMAX,64
4943,Drewno pogląd.,polish,3D,64
6968,Drużyna stopień.,polish,IMAX,64
9530,Efekt powód.,polish,2D,64
2805,Energia.,english,2D,64
7568,Flaga.,polish,IMAX,64
7568,Flaga.,german,3D,64
4919,Forma Szwecja.,english,IMAX,64
2546,Głowa.,spanish,3D,64
4637,Głupek.,english,2D,64
6501,Głupi.,polish,3D,64
2012,Gotowy trudność.,german,3D,64
3535,Grunt nie ma.,spanish,2D,64
3336,Handel.,english,IMAX,64
5312,Igła.,german,3D,64
6165,Indie.,polish,IMAX,64
36,Intensywny.,polish,2D,64
2093,Jakość.,german,2D,64
5086,Jedenaście.,spanish,3D,64
1917,Jego rozwiązanie.,polish,3D,64
2673,Katolicki.,german,3D,64
4865,Kawa mięsień.,spanish,IMAX,64
5659,Kolorowy rodzinny.,english,IMAX,64
2938,Kolorowy.,english,3D,64
2118,Kosz używać.,english,IMAX,64
7686,Kościelny.,english,2D,64
8361,Kraj.,spanish,IMAX,64
8648,Królowa kamień.,german,2D,64
3882,Ksiądz.,spanish,2D,64
4716,Kultura.,polish,3D,64
614,Las zajmować się.,german,3D,64
2382,Lato piosenka.,german,IMAX,64
4728,Lew.,english,IMAX,64
4431,Literatura.,german,IMAX,64
1644,Lud babka.,german,2D,64
7991,Mąka wzór.,polish,3D,64
5340,Metoda zimny.,spanish,3D,64
9790,Męski rezultat.,spanish,2D,64
3359,Miesiąc fizyczny.,english,2D,64
6286,Miesiąc uderzać.,polish,2D,64
2914,Miłość czyjś.,polish,3D,64
7720,Mleko partia.,german,3D,64
4942,Moneta przejaw.,polish,2D,64
8140,Nadawać.,english,2D,64
8140,Nadawać.,german,3D,64
6944,Nagle zwłaszcza.,spanish,IMAX,64
3144,Należeć liść.,polish,2D,64
3716,Narkotyk.,german,2D,64
4427,Naturalny.,english,2D,64
1976,Nauka pewien.,english,2D,64
3044,Niedźwiedź.,polish,IMAX,64
9710,Nocny drzwi.,spanish,IMAX,64
5713,Obejmować dziesięć.,polish,IMAX,64
6839,Obrót wywodzić się.,polish,3D,64
4530,Obwód.,german,2D,64
4229,Oddać.,english,IMAX,64
4225,Odpowiedni.,spanish,2D,64
540,Odważny potem.,spanish,2D,64
6164,Oglądać 20.,german,2D,64
6164,Oglądać 20.,german,3D,64
3927,Organ bułgarski.,polish,IMAX,64
5283,Organ.,english,IMAX,64
694,Osiem.,german,IMAX,64
694,Osiem.,spanish,2D,64
3789,Osoba stać.,english,3D,64
1985,Otworzyć istota.,spanish,IMAX,64
5624,Owad gorączka.,spanish,2D,64
8829,Parlament dwanaście.,german,3D,64
2843,Partia rodzina.,english,2D,64
3942,Pasek coś.,german,3D,64
3942,Pasek coś.,spanish,3D,64
136,Październik.,spanish,2D,64
3190,Pełen składać się.,spanish,3D,64
5923,Pierwszy igła.,german,2D,64
9830,Poeta.,german,2D,64
915,Polityka.,english,3D,64
9395,Powinien.,spanish,2D,64
6763,Powolny wycieczka.,polish,2D,64
1734,Powód kiedy.,german,IMAX,64
7926,Powód królestwo.,german,2D,64
3209,Pozostawać.,german,2D,64
7506,Projekt.,german,2D,64
7506,Projekt.,spanish,2D,64
3480,Prostytutka kolejowy.,english,IMAX,64
9449,Przeciwny polityk.,english,2D,64
4366,Przedsiębiorstwo.,spanish,3D,64
5733,Przedstawiciel dzięki.,polish,IMAX,64
2242,Przerwa obecnie.,spanish,2D,64
2899,Przygotowywać współczesny.,polish,2D,64
8535,Przyjaciel.,polish,2D,64
9938,Rachunek.,polish,3D,64
3440,Różny decyzja.,english,IMAX,64
4808,Rzucać.,spanish,IMAX,64
4073,Samiec decyzja.,english,IMAX,64
3395,Sąsiad handel.,spanish,3D,64
1121,Skończyć zaraz.,english,3D,64
6719,Spaść mieszkanie.,spanish,2D,64
9231,Sportowy.,polish,2D,64
223,Sprawa szlachetny.,spanish,3D,64
9760,Student.,english,IMAX,64
5671,Styczeń.,spanish,IMAX,64
4070,Szacunek.,polish,IMAX,64
1359,Szczęście.,english,2D,64
9815,Szeroki strefa.,polish,2D,64
6692,Szkodliwy młody.,polish,IMAX,64
9983,Średni jutro.,english,IMAX,64
5026,Średniowieczny.,spanish,IMAX,64
8365,Telewizyjny pająk.,english,2D,64
6832,Temperatura Morze Śródziemne.,english,2D,64
6137,Temu.,english,3D,64
2458,Teraz lata.,spanish,3D,64
4757,Tor.,german,2D,64
7821,Tu.,spanish,2D,64
700,Twardy.,english,3D,64
2842,Tylko zamek.,english,IMAX,64
1162,Tył.,spanish,2D,64
2731,Typ.,german,3D,64
3985,Tysiąc analiza.,polish,3D,64
3718,Układ.,spanish,IMAX,64
9798,Ulegać.,english,2D,64
5406,Uśmiech.,spanish,2D,64
6154,Utwór Rosja.,spanish,IMAX,64
6154,Utwór Rosja.,spanish,2D,64
7518,W Celu typowy.,english,3D,64
11,W Czasie przynosić.,english,IMAX,64
1129,Walczyć.,spanish,IMAX,64
5942,Ważny zawierać.,german,2D,64
2190,Wieczorem ptak.,polish,2D,64
4955,Wieczorem.,polish,3D,64
5291,Wielkość.,polish,IMAX,64
8,Włochy ojczyzna.,spanish,3D,64
8831,Włochy początek.,polish,IMAX,64
3372,Włożyć.,german,2D,64
8796,Wracać.,german,3D,64
8013,Wspólny.,polish,3D,64
8204,Wszystkie.,polish,2D,64
2318,Wszystko.,german,2D,64
7192,Wtorek błoto.,german,2D,64
6736,Wybierać usta.,polish,IMAX,64
227,Wybór brudny.,polish,2D,64
5099,Wygląd mecz.,english,2D,64
1874,Wykorzystywać pracownik.,english,3D,64
4001,Wynik dokładny.,spanish,2D,64
8670,Wypadek.,english,IMAX,64
164,Występować korzyść.,spanish,2D,64
8114,Wzgórze.,spanish,IMAX,64
8035,Wzrost.,polish,IMAX,64
5455,Z Powodu.,spanish,2D,64
2951,Za korzyść.,spanish,IMAX,64
6153,Zajmować Się.,polish,3D,64
6181,Zamknąć.,spanish,2D,64
7006,Zarówno palić.,spanish,2D,64
4171,Zatrzymać herbata.,english,3D,64
1044,Zbiornik zwolennik.,polish,IMAX,64
9957,Zdolność.,german,2D,64
4519,Zima.,polish,3D,64
9337,Zimny zero.,english,2D,64
2525,Zjeść kupić.,english,3D,64
5453,Znaleźć nadawać.,spanish,IMAX,64
8577,Zniszczyć.,german,3D,64
8802,Zwolennik zespół.,english,3D,64
2699,Źródło.,german,IMAX,64
9524,Życie.,polish,IMAX,64
8174,2 fakt.,german,IMAX,63
1503,8 ciężki.,german,3D,63
2559,Anioł.,english,3D,63
5933,Arabski teoria.,spanish,2D,63
2308,Biec.,spanish,IMAX,63
3143,Biskup wrócić.,german,IMAX,63
7260,Bliski.,polish,IMAX,63
7260,Bliski.,spanish,IMAX,63
6703,Bogactwo poeta.,spanish,IMAX,63
6852,Brać stowarzyszenie.,spanish,3D,63
9437,Bycie ogień.,spanish,2D,63
4706,Cebula pole.,spanish,2D,63
3343,Chociaż.,german,2D,63
1166,Czechy.,german,2D,63
4657,Czynnik.,english,IMAX,63
7157,Czynność.,spanish,2D,63
5737,Dane.,polish,2D,63
4282,Dawać.,german,3D,63
5516,Dopływ dorosły.,german,3D,63
1784,Dziewczynka jej.,german,IMAX,63
2274,Dziób dyskusja.,spanish,3D,63
8278,Europa.,english,2D,63
8935,Europejski okrągły.,polish,IMAX,63
908,Gdy.,polish,3D,63
6830,Głęboki kolumna.,spanish,2D,63
5387,Grupa tłuszcz.,english,2D,63
7638,Grzyb piec.,english,3D,63
4312,Historia połączyć.,polish,3D,63
737,I odległość.,spanish,IMAX,63
5275,Imię pochodzić.,polish,2D,63
5900,Inaczej następować.,spanish,2D,63
3654,Instytucja.,polish,2D,63
1250,Istotny źle.,german,3D,63
3706,Jabłko jazda.,german,2D,63
2038,Jadalny.,spanish,3D,63
8043,Jesień kłaść.,polish,2D,63
593,Kaczka.,polish,2D,63
7630,Kierunek podnieść.,english,3D,63
27,Klasa.,polish,3D,63
4790,Kobieta społeczny.,spanish,IMAX,63
8056,Kolejowy razem.,german,2D,63
4721,Konflikt paliwo.,spanish,3D,63
1058,Królestwo.,german,2D,63
7603,Krótki.,german,2D,63
8677,Księga.,english,3D,63
1267,Kwestia koza.,german,3D,63
6856,Lód.,polish,2D,63
5475,Łuk.,german,2D,63
4096,Majuskuła męski.,german,IMAX,63
4837,Małżeństwo niemiecki.,spanish,2D,63
2603,Męski.,german,2D,63
304,Mgła.,german,2D,63
1175,Międzynarodowy oficjalny.,spanish,3D,63
5988,Morski.,english,IMAX,63
3223,Na.,polish,3D,63
6170,Narodowość.,german,3D,63
3750,Naturalny.,spanish,2D,63
7733,Niewolnik firma.,english,2D,63
8787,Niszczyć.,english,3D,63
2747,Obecnie złoty.,polish,2D,63
6677,Odcinek milion.,polish,3D,63
6004,Okres.,english,2D,63
1757,Osioł handel.,english,IMAX,63
6528,Oś.,spanish,IMAX,63
9149,Owoc ciągnąć.,polish,3D,63
8993,Owoc.,polish,3D,63
5012,Ozdoba czapka.,german,3D,63
1974,Paliwo.,german,2D,63
7351,Pamięć.,german,IMAX,63
5428,Pełnić współczesny.,german,2D,63
2349,Piątek.,german,IMAX,63
8390,Pierś.,spanish,3D,63
6720,Pochodzić układ.,english,IMAX,63
1306,Pochodzić wojsko.,polish,3D,63
8974,Pociąg kochać.,polish,3D,63
4694,Pojazd.,german,3D,63
1206,Polityka efekt.,spanish,3D,63
7170,Polować.,polish,3D,63
4279,Połączyć zamiar.,english,3D,63
4279,Połączyć zamiar.,spanish,IMAX,63
446,Pomarańcza zero.,english,3D,63
4183,Pomidor azjatycki.,english,2D,63
9717,Pomiędzy współczesny.,german,2D,63
7984,Port.,polish,IMAX,63
7031,Północ bydło.,spanish,2D,63
706,Proszę decyzja.,polish,3D,63
243,Prywatny.,spanish,3D,63
649,Przejście rozmowa.,english,3D,63
3842,Przeszkoda.,german,3D,63
4219,Przyszły prawie.,polish,2D,63
1627,Punkt.,german,2D,63
5712,Pusty.,german,3D,63
7236,Pytanie mieć na imię.,english,IMAX,63
5782,Radio.,english,2D,63
1840,Rana Anglia.,english,3D,63
7581,Religia jabłko.,spanish,IMAX,63
4998,Rodzaj cecha.,german,2D,63
3674,Rozwój gęsty.,german,3D,63
759,Różowy górny.,english,IMAX,63
271,Rynek jasny.,english,2D,63
7596,Seks ziemski.,spanish,3D,63
7596,Seks ziemski.,english,2D,63
3868,Smutny zaburzenie.,english,2D,63
7390,Specjalny.,polish,IMAX,63
2288,Sposób.,english,IMAX,63
5929,Stać wrogość.,spanish,2D,63
2399,Stawiać głupiec.,spanish,IMAX,63
8987,Sukienka.,english,2D,63
7038,Szkodliwy.,german,2D,63
7505,Sztuczny.,german,2D,63
4416,Sztuka.,polish,2D,63
4354,Ślad.,english,3D,63
2066,Środkowy.,spanish,2D,63
3482,Światło.,english,IMAX,63
5691,Ta.,german,3D,63
6569,Tajemnica łatwy.,german,2D,63
2209,Ten piwo.,spanish,2D,63
6561,Termin.,polish,2D,63
8768,Też dialekt.,english,3D,63
770,Treść.,english,2D,63
770,Treść.,german,3D,63
9845,Turcja r..,german,3D,63
3629,Tylko.,spanish,IMAX,63
9247,Uciekać zdobyć.,english,IMAX,63
7540,Udać Się.,german,2D,63
3221,Umiejętność.,german,3D,63
5280,Umieszczać godność.,english,3D,63
1716,Umieszczać.,english,IMAX,63
9339,Uznawać siostra.,spanish,3D,63
9339,Uznawać siostra.,polish,2D,63
815,Używać.,polish,3D,63
8167,Wewnątrz o.,english,IMAX,63
8124,Wiersz.,polish,3D,63
3507,Wino.,german,IMAX,63
5791,Wrogość.,polish,2D,63
5678,Wśród.,german,IMAX,63
515,Wybrać.,polish,2D,63
9729,Wymagać pusty.,polish,IMAX,63
6261,Wypadek chiński.,german,IMAX,63
484,Wywoływać.,polish,2D,63
8189,Wzrost osoba.,german,2D,63
7611,Z ten sam.,spanish,3D,63
1290,Za.,polish,2D,63
8166,Zaczynać świecić.,english,IMAX,63
628,Zakon.,polish,3D,63
1677,Zapis.,spanish,IMAX,63
1633,Zbiornik.,english,2D,63
8364,Zespół policja.,polish,IMAX,63
7125,Ziemia głupota.,german,2D,63
2625,Ziemniak sędzia.,spanish,2D,63
4388,Zjeść teren.,german,2D,63
2482,Zły.,german,3D,63
8891,Znaczny wchodzić.,english,2D,63
9205,Znajdować powiat.,spanish,2D,63
5651,Związany brat.,spanish,IMAX,63
4648,Zwrot stan.,german,IMAX,63
7787,Źle róg.,polish,IMAX,63
6875,20.,english,3D,62
2232,Adres królowa.,english,2D,62
6552,Australia trudno.,polish,2D,62
5754,Australia.,polish,3D,62
6144,Babka.,polish,3D,62
6556,Biedny przeszłość.,spanish,3D,62
3606,Bogaty surowy.,polish,3D,62
9544,Bóg kość.,german,IMAX,62
3268,Burza obowiązek.,english,3D,62
8872,Być bieg.,polish,IMAX,62
787,Chodzić.,english,2D,62
6690,Chrystus zrozumieć.,polish,IMAX,62
9189,Chyba miesiąc.,spanish,3D,62
482,Ciotka.,english,2D,62
9469,Czapka.,spanish,3D,62
1296,Czarny.,spanish,2D,62
3333,Częściowo.,polish,2D,62
2394,Czyn.,spanish,3D,62
4215,Czynność głupi.,german,2D,62
2488,Dno prezydent.,german,2D,62
4507,Drogi.,german,3D,62
8018,Duński czyn.,polish,2D,62
6985,Duży.,german,2D,62
5136,Dwa jednostka.,spanish,2D,62
6878,Dwa.,spanish,IMAX,62
5149,Dziadek zrozumieć.,german,2D,62
543,Dziedzina wielki.,german,3D,62
6325,Dzielnica zbudować.,german,IMAX,62
635,Dziewięćdziesiąt cmentarz.,german,3D,62
3797,Farba.,german,2D,62
1430,Figura.,german,3D,62
9221,Gdyby źle.,spanish,2D,62
4293,Gęś wywołać.,english,IMAX,62
7714,Głupota.,spanish,IMAX,62
7834,Góra.,polish,2D,62
3083,Grecki narkotyk.,english,IMAX,62
3962,Holandia norma.,english,2D,62
8503,Inaczej.,english,IMAX,62
8923,Jako klimat.,english,2D,62
6582,Jako towar.,polish,IMAX,62
7242,Jeśli białoruski.,german,2D,62
2043,Kaczka.,english,IMAX,62
7811,Kierować.,english,2D,62
1158,Klasa miły.,polish,IMAX,62
9242,Kolor w celu.,german,2D,62
7803,Kult doskonały.,english,3D,62
7803,Kult doskonały.,english,IMAX,62
4473,Lub.,spanish,2D,62
9233,Ludzki.,english,2D,62
3194,Łódź jedyny.,polish,IMAX,62
1374,Marka.,german,3D,62
9290,Maszyna kawałek.,english,2D,62
4914,Mąż bo.,german,3D,62
4528,Mieć.,german,3D,62
6635,Mieszkanka.,english,2D,62
4565,Modlitwa część.,german,2D,62
4565,Modlitwa część.,german,IMAX,62
2174,Moment.,english,IMAX,62
7934,Morski grzyb.,english,3D,62
1319,Mój płakać.,spanish,2D,62
5084,Mówić wyścig.,german,2D,62
5065,Nagle.,polish,2D,62
974,Nagły znany.,spanish,3D,62
9072,Naukowy gleba.,spanish,2D,62
2393,Nieść los.,english,IMAX,62
3278,Nigdy wschodni.,english,IMAX,62
2524,No duch.,polish,IMAX,62
6488,O.,spanish,3D,62
1721,Obywatelka zdarzenie.,german,3D,62
4852,Oficjalny.,german,3D,62
353,Ogień.,german,3D,62
4082,Okolica.,german,2D,62
2720,Opinia pomóc.,english,3D,62
9309,Organ.,spanish,IMAX,62
8960,Ostry świadczyć.,spanish,2D,62
7765,Pałac.,english,IMAX,62
2540,Pięćdziesiąt ślub.,polish,3D,62
8545,Pięćdziesiąt znak.,german,3D,62
6460,Plecy.,german,3D,62
9613,Płacić 10.,polish,IMAX,62
847,Polityczny ogród.,spanish,2D,62
4984,Polska.,english,IMAX,62
6437,Polski składać się.,polish,IMAX,62
9359,Pomarańcza imię.,german,2D,62
4524,Postępowanie jabłko.,spanish,2D,62
9278,Prowadzić.,german,2D,62
8609,Prowincja.,english,IMAX,62
3014,Prywatny przechodzić.,polish,3D,62
9964,Przeciwny.,polish,3D,62
9915,Przerwa.,spanish,3D,62
8460,Przerwa.,english,3D,62
5943,Przyczyna brak.,spanish,3D,62
5385,Rachunek pojawiać się.,german,3D,62
8651,Rejon.,german,IMAX,62
3936,Robota.,spanish,3D,62
6094,Rodzaj żaba.,german,IMAX,62
1014,Rosyjski.,spanish,3D,62
909,Rozpocząć czerwony.,english,2D,62
2859,Różnica.,spanish,3D,62
7722,Sala.,english,3D,62
6936,Samiec.,english,3D,62
8142,Seks.,polish,IMAX,62
2322,Ser komputer.,german,3D,62
5630,Siedziba.,spanish,IMAX,62
5630,Siedziba.,english,3D,62
648,Siedzieć właściwy.,german,IMAX,62
5143,Stanowić urodzić się.,spanish,3D,62
9537,Stopień w..,polish,IMAX,62
9228,Strona.,german,IMAX,62
946,Strona.,polish,2D,62
5003,Suchy aby.,polish,3D,62
4785,Szczęście.,spanish,2D,62
7409,Świat.,spanish,IMAX,62
9211,Świeży.,spanish,2D,62
6752,Taniec zająć.,polish,3D,62
2879,Technika.,spanish,3D,62
3022,Ten dać.,polish,IMAX,62
7744,Teoria.,english,3D,62
9037,Trzy.,polish,2D,62
8461,Trzydziesty mówić.,german,IMAX,62
6385,Tytoń.,english,IMAX,62
6385,Tytoń.,spanish,IMAX,62
3575,Ubranie wewnątrz.,polish,IMAX,62
460,Umożliwiać.,spanish,IMAX,62
4377,Urodzić Się.,spanish,2D,62
4924,Uznawać.,english,2D,62
3428,Walczyć.,polish,2D,62
5094,Wiara padać.,polish,IMAX,62
5094,Wiara padać.,german,2D,62
4081,Widoczny ja.,spanish,IMAX,62
1993,Wielkość.,english,IMAX,62
1993,Wielkość.,german,IMAX,62
6451,Większy produkcja.,spanish,IMAX,62
255,Wina przyjść.,german,2D,62
5700,Wrogi.,german,IMAX,62
2587,Wspaniały szczególnie.,english,2D,62
9945,Wujek bądź.,spanish,3D,62
9945,Wujek bądź.,english,2D,62
9888,Wysyłać.,german,IMAX,62
6356,Wyścig.,english,3D,62
8530,Wzrost.,spanish,IMAX,62
5662,Z Powodu Niemcy.,english,IMAX,62
504,Zanim przyprawa.,spanish,3D,62
9561,Zapis.,polish,3D,62
9197,Zawartość rozpocząć.,english,IMAX,62
4991,Zawartość.,german,2D,62
7356,Zbierać.,german,2D,62
9871,Zbiornik.,german,3D,62
251,Zeszły praca.,german,3D,62
7709,Ziarno mąż.,german,IMAX,62
7167,Ziemia.,polish,IMAX,62
2998,Ziemski niektóry.,spanish,3D,62
4780,Zjawisko obraz.,german,2D,62
336,Złożyć.,polish,3D,62
9969,Znak.,polish,2D,62
2758,Zrobić.,german,2D,62
1758,Związany.,spanish,2D,62
5652,Związek wódka.,german,3D,62
134,Zwycięstwo rozmawiać.,spanish,IMAX,62
8123,Żołnierz bycie.,german,2D,62
3579,Brak potrzebować.,spanish,3D,61
1505,Chiński wejście.,english,2D,61
5487,Ciężar szybki.,english,IMAX,61
2935,Ciotka sprzedaż.,english,2D,61
2935,Ciotka sprzedaż.,english,IMAX,61
5882,Czyn na.,german,3D,61
3746,Czysty czas.,polish,3D,61
1738,Dla palić.,german,2D,61
3137,Dolny.,english,3D,61
3644,Drogi.,english,IMAX,61
3972,Duch cień.,polish,2D,61
3972,Duch cień.,polish,IMAX,61
795,Dźwięk gaz.,english,IMAX,61
1451,Film w końcu.,polish,2D,61
4305,Forma.,german,2D,61
6901,Funkcja zimny.,polish,IMAX,61
8133,Futro samiec.,german,3D,61
4142,Gospodarczy.,polish,3D,61
5890,Jadalny siła.,german,3D,61
6921,Jajko.,german,2D,61
8427,Jeden płyta.,spanish,3D,61
1405,Jej mocny.,polish,2D,61
1482,Jezioro.,polish,IMAX,61
8384,Katastrofa Rzym.,spanish,3D,61
8097,Kiedyś.,german,3D,61
6138,Klasa przeszkoda.,german,2D,61
2608,Kolacja.,german,2D,61
4803,Kolej dzięki.,spanish,IMAX,61
4803,Kolej dzięki.,english,3D,61
833,Kolor prezent.,spanish,IMAX,61
8040,Lecz.,spanish,IMAX,61
9813,Lipiec.,polish,2D,61
1725,Ludność.,english,2D,61
9924,Ludowy kwiat.,spanish,IMAX,61
4850,Łóżko a.,english,3D,61
8209,Mało chodzić.,polish,3D,61
6133,Międzynarodowy.,german,3D,61
2250,Mięso.,english,2D,61
2430,Móc –.,spanish,3D,61
3597,Mrówka.,german,2D,61
8464,Mur ja.,english,IMAX,61
1822,Muzyka obcy.,polish,3D,61
9494,Narodowość.,german,2D,61
2262,Narząd.,german,IMAX,61
2262,Narząd.,english,3D,61
8362,Nastrój.,spanish,3D,61
4849,Nauka Rumunia.,german,3D,61
7612,Niebezpieczeństwo żywność.,polish,IMAX,61
6672,Nieszczęście psychiczny.,german,IMAX,61
9288,Nóż dodać.,spanish,3D,61
1255,Ośrodek.,polish,2D,61
8325,Papieros imię.,german,3D,61
8129,Pełny chociaż.,polish,IMAX,61
6257,Piąty wykonywać.,german,2D,61
9535,Piec prędkość.,german,3D,61
9126,Pismo.,english,3D,61
7040,Pochodzenie.,spanish,3D,61
3769,Podczas.,spanish,3D,61
8470,Polegać.,spanish,3D,61
9574,Policjant technika.,english,IMAX,61
8779,Polska sukces.,spanish,2D,61
8544,Pomóc.,english,3D,61
2134,Postawić.,spanish,2D,61
1154,Prosty 70.,english,2D,61
4538,Przeciwko.,english,2D,61
8570,Przeznaczyć przeszkoda.,english,3D,61
2420,Raz.,spanish,IMAX,61
1459,Rok uważać.,spanish,IMAX,61
2363,Rolnik wyścig.,polish,IMAX,61
2834,Rozwiązanie samiec.,english,3D,61
9164,Sobą.,german,IMAX,61
4220,Sport Ameryka.,english,2D,61
3676,Stado wspomnienie.,spanish,3D,61
1217,Suchy zabawka.,german,IMAX,61
509,Szary maszyna.,english,2D,61
1883,Średni.,spanish,2D,61
4626,Świeca.,german,3D,61
289,Tańczyć treść.,english,2D,61
3721,Temperatura Holandia.,polish,2D,61
5760,Tłum rosnąć.,german,2D,61
1520,Tłumaczyć.,german,IMAX,61
4400,Trzeci.,german,IMAX,61
2950,Umieszczać.,polish,2D,61
8282,Urząd.,polish,2D,61
6331,Warunek gruby.,spanish,3D,61
1602,Węgiel.,spanish,2D,61
4342,Więc.,polish,IMAX,61
784,Więc.,spanish,2D,61
1863,Wiosna.,english,IMAX,61
3262,Wnętrze.,german,IMAX,61
8612,Wprowadzać odpowiedni.,polish,IMAX,61
998,Wróg rysunek.,english,2D,61
6683,Wschodni liczba.,english,2D,61
5822,Wydać.,spanish,3D,61
5284,Wypowiedź osoba.,english,2D,61
6183,Zajmować Się mieć na imię.,english,3D,61
3065,Zajmować Się.,polish,3D,61
9137,Zapomnieć.,polish,3D,61
6255,Zawodowy.,polish,2D,61
4871,Zdanie.,polish,2D,61
7868,Zgadzać Się.,english,IMAX,61
94,Zielony osiągnąć.,polish,IMAX,61
2794,Że.,spanish,3D,61
3599,5.,german,3D,60
6576,Aktywny.,polish,2D,60
6576,Aktywny.,polish,IMAX,60
7352,Azja występować.,english,IMAX,60
934,Bank.,english,2D,60
678,Bawić Się styl.,polish,2D,60
5326,Bieg.,english,3D,60
4861,Bilet muzeum.,spanish,3D,60
204,Bitwa chyba.,english,IMAX,60
3382,Blady punkt.,english,IMAX,60
7481,Burza r..,spanish,2D,60
7481,Burza r..,english,IMAX,60
8280,Chłopiec.,polish,2D,60
5913,Ciągnąć.,polish,3D,60
2544,Czarny.,german,2D,60
3732,Czterdzieści olej.,english,3D,60
1252,Dodawać dobry.,spanish,3D,60
5973,Dokładnie po prostu.,english,IMAX,60
9985,Dość.,english,IMAX,60
9656,Dzieło kolejowy.,english,3D,60
3822,Dziób tylko.,german,3D,60
1122,Funkcja wy.,english,IMAX,60
3668,Funkcja.,english,3D,60
7297,Głód europejski.,polish,IMAX,60
6232,Istota nauka.,spanish,3D,60
7395,Kilka.,english,3D,60
2594,Kolacja ból.,spanish,IMAX,60
23,Kolorowy.,polish,IMAX,60
9168,Komputer brat.,spanish,3D,60
2188,Kontrola.,english,2D,60
7484,Koza.,polish,IMAX,60
268,Królowa klucz.,spanish,IMAX,60
4155,Literacki połączenie.,german,2D,60
2338,Litwa zespół.,english,3D,60
8581,Łóżko blady.,polish,2D,60
5422,Mama.,spanish,3D,60
9361,Martwy klasa.,spanish,3D,60
8030,Miód wcześnie.,polish,2D,60
1553,Mocno.,polish,3D,60
8315,Myśleć.,polish,2D,60
8315,Myśleć.,polish,3D,60
4605,Naj- głównie.,english,2D,60
351,Niechęć.,polish,3D,60
4467,Obywatel.,polish,IMAX,60
3188,Otoczenie styczeń.,polish,3D,60
9457,Otrzymać.,english,IMAX,60
4531,Otworzyć.,spanish,IMAX,60
7632,Owoc.,spanish,3D,60
8859,Paliwo szósty.,polish,IMAX,60
7912,Państwowy kolega.,english,2D,60
8996,Papier.,german,IMAX,60
8444,Plan.,spanish,2D,60
3456,Pole.,german,3D,60
2357,Położony ulica.,polish,2D,60
2784,Pomieszczenie.,spanish,3D,60
8413,Przed owoc.,spanish,2D,60
5950,Przejaw.,german,IMAX,60
8548,Przeprowadzać.,english,3D,60
8446,Przeszłość.,german,2D,60
3334,Religijny wysoki.,english,2D,60
2411,Robić koncert.,polish,3D,60
2214,Rosyjski.,polish,3D,60
2369,Rumunia.,polish,IMAX,60
6535,Scena seks.,spanish,2D,60
3121,Siła.,spanish,3D,60
8821,Sklep.,english,2D,60
3649,Specjalista okrągły.,german,2D,60
530,Sprzęt.,german,3D,60
5653,Stowarzyszenie.,english,3D,60
4148,Strumień przeciwko.,polish,2D,60
6107,Sylaba.,english,IMAX,60
9696,Sześćdziesiąt minister.,polish,2D,60
3006,Środek.,english,IMAX,60
4159,Środkowy.,polish,3D,60
4233,Świeży.,german,IMAX,60
7028,Typ gęsty.,polish,IMAX,60
8230,Typ.,german,IMAX,60
5093,Uchodzić.,polish,IMAX,60
2890,Umożliwiać.,english,2D,60
4894,W Celu.,english,3D,60
3609,W Czasie chmura.,spanish,IMAX,60
1155,Waluta wyłącznie.,spanish,IMAX,60
5808,Wiedza.,english,3D,60
141,Wierny.,german,2D,60
6666,Wino w kształcie.,german,3D,60
5023,Wprowadzać.,spanish,2D,60
450,Wybór.,german,2D,60
3596,Wyraz policzek.,german,IMAX,60
4520,Wyrok.,german,IMAX,60
9884,Zachodni.,english,IMAX,60
80,Zamek zmęczony.,english,3D,60
80,Zamek zmęczony.,polish,IMAX,60
7945,Zbiór.,english,2D,60
2944,Zimno międzynarodowy.,polish,IMAX,60
6471,Złoto cecha.,spanish,2D,60
2833,Związek.,english,IMAX,60
269,Zysk.,polish,3D,60
3695,–.,english,3D,59
9545,Biuro produkcja.,spanish,2D,59
4679,Coś wspólnota.,polish,3D,59
9045,Czasownik wziąć.,german,IMAX,59
9257,Czwartek naprawdę.,german,IMAX,59
2063,Czyli.,polish,2D,59
7224,Dane.,english,2D,59
981,Deska.,german,3D,59
3308,Drugi zakończenie.,spanish,3D,59
6155,Dział lina.,german,3D,59
3133,Funkcja niechęć.,polish,IMAX,59
799,Futro.,polish,IMAX,59
90,Gdzieś.,polish,IMAX,59
8087,Gniew.,english,IMAX,59
4108,Gruby skłonność.,english,IMAX,59
8337,Grzech.,spanish,2D,59
8191,Jeść.,spanish,3D,59
2817,Jeśli rejon.,polish,3D,59
6916,Kalendarz.,spanish,IMAX,59
9927,Kanał.,polish,IMAX,59
2295,Kawałek spać.,polish,2D,59
8934,Kolejny smutek.,german,IMAX,59
4463,Kto atak.,spanish,2D,59
9571,Kwiat ludność.,english,IMAX,59
822,Lata rasa.,english,IMAX,59
6056,Leżeć.,spanish,IMAX,59
1283,Łóżko relacja.,polish,IMAX,59
1283,Łóżko relacja.,english,3D,59
4546,Łyżka.,german,IMAX,59
4423,Mapa.,english,2D,59
4743,Mleko posiłek.,german,IMAX,59
2990,Młody.,polish,2D,59
6061,Moc.,english,2D,59
6796,Naczynie bez.,polish,2D,59
5681,Nazwa oni.,english,3D,59
1588,Nieprzyjemny.,german,3D,59
3613,Nikt.,polish,2D,59
2901,Oddać.,spanish,3D,59
5342,Oddać.,spanish,3D,59
439,Okoliczność.,spanish,IMAX,59
131,Pieniądz.,spanish,2D,59
5199,Pierś.,spanish,3D,59
8240,Pierwiastek Chemiczny tablica.,polish,2D,59
4915,Płaski.,polish,2D,59
2259,Pochodzenie łóżko.,german,2D,59
5004,Północny.,english,3D,59
3168,Problem zabawa.,spanish,IMAX,59
3847,Przeprowadzać właściwy.,english,IMAX,59
1149,Przypadek elektryczny.,polish,3D,59
5236,Rzucić naturalny.,polish,IMAX,59
7573,Srebrny.,polish,3D,59
9248,Strach.,spanish,3D,59
6884,Straszny dokonać.,spanish,IMAX,59
3408,Świnia europejski.,spanish,IMAX,59
6687,Tradycja.,spanish,2D,59
4800,Tysiąc plecy.,polish,3D,59
9415,Uchodzić około.,polish,3D,59
6034,Usta.,english,3D,59
6454,Uważać.,german,IMAX,59
8003,Waga.,german,IMAX,59
3145,Wieża.,spanish,2D,59
2212,Wrogość babcia.,spanish,3D,59
4232,Wszyscy.,english,IMAX,59
8165,Wypowiedź tekst.,spanish,2D,59
9899,Wysokość.,german,3D,59
1650,Zachodni.,german,IMAX,59
8451,Zajęcie tarcza.,english,3D,59
7931,Zmienić większy.,polish,IMAX,59
5908,Związać sukces.,english,IMAX,59
8344,Żaden rada.,spanish,3D,59
8414,Biedny.,english,2D,58
8902,Chrześcijaństwo.,polish,3D,58
4012,Ciepły papieros.,english,3D,58
5320,Czas.,polish,3D,58
6218,Deszcz czarny.,english,2D,58
2552,Dialekt.,english,3D,58
387,Dowód.,german,2D,58
755,Działalność pojechać.,spanish,2D,58
1783,Funkcja Warszawa.,spanish,IMAX,58
8912,Grać.,polish,IMAX,58
9595,Intensywny spokój.,spanish,2D,58
6125,Istotny.,spanish,IMAX,58
5621,Itp. majuskuła.,spanish,IMAX,58
2783,Kapelusz między.,german,2D,58
6289,Komórka graniczyć.,spanish,3D,58
2316,Komórka.,spanish,2D,58
7080,Liczba Atomowa czekolada.,english,3D,58
726,Marzec atmosfera.,polish,3D,58
4868,Miara.,german,2D,58
7320,Mięsień.,english,3D,58
2585,Moc abugida.,german,IMAX,58
9625,Modlitwa prawny.,spanish,3D,58
3478,Naczynie pomiędzy.,spanish,IMAX,58
3478,Naczynie pomiędzy.,german,3D,58
69,Nad mój.,german,IMAX,58
5750,Nauka.,german,IMAX,58
3350,Nikt uciekać.,german,IMAX,58
287,Papież smutny.,polish,IMAX,58
7358,Pasek Rzym.,english,IMAX,58
3639,Pełnić ponownie.,spanish,2D,58
8137,Piasek występować.,german,2D,58
2909,Piętro król.,polish,IMAX,58
6924,Pismo korona.,german,IMAX,58
356,Planeta czasownik.,polish,2D,58
3390,Pojechać.,english,3D,58
2764,Policja tłum.,polish,IMAX,58
4458,Położenie.,polish,IMAX,58
5261,Pomagać.,german,3D,58
3434,Poprzez wioska.,german,3D,58
8291,Przyszły początek.,german,3D,58
9943,Republika lata.,spanish,IMAX,58
8826,Spór 7.,english,3D,58
2218,Sprzedawać tamten.,german,2D,58
7998,Szczególny przypadek.,german,2D,58
7322,Średni szary.,english,3D,58
366,Te.,english,IMAX,58
5561,Tradycyjny nagły.,english,3D,58
2068,Trzydziesty.,english,3D,58
5380,Uczucie właściwość.,english,IMAX,58
7528,Utwór.,polish,2D,58
7528,Utwór.,english,IMAX,58
9032,Wiele ciężki.,german,3D,58
8941,Własność staw.,polish,IMAX,58
8952,Wniosek.,polish,2D,58
5256,Z Powodu prywatny.,english,2D,58
659,Zachowanie nocny.,polish,2D,58
1615,Zając wrócić.,german,IMAX,58
6492,Zakończyć szukać.,polish,IMAX,58
2896,Zamiast tablica.,polish,2D,58
4314,Zamknąć dziwny.,english,IMAX,58
4259,Znany przybyć.,spanish,2D,58
7827,Znowu.,english,3D,58
2955,Zwykle.,polish,3D,58
5813,Zysk.,english,IMAX,58
7383,Żelazo.,english,IMAX,58
408,Ciotka.,german,IMAX,57
4356,Dobro grób.,english,3D,57
2065,Dzisiaj.,english,2D,57
9376,Głód.,german,IMAX,57
6514,Godny chłopiec.,german,2D,57
8353,Kurs.,polish,2D,57
8744,Leczenie analiza.,english,2D,57
456,Litera wysoki.,english,IMAX,57
5526,Lubić trudno.,polish,3D,57
7488,Łąka.,english,3D,57
3625,Malować modlitwa.,english,IMAX,57
3258,Mózg znajdować.,english,3D,57
4239,Myśleć.,german,IMAX,57
5248,Obrót lub.,polish,3D,57
9417,Pani pozycja.,spanish,3D,57
2849,Pasmo długo.,english,2D,57
3573,Piec szkodliwy.,spanish,2D,57
7718,Pisać.,english,2D,57
4756,Pisanie.,english,3D,57
7913,Plemię badać.,english,3D,57
7058,Płynąć.,spanish,3D,57
3206,Pokój.,english,3D,57
508,Połączenie.,english,2D,57
2407,Postać.,german,IMAX,57
6914,Pół umożliwiać.,spanish,3D,57
7145,Przerwa.,spanish,3D,57
3865,Ryż.,spanish,3D,57
5588,Rzym przeznaczyć.,polish,IMAX,57
7750,Scena.,german,3D,57
2530,Skłonność.,spanish,3D,57
216,Skutek zająć.,polish,3D,57
6653,Słownik silny.,polish,IMAX,57
8593,Stosować pióro.,polish,IMAX,57
3813,Suma.,english,IMAX,57
2151,Średni.,english,3D,57
2151,Średni.,english,2D,57
7666,Uzyskać kolor.,german,3D,57
4411,Wartość pisać.,spanish,3D,57
1022,Wątpliwość.,polish,2D,57
8026,Wchodzić.,spanish,3D,57
1836,Wybitny telewizja.,english,3D,57
2880,Zgoda temat.,spanish,3D,57
3386,Chiny.,polish,3D,56
1656,Coś połączenie.,polish,2D,56
8865,Część październik.,english,2D,56
4656,Czwartek.,polish,3D,56
4508,Dach.,polish,3D,56
3981,Drzwi wada.,english,2D,56
1621,Dziewiąty.,polish,2D,56
228,Herb muzeum.,german,IMAX,56
3531,Historyczny.,spanish,IMAX,56
3351,Historyczny.,spanish,3D,56
7169,Istnieć.,spanish,2D,56
5956,Jedzenie.,polish,2D,56
4719,Kapelusz bezpieczeństwo.,spanish,IMAX,56
7901,Kolacja.,german,3D,56
5110,Krok.,english,2D,56
3179,Liczyć.,english,3D,56
1809,Łódź.,polish,2D,56
2741,Małżeństwo zawartość.,german,IMAX,56
6167,Mężczyzna.,spanish,3D,56
3071,Mocno słuchać.,spanish,3D,56
497,Nadzieja spodnie.,spanish,IMAX,56
3966,Narkotyk.,english,IMAX,56
9111,Osiem.,spanish,3D,56
9982,Ośrodek niebezpieczeństwo.,german,IMAX,56
4749,Otwarty.,english,2D,56
46,Pieniądze dom.,english,2D,56
3027,Pochodzenie.,polish,2D,56
3027,Pochodzenie.,english,IMAX,56
4806,Początek.,polish,2D,56
999,Polityka obóz.,spanish,3D,56
7072,Pomóc przyrząd.,german,2D,56
4825,Poprzez tłuszcz.,english,3D,56
6726,Postępowanie.,german,IMAX,56
5522,Prywatny wschód.,polish,IMAX,56
2247,Przyjść Kraków.,polish,3D,56
7345,Przypominać.,spanish,3D,56
8381,Ptak.,english,2D,56
9528,Rozmiar babka.,polish,2D,56
4505,Sędzia opisać.,english,2D,56
1916,Stowarzyszenie.,spanish,3D,56
5069,Strefa medycyna.,german,IMAX,56
7654,Ślub mgła.,german,IMAX,56
9751,Telefon.,spanish,2D,56
4396,Tradycyjny futro.,english,2D,56
7672,Udać Się prowadzić.,english,3D,56
1016,Warzywo partia.,german,3D,56
7627,Wyścig.,german,3D,56
8690,Z Krwi I Kości spokojny.,polish,2D,56
7610,Zaufanie.,german,3D,56
9088,Zawodowy zbiór.,english,IMAX,56
6108,Zboże.,polish,IMAX,56
2180,20.,polish,IMAX,55
1197,Afganistan.,spanish,3D,55
6086,Bogaty zamiar.,polish,IMAX,55
1552,Ćwiczenie.,english,2D,55
807,Dla wspólnota.,english,3D,55
4240,Lato motyl.,german,IMAX,55
5702,Łódź kult.,spanish,3D,55
8407,Możliwość głupi.,polish,3D,55
5440,Muzeum.,polish,3D,55
4957,Myśleć.,spanish,3D,55
4708,Na.,english,3D,55
6200,Niech nieprzyjemny.,german,2D,55
9302,Nowy.,english,3D,55
1421,Obowiązek.,english,2D,55
4659,Podstawa opuścić.,german,2D,55
8652,Poduszka wzgórze.,polish,2D,55
9110,Przyjaciel trzydzieści.,german,IMAX,55
1499,Przyjemny.,polish,IMAX,55
9163,Rola wysiłek.,spanish,IMAX,55
657,Różny.,spanish,IMAX,55
5033,Spać.,spanish,IMAX,55
8346,Studia.,german,3D,55
5286,Studiować.,spanish,2D,55
8112,Ten epoka.,spanish,2D,55
4253,Trudność.,german,IMAX,55
6744,Wciąż.,german,2D,55
3069,Widok.,spanish,2D,55
9739,Wszystkie.,german,IMAX,55
4198,Wybór dla.,polish,2D,55
1151,Wybuch.,german,IMAX,55
572,Zmienić.,polish,3D,55
3196,Związany żaden.,german,IMAX,55
4364,Arabski wąski.,german,3D,54
6210,Chrystus.,german,IMAX,54
4295,Częściowo delikatny.,polish,2D,54
849,Dzielnica klasa.,spanish,IMAX,54
2555,Gleba jednak.,german,3D,54
6148,Jądro.,german,3D,54
6663,Niebo majuskuła.,polish,3D,54
7778,Obywatel.,polish,3D,54
1404,Oni.,spanish,3D,54
4834,Ośrodek.,polish,IMAX,54
3419,Piasek orzeł.,german,2D,54
4235,Pies akt.,polish,IMAX,54
6665,Piłka Nożna.,spanish,2D,54
7941,Pływać znowu.,polish,2D,54
7660,Ptak kraina.,spanish,2D,54
5254,Reakcja pusty.,german,2D,54
7511,Szkodliwy.,german,IMAX,54
4684,Św. osioł.,german,3D,54
9692,W Celu stary.,spanish,2D,54
5394,Wola który.,spanish,3D,54
642,Zachowanie.,german,2D,54
4513,Akt powierzchnia.,spanish,IMAX,53
22,Deszcz.,polish,3D,53
4877,Dostać.,spanish,2D,53
3177,Dzień.,english,IMAX,53
1133,Dźwięk polityka.,polish,3D,53
3366,Głęboki.,spanish,3D,53
3450,Grób znosić.,spanish,IMAX,53
3067,Interes.,spanish,IMAX,53
1313,Jego poduszka.,spanish,IMAX,53
4631,Kosztować.,spanish,IMAX,53
8171,Krew ostry.,english,IMAX,53
2206,Metr jeszcze.,english,3D,53
949,Nigdy ptak.,spanish,IMAX,53
4936,Oczekiwać.,polish,2D,53
8724,Radość poprzez.,polish,2D,53
6023,Szklanka teraz.,english,3D,53
6023,Szklanka teraz.,polish,2D,53
4037,Uśmiech.,polish,2D,53
7108,Wiedzieć.,spanish,3D,53
837,Wspaniały.,spanish,IMAX,53
338,Zbiór.,german,IMAX,53
3925,Byk sprzęt.,english,2D,52
1678,Czas zainteresowanie.,spanish,IMAX,52
1800,Kanał.,english,2D,52
7548,Muzyk.,spanish,IMAX,52
5262,Napisać ich.,polish,2D,52
6443,Naukowy wzdłuż.,english,3D,52
4960,Ogień czyn.,german,2D,52
6425,Okropny.,german,3D,52
8840,Poruszać daleko.,spanish,IMAX,52
97,Rządzić.,english,2D,52
8161,Słoń park.,polish,2D,52
3772,Te urządzenie.,polish,3D,52
9881,Tor.,spanish,2D,52
9119,Tracić.,polish,2D,52
6192,Trzeci.,spanish,2D,52
3108,Uczyć głupek.,german,3D,52
3273,Złapać naprawdę.,english,IMAX,52
9166,Bieg.,german,3D,51
8263,Butelka sprzedaż.,german,2D,51
6215,Liczyć składać się.,spanish,3D,51
7447,Mleko.,spanish,2D,51
1785,Osobisty nocny.,spanish,2D,51
4057,Podatek.,german,IMAX,51
9762,Polityk sztuka.,german,2D,51
496,Cisza jutro.,spanish,3D,50
7171,Dlatego przepis.,spanish,3D,50
3811,Granica.,german,2D,50
3122,Numer.,polish,3D,50
6734,Pieśń.,polish,IMAX,50
1509,Podawać.,polish,3D,50
895,Przyszły mowa.,english,IMAX,50
4018,Pytanie grupa.,polish,IMAX,50
3353,Sylaba biskup.,german,2D,50
1342,Twardy wysoko.,polish,3D,50
8132,Cena.,polish,IMAX,49
5839,Lina starożytny.,german,IMAX,49
2611,Nasiono.,german,3D,49
1774,Polegać poeta.,spanish,IMAX,49
6279,Przedstawiać.,english,IMAX,49
8975,Rzym.,english,3D,49
199,Sok pasmo.,english,3D,49
1968,Lubić.,spanish,3D,48
2917,Obowiązywać.,german,3D,48
321,Informacja intensywny.,polish,IMAX,46
7717,Wobec.,spanish,IMAX,46
4906,Smak trudno.,spanish,2D,45
4310,Zbudować księżyc.,spanish,3D,45
4527,Farba oddać.,english,2D,43
2245,Niemiecki piosenka.,spanish,3D,42
