_id,title,tickets_sold
261,Samica.,4060
109,Syn trochę.,4051
2797,Stosunek mieszkaniec.,4018
7948,Ilość przedsiębiorstwo.,4017
1294,Październik ważny.,4004
8553,Marka sprawa.,3977
603,Tu układ.,3977
9799,Woda.,3930
5130,Wszelki.,3921
9733,Stawiać pogoda.,3914
1029,Gospodarczy prowadzić.,3913
5873,Przestać.,3900
9765,Port Europa.,3895
7789,Zacząć.,3893
7151,Przecież.,3887
8799,Wola ten sam.,3884
5264,Oddawać Rosja.,3881
3863,Sobą.,3880
1243,Artysta.,3876
713,Ozdoba ciemność.,3872
1080,Ciało morze.,3870
670,Daleki czynnik.,3864
2793,Wynosić obowiązek.,3859
4384,Przemysł.,3855
1790,Kobiecy japoński.,3852
769,Grecja.,3847
6482,Kierowca.,3847
9926,Miękki stracić.,3844
6035,Tarcza pies.,3840
2256,Zły mózg.,3839
8318,Jeździć.,3837
8517,Znów.,3833
6493,Sukces wyłącznie.,3833
5870,Dowód doświadczenie.,3832
9614,Oba.,3831
8039,Obiad umysł.,3830
1362,Wchodzić.,3826
8832,Związek.,3822
1330,Szwedzki.,3821
6909,Zmarły.,3817
7228,Otwierać.,3816
7025,Uznawać starożytny.,3813
621,By.,3813
1170,Mur.,3813
1485,Niezwykły.,3812
7871,Pojechać.,3808
5722,Brudny.,3807
3549,Wejść tekst.,3805
3832,Żeński.,3805
9003,Siedzieć.,3804
4482,Imię.,3801
8756,2.,3801
5088,Wierny.,3799
4421,Intensywny.,3796
5876,Teatr sobie.,3795
5046,Komputer poduszka.,3795
3227,Długo.,3792
3570,Zając chyba.,3792
2401,Ojczyzna.,3792
8824,Symbol obraz.,3791
9628,Nagle.,3789
6060,Książę.,3788
3821,Pokonać.,3787
8728,Osobisty.,3786
5869,Budowa litera.,3786
498,Kontynent.,3783
7971,Operacja przybyć.,3776
6724,Porządek.,3773
5269,Trwały.,3772
2569,Swój pokarm.,3771
3655,Odcinek.,3771
2252,Zainteresowanie religijny.,3770
6178,Wysoki.,3769
2907,Plaża.,3768
6923,Wyglądać Ameryka.,3767
7347,Austria.,3765
7212,Polak.,3762
4217,Spaść dobro.,3758
8452,Nigdy.,3758
687,Właściwy przedsiębiorstwo.,3756
4901,Śpiewać.,3756
2769,Przeprowadzać.,3756
5902,Niebezpieczeństwo.,3753
432,Występować.,3753
9988,Lotnisko.,3753
6027,Naukowy.,3751
3840,Samochód malować.,3750
1057,Dawno.,3750
6269,Rejon.,3748
9234,Stół.,3748
5057,Płyn.,3747
6575,R. połowa.,3747
1845,Bieda istnieć.,3746
4288,Chłop średniowieczny.,3746
1438,Panna bogaty.,3744
3003,Osiągnąć piec.,3744
3633,Literatura.,3743
5141,Most powiat.,3743
3815,Piątek potrzebować.,3743
9052,Koło obrona.,3742
7843,Małpa smutny.,3740
3243,Pismo naród.,3736
5564,Lista.,3732
285,Oni.,3731
8730,Bez.,3727
1327,Bydło.,3724
2882,Wziąć.,3722
5961,Nikt.,3722
798,Moc.,3721
8772,Sala.,3721
2837,Zachodni średni.,3718
8092,Zabawa.,3717
9479,Jakby trzeba.,3716
3786,Średni.,3716
4084,Pasmo.,3716
1247,Mówić.,3715
9866,Archipelag martwy.,3714
7046,Że.,3712
6780,Szczęśliwy.,3712
6287,Zdobyć.,3711
1637,Także igła.,3711
5361,Nad przeszkoda.,3710
3826,Widok oś.,3709
7477,Czynnik.,3709
3645,Pomóc.,3708
4948,Ale.,3707
5223,Seksualny.,3707
8882,Stół.,3707
6360,Zakończenie.,3705
6011,Żydowski.,3705
6355,Wystawa.,3704
561,Sztuka spotkać.,3704
1239,Kura dziać się.,3704
789,Św..,3703
8085,Przebywać.,3701
3777,Reguła z powodu.,3698
7580,Egipt gatunek.,3698
5972,Mysz uniwersytet.,3695
763,Zdrowie.,3695
1528,1 tyle.,3694
1442,Teoria.,3693
6187,Lis liczba.,3692
6319,Inaczej.,3692
8524,Pisarz wpływ.,3690
3438,Sukces.,3690
59,Ramię.,3689
6927,Narzędzie.,3689
2046,Wykorzystywać 1.,3689
5986,Wieża usuwać.,3688
9640,Oko ocena.,3688
4127,Lek.,3687
4693,Niektóry sprawiać.,3687
4002,Użyć rozmawiać.,3687
8195,Bank.,3687
8270,Mowa Egipt.,3686
7298,Samochód tydzień.,3683
7533,Zgromadzenie gdzie.,3682
6874,Mieszkanka.,3681
2054,Iść.,3681
4819,Jeździć sprawa.,3680
3062,0.,3680
4857,Owca ziarno.,3678
6335,Japoński.,3677
6275,20 kolumna.,3677
6064,Chiński język.,3676
7644,Działalność panować.,3675
5301,Rumunia rana.,3673
4704,Jedenaście.,3673
2185,Z Powodu.,3673
4121,Wiele.,3673
3824,Istnienie.,3672
8331,Ładny otaczać.,3672
6570,Jechać.,3672
6953,Seksualny.,3671
622,Znaczenie byk.,3671
6811,Głos męski.,3670
2509,Występować.,3670
8818,Ojczyzna.,3666
4425,Natychmiast wtorek.,3665
6786,Podstawowy uchodzić.,3665
2251,Głupota.,3663
7892,Dalej.,3663
2230,Uciekać książka.,3661
9406,Pomóc waga.,3660
616,8.,3660
6716,Późny.,3660
3512,Rosnąć.,3659
5546,Krew.,3658
3236,Długo.,3657
7291,Bo zupa.,3656
9600,Nóż.,3655
4561,Pojechać rachunek.,3655
1524,Spokój.,3655
5462,Wakacje.,3654
3828,Miejski dziecięcy.,3654
8820,Czerwiec powód.,3651
8242,Urodziny.,3651
2635,Obejmować.,3650
2390,Sobie może.,3650
7410,Pałac.,3650
4949,Efekt ręka.,3649
6565,My.,3649
717,Dokładny.,3649
75,Dolina.,3648
3957,Płacić.,3648
8304,Zwrot czytać.,3648
4317,Bóg padać.,3647
8943,Część.,3645
9563,Zająć godny.,3644
9580,Przebywać rasa.,3644
3030,Kraj.,3644
9724,Słońce.,3643
3794,Położyć.,3643
5249,Suma.,3643
6980,Grzech wrogość.,3642
6964,Umieć coś.,3641
32,Oddech pomidor.,3641
1530,Rzym Warszawa.,3640
6956,Przeciwko.,3640
1861,Niszczyć.,3640
8328,Para.,3640
5123,Masa jedzenie.,3638
5616,Co.,3638
613,Wszelki przyprawa.,3637
5749,Panna określony.,3636
168,Przestępstwo.,3636
4739,Umrzeć.,3636
3163,Polityk centralny.,3633
9735,Robota czekolada.,3633
2677,Część.,3632
6765,Pokój oni.,3632
2823,Administracyjny waluta.,3631
3608,10.,3631
9550,Dokładnie.,3630
3375,Ozdoba.,3630
4625,Dusza prosty.,3630
339,Paliwo.,3628
1180,Zły.,3627
3932,Ozdoba.,3627
3444,Jaki.,3625
5571,Sierpień.,3625
3586,Jej.,3624
8248,Kobiecy.,3624
4683,Koza.,3624
1370,Dlatego pies.,3624
6947,Walczyć teatr.,3623
6992,Sposób.,3623
5631,Przejaw.,3623
7050,Poważny.,3622
4665,Otwarty.,3621
2921,Wcześnie zaczynać.,3621
8663,Kolejowy.,3620
2787,900 pełnić.,3618
1980,Naród.,3617
6093,Liść.,3617
2809,Czas.,3617
4101,Tradycyjny niebezpieczeństwo.,3617
5408,Masło czyli.,3616
9029,Specjalny.,3616
3392,Piec stawiać.,3615
968,Pamięć planeta.,3615
1271,Igła.,3615
1376,Sylaba.,3614
5940,Wodny zmęczony.,3613
7633,Czwarty latać.,3613
5263,Modlitwa.,3613
9273,Znak czynnik.,3612
165,Owca Żyd.,3612
8525,Siódmy.,3611
9703,Znowu –.,3611
8500,Pan.,3609
145,Sprzedaż.,3609
8093,Osiemdziesiąt dużo.,3608
8869,Lecieć powolny.,3608
1472,Rzucać jedynie.,3608
7183,Pismo moralny.,3607
9196,Chrześcijański podstawa.,3607
9385,Przybyć.,3607
6344,Żółty.,3607
8197,Otrzymywać treść.,3607
9838,Świnia.,3606
8186,Królestwo.,3604
4664,Godny.,3603
8973,Oczywiście.,3602
7084,Prędkość.,3600
2941,Wokół.,3600
9907,Pozwalać określony.,3599
6220,Pisać broda.,3599
3250,Ameryka.,3599
3836,Cierpieć wzgórze.,3598
9826,Uważać.,3597
4135,Posługiwać Się.,3596
189,Fotografia.,3596
6019,Policja.,3596
9004,Anioł.,3595
4678,Władca fala.,3595
7891,Bilet pierwszy.,3592
889,Złoty.,3592
6591,Mąka łuk.,3590
634,Kraina wypadek.,3589
5992,Zwykle.,3588
9428,Lew.,3588
1986,Taniec.,3588
115,Ludność.,3588
5675,Klucz.,3587
578,Kapelusz.,3587
5116,Ważny.,3587
858,Obraz.,3587
839,Morze.,3587
6250,Niszczyć władza.,3587
5450,Bóg.,3586
7104,Traktować pasek.,3586
3100,Dawno.,3584
5105,Osiemdziesiąt.,3584
8716,Przejście.,3584
3149,Punkt.,3584
1884,Ostry.,3583
3171,Istotny.,3583
7135,Wieś powód.,3583
9459,Kalendarz.,3582
1389,Ciotka.,3582
4382,Budowa pas.,3582
331,Płacić dziewięć.,3582
361,Czwarty budzić.,3581
4624,Naczynie.,3581
2822,Odwaga.,3580
804,Natychmiast fotografia.,3579
116,Tam piąty.,3579
7117,Urządzenie podnieść.,3579
1494,Żywy.,3576
1651,Należy japoński.,3576
7364,Cesarz całkowity.,3575
5735,Hałas.,3574
7621,Wykonać.,3574
9225,Sala.,3574
3924,Wybrać.,3573
5288,Okrągły.,3572
2265,Z Powodu.,3571
8057,Bilet poczta.,3570
1208,Kosztować.,3570
9558,Zakład.,3569
138,Ty.,3569
6813,Czapka.,3568
3052,Ziemniak rodzina.,3568
292,Źle zająć.,3567
5126,Pomysł do.,3566
8383,Piosenka tył.,3565
9564,Rosyjski.,3565
4799,Tablica móc.,3565
639,Kilometr.,3565
1961,Słuchać wieczór.,3565
2409,Duński.,3564
7968,Własność płacić.,3564
6206,Mebel.,3564
7133,Strona.,3563
4491,Złoty obrona.,3563
6264,Narząd.,3563
6070,Temat kaczka.,3562
7524,Wspomnienie.,3562
2226,Zanim.,3561
4754,Czy.,3561
1620,Suma Indie.,3561
4065,Wpływ.,3561
3864,Siódmy.,3559
3423,Kolumna zachodni.,3559
3934,Teren.,3559
3452,Ryzyko.,3559
3801,Sobą oddech.,3558
8928,Swój cisza.,3558
3677,Sposób ciemny.,3558
6404,Wisieć ocena.,3558
7852,Pozostać proces.,3557
6115,Użyć.,3557
5443,Operacja bezpieczeństwo.,3557
1575,Tradycja przeszłość.,3557
1772,Sierpień.,3556
3752,Szybko ziemia.,3556
9107,Dopiero który.,3556
6364,Aktywny.,3556
3311,Historia.,3554
5802,Pora siła.,3554
2397,Urodzić Się służba.,3553
1508,Rasa.,3553
7513,Przebywać.,3552
9754,Obowiązek kura.,3552
3274,Kamień.,3552
410,Futro.,3552
3125,Niewolnik wakacje.,3550
2153,Psychiczny niewolnik.,3550
7890,Prawie po.,3550
5442,Płaszcz.,3549
1349,Święty wielkość.,3549
8945,Autobus futro.,3548
9637,Obok kupić.,3548
2828,On.,3548
4815,Słowacja.,3546
4610,Sąd.,3546
1775,Przeciwnik.,3546
6001,Rok dłoń.,3546
4974,Strefa nieszczęście.,3546
5665,Również skrzydło.,3544
7082,Mądry.,3544
1814,Złapać przeszkoda.,3543
8266,Pomidor.,3542
6696,Jedzenie ogon.,3542
6580,Tu dla.,3541
7374,Trochę żeby.,3541
7763,Pięćdziesiąt wakacje.,3540
7607,Bułgarski.,3540
4598,Naturalny historia.,3540
3921,Stosować.,3539
4015,Sklep.,3539
4535,Prawie piętnaście.,3538
201,Wybór działalność.,3538
5360,Leczenie.,3538
1918,Wartość.,3538
2182,Zaufanie.,3538
4308,Pan.,3537
4221,6.,3537
4351,Naprawdę bezpośrednio.,3537
9675,Chiński.,3537
2674,Bitwa tytoń.,3536
3263,Odczuwać głupota.,3535
1054,Więcej.,3534
8921,Barwa.,3534
1556,Dziś tor.,3534
8411,Wyspa kosztować.,3534
375,Gospodarczy.,3534
6656,Styczeń dobry.,3533
3678,Córka.,3533
1222,Cztery zwrot.,3532
730,Anioł.,3532
6445,Więcej.,3532
5121,Obowiązywać.,3532
3463,Przeprowadzać.,3532
2310,Córka ciężar.,3531
2448,Pojemnik.,3530
9992,Godzina jeżeli.,3530
1037,Punkt zboże.,3530
9981,Piwo skala.,3530
9404,Zły cierpienie.,3530
3417,Żeński.,3529
9698,Albo możliwość.,3528
2877,Literatura sala.,3528
2669,Wspaniały każdy.,3528
4470,Skóra.,3528
788,Policja szyja.,3528
541,Armia.,3527
5673,Miara.,3527
4599,Strata znaczyć.,3527
3951,Reguła tajemnica.,3526
2483,Siedemdziesiąt.,3525
2756,Pociąg.,3525
8864,Biblioteka wynosić.,3525
8015,Dlaczego 9.,3525
9307,Mecz technika.,3525
8065,Składać.,3524
7418,Nieść.,3524
2271,Znajdować kura.,3524
9268,Jeśli.,3524
4964,Czynić.,3524
644,3 rosyjski.,3524
2728,Czyn.,3524
956,Ocena Turcja.,3523
2827,Przed pierwiastek.,3522
6848,Klub.,3522
8150,Zbyt lecieć.,3522
9780,Narodowość się.,3521
1670,Pomysł zabić.,3521
5322,Od.,3521
4164,Prędkość.,3520
3974,Przyjść zysk.,3520
3247,Okolica patrzeć.,3519
5714,Stracić urząd.,3519
583,Twój.,3519
9761,Lis.,3518
3567,Się.,3518
5100,Badać deszcz.,3518
6894,Dzięki.,3517
3292,Święto.,3516
7884,Na chęć.,3516
3698,Warunek.,3516
8311,Deszcz z krwi i kości.,3515
5362,Bezpośrednio.,3515
6602,Drzewo kolor.,3514
1827,Ręka.,3514
6857,Instrument powoli.,3513
1630,Nadawać suma.,3513
1948,Użytkownik wydarzenie.,3513
4414,Duch.,3513
4286,40.,3513
3432,Opieka.,3513
6411,Na Zewnątrz.,3512
120,Narkotyk.,3512
881,Powoli.,3512
5592,Linia polityk.,3511
224,Mądry wrzesień.,3511
844,Jan.,3511
8486,Sok Chiny.,3510
1905,Bronić.,3510
6428,Myśl nie ma.,3510
425,Dzielnica.,3510
4773,Jak.,3509
5966,Skończyć 20.,3509
2102,Długo.,3508
2903,Państwo żeby.,3508
3491,Narzędzie wada.,3507
9823,Budynek.,3507
7802,Ono.,3507
4000,Przedmiot historia.,3505
1812,Podnieść lato.,3505
7966,Urodzić Się iść.,3504
2600,Do.,3504
9284,Piękny wesoły.,3503
8478,Ciasto przykład.,3503
9920,Wieczorem.,3503
3429,Staw.,3503
6938,Myśl.,3503
691,Jechać.,3503
885,Cesarz pomidor.,3503
6951,Policjant oś.,3502
3380,Wspólnota papież.,3502
3897,Radiowy.,3501
2428,Smak.,3500
9354,Szósty.,3500
9652,Gorączka.,3500
4095,Gdzie.,3499
846,Szklanka.,3499
5731,Kieszeń.,3499
3701,Katastrofa.,3498
1835,Słownik.,3498
7876,Postępowanie.,3498
9967,Odkryć miecz.,3497
859,List można.,3497
2104,Szwecja.,3497
4459,Atak.,3496
1059,Ponieważ główny.,3496
8782,Narzędzie podobny.,3496
5006,Pisarz szeroki.,3496
4854,Dla.,3495
214,Mleko.,3495
7131,Wiatr.,3494
454,Nad.,3494
2762,Jedyny czekać.,3494
630,Centralny letni.,3494
9002,Dzielić Litwa.,3494
7521,Rzadki prowadzić.,3493
7675,Polegać.,3493
8905,Wybitny.,3493
8432,Szukać.,3493
4379,Sukces Litwa.,3493
1326,Jabłko prezent.,3493
8783,Maj chmura.,3493
5444,We projekt.,3492
5404,Zacząć klasa.,3492
6196,Dostęp świecić.,3492
3460,Potrawa postać.,3492
7531,Bydło naturalny.,3491
7303,Gdzieś dokonywać.,3491
6224,Służyć.,3490
9668,Rzadki królestwo.,3490
4514,Tytoń odmiana.,3490
3116,Pozycja.,3490
256,Pomagać władca.,3489
3464,Niemiec urząd.,3489
3557,Rozmawiać znowu.,3488
7109,Igła.,3487
7845,Warszawa.,3487
104,Dawać dno.,3486
79,Sprzedaż spowodować.,3485
6895,Jeżeli bezpośrednio.,3485
1395,Pozycja sen.,3484
6397,Turcja wszystkie.,3484
2070,Kolej wokół.,3484
8172,Uzyskać.,3484
9104,Życie.,3483
6184,Pewny.,3482
4579,Potem.,3482
1028,Dziura.,3482
9391,Chrześcijaństwo czytać.,3482
362,Artystyczny.,3481
1541,Zakon.,3480
3812,Krowa.,3480
407,Pewny.,3479
7427,Robotnik nadzieja.,3479
2181,Przestępstwo.,3478
7869,Zwykły ćwiczenie.,3478
5118,Itp. mąka.,3478
5216,Suma wysłać.,3477
4046,Pacjent przedmiot.,3477
3302,Zegar mieszkać.,3477
9914,W autobus.,3476
4209,Wino wśród.,3476
3943,Jaki pozostać.,3475
315,Wysyłać.,3475
9283,Usta.,3475
7544,Ubogi sztuczny.,3474
2846,Ruch staw.,3474
6472,Mleko.,3473
4750,Dobro wierzyć.,3473
3762,Zmienić niebezpieczny.,3473
7618,Ogromny 70.,3472
2162,Podnieść.,3472
9067,Gospodarka zdarzenie.,3472
4454,Akcja.,3472
6544,Widoczny.,3472
2204,Powodować jasny.,3472
4687,Duch pracownik.,3471
3792,Zajmować.,3471
3899,Konstrukcja łatwy.,3470
5672,Różnica okolica.,3470
8991,Hałas.,3470
8367,Dziewięć kino.,3470
7450,Żywność płeć.,3469
4677,Transport.,3469
4726,Teraz państwowy.,3469
146,Kultura.,3469
8871,Gorączka zgoda.,3469
4418,Silny.,3469
3148,900 posługiwać się.,3468
1527,Mąż podstawowy.,3468
2364,Lot zły.,3468
6767,Zaraz.,3467
273,Rządzić.,3467
7749,Mur piłka nożna.,3467
9788,Stany Zjednoczone przecież.,3466
2937,Dzielnica ser.,3465
6571,Wniosek.,3465
9130,Zbudować zniszczyć.,3465
3502,Zwrot należeć.,3465
5330,80.,3465
5806,Złapać.,3465
3508,Piłka Nożna.,3464
4154,Dostęp.,3463
4662,Sukces.,3463
773,Część.,3463
739,Scena.,3463
7305,Pan.,3462
9118,Oficjalny zdolność.,3461
7960,Stopa.,3461
95,Tablica.,3461
716,Katastrofa.,3460
5052,Element ciepły.,3460
7449,Widoczny by.,3460
5313,Obszar.,3459
4485,Suma.,3459
7100,Żyd czapka.,3459
3103,Bić płaski.,3459
359,Bok znaczyć.,3459
926,Hotel.,3459
9148,Strumień.,3458
282,Bieda długi.,3457
6421,Drzwi.,3457
3736,Odzież.,3457
7685,Zwolennik.,3457
2573,Minuta lecz.,3456
9913,Zdolność.,3456
1453,Rzymski.,3455
9897,Fałszywy gdy.,3455
4729,Południowy.,3455
155,Letni komputer.,3454
8051,Hotel usługa.,3454
8667,Kształt.,3454
1978,Wypadek majuskuła.,3453
110,Lotnisko koszt.,3453
845,Karta.,3453
465,Podnieść zielony.,3452
2164,Forma Azja.,3452
8488,Niech.,3452
2435,Nad uniwersytet.,3451
4585,Dopiero.,3451
5844,Zjeść.,3451
6970,Badanie gęsty.,3451
9562,Pragnąć Szwecja.,3451
160,Morze Ameryka.,3451
5743,Równy te.,3450
8771,Kierowca.,3450
1418,Przyjmować.,3449
9783,Przybyć klub.,3449
3498,Moc.,3449
2255,Róża wąż.,3449
8689,Kolano USA.,3449
950,Go głowa.,3448
6342,Sądzić.,3448
3214,Urzędnik różny.,3447
1877,W bawić się.,3447
5686,Mgła.,3447
5157,Rano robotnik.,3447
3447,Bo płakać.,3447
7101,Miejsce temat.,3446
4161,Zawsze.,3446
4862,Śnieg mądry.,3445
8198,Przyprawa.,3445
982,Pływać.,3445
4968,Filozofia.,3445
743,Dziedzina.,3445
6704,Ciągle.,3444
6166,Poduszka adres.,3444
2995,Godny hasło.,3444
9849,Wyspa.,3444
225,Rzym.,3444
9809,Utrzymywać.,3444
6712,Przykład chwila.,3443
4304,Bez.,3443
9429,Kiedyś gaz.,3443
6820,Gardło.,3443
4447,Charakter pod.,3443
7588,Lotnisko.,3442
1004,Babcia wybrzeże.,3441
379,Kłaść.,3441
2328,Specjalista rosyjski.,3441
664,Drzewo.,3441
6281,Biały szkło.,3441
130,Pięć.,3440
8822,Rysunek.,3439
3200,Północ.,3439
9434,Bar Unia Europejska.,3437
9008,Internetowy.,3437
9514,Wejście.,3437
8385,Kupować.,3437
9136,Dzięki.,3436
4492,Odbywać Się.,3435
9679,Głośny wobec.,3435
4963,Przecież.,3435
9732,Nie-.,3434
7839,Połączenie wiek.,3433
8886,50 artysta.,3433
4291,Przed.,3433
3162,Pracownik pochodzić.,3433
4900,Pytać zaczynać.,3432
5365,Babcia.,3432
9271,Gwiazda.,3431
4284,Bronić rzeczownik.,3431
590,Litera.,3431
2790,Z Krwi I Kości.,3430
9542,Cień medycyna.,3430
6240,Głupiec Dania.,3429
2169,Terytorium wierny.,3428
9699,Łódź.,3427
3468,Wnętrze 100.,3427
2145,Kalendarz koń.,3427
5092,Język cel.,3427
1561,Finansowy przynieść.,3426
8454,Pływać postawić.,3426
9436,Narzędzie.,3426
1184,Bić.,3426
7360,Miękki piosenka.,3426
5294,Uważać budowa.,3425
4170,Ziemia.,3425
5849,Zamykać kolor.,3425
2522,Jak.,3425
7659,Siostra zajmować się.,3424
680,Uniwersytet.,3424
9808,Ogromny sen.,3424
1078,Handel.,3424
9502,Przeciw 80.,3424
1269,Kupować.,3424
7392,Korzystać zwierzę.,3424
7785,Budować.,3424
5727,Rodowity finansowy.,3423
6863,Cierpienie.,3423
7412,Uczucie Australia.,3423
1439,Niebezpieczeństwo plemię.,3422
4828,Barwa słoń.,3422
5893,Walka wojsko.,3421
2627,Organizacja.,3421
8321,Czytać.,3421
5836,Dopiero.,3421
7041,To.,3421
7218,Wino.,3420
1383,Narząd.,3420
2716,Działać uważać.,3420
9470,Zacząć Chrystus.,3420
2336,Wysłać.,3419
688,1000.,3419
4930,Język tajemnica.,3419
975,Wrócić.,3419
427,Powstanie gleba.,3419
7175,Ludowy żeński.,3418
187,Matematyka.,3417
5575,Ponad.,3417
9384,Wyrok istnienie.,3417
393,Wada (…).,3416
7898,Na Przykład 10.,3416
689,Zboże sobie.,3416
153,Wynik dawno.,3416
3697,Pijany.,3416
6345,Naj-.,3415
8120,Urządzenie Słońce.,3414
5563,Wojskowy.,3414
3198,Wygrać.,3414
8130,Tytuł duży.,3413
6581,Piąty policzek.,3413
2580,Dziwny.,3412
9923,Jasny domowy.,3412
6819,Usa zły.,3412
5048,Cebula spokojny.,3412
1642,Mrówka.,3411
7936,Owca strój.,3411
8074,Kamień.,3411
2211,Zajmować.,3411
7856,Papieros Ziemia.,3411
6699,Literatura broń.,3411
6456,Połowa.,3411
4378,Oficjalny.,3410
4031,Włoski stado.,3410
2003,Klucz sobie.,3410
4145,Pięć.,3410
2702,Wpaść temat.,3410
185,Nieszczęście.,3410
9552,Złodziej korzystać.,3410
8098,Ich.,3409
3902,Duch.,3409
2142,Stolica trzymać.,3409
3300,W Końcu robotnik.,3408
7609,Kurs bieda.,3408
1246,Potem.,3408
650,Dokument komputer.,3408
6644,Obiad poważny.,3408
3806,Śniadanie tarcza.,3407
7783,Zwierzę świątynia.,3407
3271,Rozpocząć.,3407
7602,Ciepło surowy.,3407
100,Mąka lód.,3406
8327,Wszystkie w ciągu.,3406
7439,Pragnąć przyjęcie.,3406
9237,Wy.,3405
217,Sprzedawać nastrój.,3405
8985,Wyglądać.,3405
8086,Radio.,3405
8146,Ludzki zakończenie.,3405
8469,Pióro nauczycielka.,3405
8436,Żeby nauczycielka.,3405
4441,Słoneczny.,3404
9917,Ślad.,3404
1996,Dział ramię.,3404
3944,60 dar.,3404
8509,Produkt ryba.,3402
8636,Herb tworzyć.,3402
8231,Marzec wtorek.,3401
5225,Ze.,3401
3731,Mocz.,3401
7729,Współczesny to.,3401
1199,Brudny.,3400
3053,Kultura.,3400
7781,Dobrze.,3399
2371,Morze Śródziemne.,3399
9777,Powodować.,3399
9398,Okazja podnieść.,3399
643,Nie Ma pijany.,3399
5235,Znak.,3398
7939,Ktoś wilk.,3398
3749,Wy.,3398
9153,Połączenie.,3398
4619,Ci.,3397
3004,Drewno.,3397
9265,Możliwy dobry.,3397
5853,Traktować.,3396
6678,Metr właśnie.,3396
3745,Włosy cecha.,3396
9520,Radiowy rezultat.,3396
9834,Dlaczego.,3395
1622,Drapieżny noc.,3394
1258,Otwór ruch.,3393
3979,Samochód domowy.,3393
1292,Niewolnik zachowanie.,3393
3075,Życie pierwiastek.,3393
8224,Typ.,3393
3211,Stado lotniczy.,3392
5841,Rodzaj.,3392
2533,Obiekt.,3392
1139,Transport.,3392
1689,Bóg pojazd.,3391
1592,Uczyć.,3391
3113,Większość dokument.,3390
4779,Mój papier.,3390
3230,Jutro znaczenie.,3389
8243,Ciotka.,3389
5424,Czeski modlitwa.,3389
6771,Zabawka wzrok.,3389
58,Znów.,3389
1406,Kurs Grecja.,3389
8543,A.,3389
2740,Prasa.,3388
8659,Suchy ryzyko.,3388
8575,Szwecja.,3387
3187,Składnik.,3387
1546,Narodowość blady.,3387
5707,Kurs strój.,3387
9609,Szkoda.,3387
4027,Niedziela tłuszcz.,3387
4703,Smutek.,3386
5042,Wojsko.,3386
1464,Polski zamek.,3386
4024,Lampa przez.,3386
527,Liczyć majuskuła.,3386
7645,Czyjś wspólnota.,3385
6520,Sól ciotka.,3385
5427,Nazwa powszechny.,3385
1825,Książę.,3384
6686,Piętnaście osiem.,3383
4995,Roślina cierpienie.,3383
4517,Papieros.,3383
7822,Obecny ich.,3382
4842,Chwila.,3382
6750,Pan.,3382
1577,Dotyczyć.,3382
8627,Położony klasa.,3382
2009,Umożliwiać.,3381
3387,Intensywny.,3381
7592,Poruszać.,3380
6645,Poza.,3380
912,Sos.,3380
7126,Z Krwi I Kości.,3380
6102,Flaga ósmy.,3380
4120,Czyn siedem.,3380
9746,Liczyć charakterystyczny.,3379
3580,Grecja produkować.,3379
3990,Święty próbować.,3379
3396,Skłonność.,3379
3297,Opowiadać.,3379
3279,Gwałtowny.,3379
4,Późno.,3378
4190,Diabeł.,3378
9014,Zielony organizm.,3378
5698,Powiedzieć.,3377
1806,Wystawa.,3377
6560,Właściciel.,3377
2341,My wszyscy.,3377
539,Ojciec.,3376
2231,Przedstawienie.,3376
215,Żyd.,3376
2353,Bułgarski środek.,3376
2415,Bliski.,3375
4136,Trwały.,3375
2309,Egipt.,3375
5390,Powieść wesoły.,3375
3835,7 robotnik.,3375
4178,Więcej program.,3374
340,Świnia.,3374
4238,By wydarzenie.,3373
8537,Aż.,3373
9573,Umysł.,3373
8265,Powstanie.,3373
229,Postępowanie pokazywać.,3373
7735,Wiedza zajmować.,3370
6851,Powoli.,3370
1972,Ziarno państwowy.,3369
5610,Zimny Austria.,3369
1055,Święto błoto.,3367
19,Jajko.,3367
6997,Pozwalać.,3367
872,Bronić.,3367
9313,Zwykły.,3366
2992,Powietrze.,3366
9594,Cisza w.,3366
2628,Tradycyjny przestępstwo.,3366
3327,Zwierzę chcieć.,3365
4092,Istnieć.,3365
7973,Dziób.,3365
6769,Długi bydło.,3365
7075,Swój mocny.,3364
6134,Ona następny.,3364
8310,Pod.,3364
4889,Osobisty szlachetny.,3364
2459,A rodowity.,3364
7446,Kobieta.,3363
666,Dodać u.,3363
7924,Rozwiązanie powieść.,3363
2981,Mowa.,3363
7223,Ktoś płynąć.,3363
6422,Komórka.,3363
1929,Gorący sto.,3363
2352,Oddział adres.,3362
4272,Przedstawiać ulica.,3362
9526,Straszny cesarz.,3362
441,Długość.,3361
7096,Określenie.,3361
2492,Słońce żydowski.,3361
880,Białoruś jedyny.,3361
2402,Wreszcie chęć.,3360
468,Bliski zainteresowanie.,3360
547,Okres.,3359
1643,Kieszeń Polska.,3359
1912,Ona.,3359
2744,Dwanaście.,3359
4769,Nieprzyjemny Indie.,3359
6490,Chociaż.,3359
1083,Pełny finansowy.,3359
8404,Umieszczać dziecięcy.,3359
8246,Kość poziom.,3358
7079,Książka.,3358
7099,Tworzyć stowarzyszenie.,3357
9308,Świątynia osoba.,3357
6439,Swój krótki.,3356
3964,Wzrost.,3356
2300,Telewizja.,3356
7872,Gotować cebula.,3355
1116,6.,3355
6950,Opłata.,3355
117,Trochę.,3354
1618,Scena.,3354
1220,Belgia.,3354
957,Drapieżny centrum.,3354
5451,Tamten plama.,3353
1655,Żart.,3353
8624,Telewizja skutek.,3352
6389,W Ciągu wywodzić się.,3352
1399,Azjatycki przebywać.,3352
6333,Zakład.,3352
7136,Deszcz.,3352
4682,Południe.,3350
3032,Miłość.,3350
8496,Odmiana.,3349
3063,A własność.,3348
3485,Uderzać kamień.,3348
5817,Religijny internetowy.,3347
7460,Z Krwi I Kości.,3347
144,Tradycja 40.,3347
2777,Przynosić samiec.,3347
1198,Lecieć Polska.,3346
4138,Całkowicie.,3346
8447,Trudno urząd.,3346
3484,Ruch Holandia.,3346
3,Czytać ciemność.,3346
4767,Domowy.,3346
6253,Fabryka niebezpieczny.,3345
67,Noga.,3345
7508,Ulegać.,3344
7348,Widok.,3344
1299,Tyle atak.,3344
7321,Wspaniały metalowy.,3344
4056,Według.,3343
2425,Oddać.,3343
5356,Wydać miecz.,3342
9208,— kolejny.,3342
5891,Odważny.,3342
6140,Motyl czyjś.,3342
7380,Półwysep długi.,3341
3831,Twarz charakterystyczny.,3341
4149,Oddać.,3339
5828,Że.,3339
8760,Związany jakiś.,3339
7639,Katolicki.,3339
2073,Wyjść światło.,3339
5098,Szkło wykonywać.,3338
7478,Miejscowość pogląd.,3338
9740,Okolica umysł.,3337
1369,W gatunek.,3337
8922,Świecić okazja.,3337
2319,Kartka dwudziesty.,3336
54,Staw 7.,3336
9157,Zamek.,3336
4028,Słońce.,3335
7093,Praktyka.,3335
3445,Liczyć.,3335
4916,Kolej.,3334
9301,Stać walka.,3334
9184,Łagodny.,3332
1502,Byk gęsty.,3332
5821,Dolina serce.,3332
1106,Tutaj wszyscy.,3332
6532,Kolejny gospodarczy.,3332
3558,Wspólny więcej.,3331
4562,Psychiczny.,3331
476,Masło.,3331
3321,Proszę kanał.,3331
3433,Owad.,3330
416,Nagle.,3330
7426,Obejmować.,3329
3909,Lub tamten.,3329
6410,Obrót.,3329
9785,Terytorium.,3329
9410,Zawartość.,3327
4794,Dziecięcy.,3327
6322,Rodzic wiosna.,3327
6629,Iść ojciec.,3327
1126,Punkt.,3327
5392,Wódka.,3325
9214,Zwykły pomidor.,3325
1194,Mieszkać główny.,3325
8567,Trzydziesty suma.,3324
4885,Niebezpieczeństwo.,3324
5400,Wysiłek.,3324
2705,Religia.,3323
2233,Egzamin.,3323
5852,Zawodowy drużyna.,3323
7214,Czerwiec.,3323
1997,Ostry żyć.,3322
7947,Wszystko kontakt.,3322
1094,Papier pozostawać.,3322
5134,Rosja.,3322
1562,Burza ksiądz.,3321
5188,Potrzebny.,3320
1207,6 własność.,3320
9518,Ziemia.,3320
7983,Mecz.,3320
3632,Zima.,3318
1146,Relacja.,3317
5843,Brać usługa.,3317
207,Tytuł 2.,3317
106,Wymagać.,3317
3857,Raz.,3316
3304,Wewnątrz zakończenie.,3316
2586,Telewizja każdy.,3315
2865,Spodnie telewizyjny.,3315
324,Dać Się przedstawiciel.,3314
35,Artysta.,3313
5039,Hasło.,3312
5173,Pojemnik.,3312
6282,Bez średniowieczny.,3312
5420,Ci.,3310
3235,Podawać pożar.,3309
594,Miód sygnał.,3309
5047,Przez chwila.,3309
6803,Impreza więc.,3308
2562,Futro miara.,3308
9590,Unia Europejska piec.,3308
1452,Sos widzieć.,3308
1082,Afganistan.,3307
9175,Odpowiadać.,3306
2588,Broda.,3306
6706,Bitwa.,3306
208,Kula złodziej.,3306
6649,Zakończenie przeciwny.,3305
51,Żona suma.,3305
7643,Odkryć.,3305
8605,Niechęć biskup.,3304
3415,Czytać.,3304
8352,Z.,3303
1396,Cesarz kolacja.,3303
8858,Wysyłać.,3303
5368,Przygotowywać.,3303
1857,Klient ludność.,3302
591,Coraz.,3302
2858,Jako zarówno.,3302
9837,Pismo.,3302
6157,Koń cierpieć.,3301
856,Zrobić.,3301
2819,Temperatura.,3300
1849,Dach.,3300
2498,Sobota zysk.,3300
5513,Obok.,3300
9741,Tydzień lęk.,3299
6821,Zapomnieć kto.,3298
8908,Dziewczynka.,3298
7012,Wszystek.,3298
5027,Użycie.,3298
3134,Po Prostu siedziba.,3298
9414,Nauczycielka.,3297
1879,Narząd.,3296
6191,Plaża cierpienie.,3296
8314,Opieka zysk.,3296
3886,Danie brać.,3295
5600,Obrót.,3295
9643,Płaski.,3294
4042,Materiał narzędzie.,3293
4118,Czwartek.,3293
6235,Prosty rysunek.,3293
6827,Słodki.,3292
996,Obiekt wyjść.,3291
3017,Żeński.,3291
3571,Niemiecki.,3291
7286,Część teatr.,3290
4587,Jakby.,3290
843,Jakość.,3290
1791,Położyć.,3290
4556,Słoneczny bohater.,3289
3952,Okres.,3289
4263,Gdzie.,3289
722,Forma odnosić się.,3289
3348,Staw informacja.,3289
9841,Jadalny.,3289
7330,Powstanie.,3289
1795,Mistrz USA.,3289
4510,Opowiadać.,3288
4736,Bar.,3288
2776,Stawiać.,3288
3401,Impreza.,3288
5658,Wkrótce.,3288
1069,Temperatura.,3288
6590,Wspólny.,3288
5089,Niezwykły karta.,3287
1893,Badanie uciekać.,3287
4744,Waga autobus.,3287
3690,Koncert studiować.,3287
4355,Imię.,3287
3825,Otrzymywać.,3286
5548,Dla prawie.,3286
8615,Cena.,3285
24,Słownik Anglia.,3284
5246,Uważać twarz.,3284
389,Pozycja oddech.,3284
5590,Przyjść wracać.,3284
2667,Każdy rozmiar.,3284
3118,Wolny dziś.,3283
2841,Pomysł.,3283
4107,Czyn.,3282
1817,Program.,3282
8694,Zrobić latać.,3281
5970,Zajęcie.,3281
2196,Posiłek rysunek.,3281
3914,Niech.,3280
9447,Staw majątek.,3280
7029,Robić.,3280
7142,Nadawać całkiem.,3280
5723,Grzech.,3279
3248,Bać Się.,3278
6651,Prowincja jakiś.,3278
5536,Minister sędzia.,3278
9912,Położenie rower.,3278
7793,Wynosić.,3277
2074,Opisać.,3277
9109,Noc szkoda.,3277
5384,Choć związany.,3276
2614,Słońce ona.,3276
1357,Skutek.,3276
9686,Równy.,3275
7237,Przed wartość.,3275
8801,Sąd pół.,3275
9521,Kalendarz Dania.,3275
3986,Tworzyć zegar.,3275
3213,Łóżko płyta.,3274
4453,Stacja typ.,3273
1667,Wielka Brytania zwolennik.,3273
6043,Technika.,3273
9905,Dziecko.,3273
5620,Zapalenie.,3273
4424,Pióro.,3273
1287,Plaża klasa.,3272
8754,Wyłącznie.,3272
3940,Pewny korona.,3272
564,Brzydki.,3271
4131,Środkowy dziecięcy.,3271
9167,Interes.,3271
9310,Pszczoła.,3270
5244,Żołnierz.,3269
2108,Latać ludzki.,3269
3354,Odczuwać prasa.,3269
3870,Zjawisko.,3268
2387,Broda.,3268
3514,Zapis.,3268
8890,Lęk.,3268
1833,Służba odkryć.,3268
1900,Pojechać.,3267
2708,Otwarty.,3267
865,Sześćdziesiąt.,3266
3566,Przynieść.,3266
3946,Jakość trudny.,3266
3066,Egipt.,3266
9516,Brać.,3266
2002,Przeszkoda.,3265
4547,Rzucać silny.,3265
4193,Podawać ksiądz.,3265
7688,Centrum.,3265
7365,Występować klasa.,3264
1813,Punkt odpowiedni.,3264
3722,Badanie.,3264
5617,Wydawać Się.,3263
3726,Toponim.,3263
7985,Autor.,3263
9904,Naród.,3263
850,Niebieski.,3262
5382,Powinien.,3262
6680,Wszystkie.,3262
1940,Deszcz.,3261
1956,Znosić.,3261
93,Wieczorem.,3260
9707,Grzech ci.,3259
1516,Nazwa.,3259
64,Znak król.,3258
8592,Gęsty artykuł.,3258
1540,Znaczenie.,3257
7702,Czyli żeński.,3255
156,Niemcy.,3255
748,Ciężar członek.,3255
1958,Wyrób.,3255
5519,Czterdzieści tytuł.,3255
3893,Sygnał grób.,3254
3459,Wojskowy ciecz.,3254
2026,Budzić.,3254
4978,Zaczynać.,3254
1591,Plecy.,3254
907,Odległość klucz.,3254
429,Bar herb.,3254
3461,Późny.,3254
7063,Ludność stół.,3253
5386,Zmęczony twardy.,3252
6608,Rysunek okno.,3251
1212,W Postaci przyjechać.,3251
7379,Pewien.,3251
1393,Rozmiar.,3250
1278,O stolica.,3250
4928,Rynek.,3250
5799,Kilka wziąć.,3250
7881,Burza nazywać.,3249
992,Zwykły wyłącznie.,3249
8773,Pióro wąż.,3249
9311,Większy mieszkanie.,3248
7829,Chrześcijański.,3248
4245,Powodować.,3247
1314,Dziewczyna wolność.,3247
4759,Kość.,3246
4397,Przyrząd miecz.,3246
1231,Zupełnie futro.,3246
1150,Korzyść.,3245
3855,Pozostać.,3244
9862,Europa grzyb.,3244
9867,Za stanowić.,3244
8555,Akcja.,3243
2375,Babka szukać.,3243
5031,Dodatek.,3243
5278,Potrzebować.,3241
47,Głupi ręka.,3240
8608,Pasek aby.,3239
411,Swój o.,3239
522,Hałas wierzyć.,3238
1176,90.,3238
2984,Dalej trzy.,3238
8007,Maj.,3237
1506,Spokój we.,3237
44,Łagodny.,3236
239,A.,3235
6315,Podróż.,3235
4428,Postępować.,3234
4134,Pismo drzewo.,3233
8676,Świeży wśród.,3232
5477,Relacja czyli.,3232
2534,Nagle.,3232
5746,Więzienie instytucja.,3231
9161,Pokój poznać.,3230
3000,Państwowy.,3229
9984,Znany.,3229
6371,Przyjąć.,3229
9743,Urząd.,3228
9279,Spaść.,3228
862,Model obrona.,3228
8055,Żołądek przyprawa.,3228
2701,Owad.,3227
1042,Przyjmować.,3227
6353,Widok Chrystus.,3226
4005,Akt brzydki.,3226
4560,Rozpocząć włos.,3226
606,Tam błąd.,3224
5533,Nie stół.,3224
8932,Także.,3224
7189,Pragnąć.,3224
8396,–.,3223
4574,Odmiana skończyć.,3223
7696,Książę.,3223
9829,Panować charakterystyczny.,3223
8926,Gołąb.,3222
9292,Słyszeć.,3222
762,Wydać opłata.,3222
6464,Dziki drzewo.,3221
2221,Spotkać karta.,3221
4276,Zboże nadawać.,3220
5191,Świadczyć.,3220
1445,Kula płaski.,3220
6069,Z Krwi I Kości.,3220
2854,Źródło.,3220
437,Rozwój.,3219
475,Restauracja.,3216
3989,Pole.,3216
7482,Trzydziesty brać.,3216
1705,Gęsty.,3214
8295,Rzeczywistość.,3212
9959,Silnik.,3212
8600,Zachód.,3212
8933,Matka waluta.,3212
1193,100 maszyna.,3212
7267,Typowy.,3210
2260,Smutek naukowy.,3210
3441,Znajdować Się.,3210
1303,Wczesny.,3209
5484,Zboże godność.,3209
4604,Zgromadzenie miara.,3209
711,Gdyby zamknąć.,3209
3340,Sól głupek.,3209
9177,Kwestia przedstawienie.,3209
5670,Kanał wolność.,3209
9332,Żaden.,3208
5922,Współczesny.,3208
6698,Smutny wielkość.,3208
2696,Rodzina.,3208
4738,Lotniczy.,3207
2291,Znowu.,3207
4658,Język grób.,3207
202,Skłonność bogaty.,3206
7245,Włos.,3206
629,Przecież.,3206
5252,Sądowy.,3206
7064,Niż tylko.,3205
5185,Powierzchnia pani.,3205
5779,Pojazd.,3205
2275,Myśleć gra.,3205
2732,Lis las.,3205
4810,Dziesięć wierny.,3204
490,Żart.,3204
5935,Sztuczny.,3204
8679,Późno.,3202
9013,Ząb doświadczenie.,3202
3976,Bardzo sądzić.,3202
5174,Ja.,3201
8273,Urodzić gmina.,3201
6116,Motyl.,3200
2179,Ocena wodny.,3200
4904,Bądź.,3199
7468,Samochód.,3199
8193,Decyzja suchy.,3198
3282,Przejście dom.,3197
2709,Kraina matka.,3196
5787,Dźwięk alkoholowy.,3196
9192,Okazja.,3193
5584,Stanowisko samochód.,3193
3012,Prywatny bronić.,3192
2519,Organizm.,3191
8458,Natychmiast.,3191
2127,Wesoły broda.,3190
5213,Pisanie opieka.,3190
7555,W Końcu.,3190
8785,Piłka sen.,3190
9895,Tradycja pomarańczowy.,3190
2324,Jakiś.,3189
8448,Woda.,3189
211,Plecy.,3189
6373,Zacząć.,3189
263,Gra.,3188
3130,Aby.,3188
1869,Wywodzić Się.,3187
9260,Szeroki.,3187
1259,Barwa barwa.,3187
3694,Nosić.,3186
4591,Jedyny sztuka.,3186
8115,Jądro.,3185
4787,Wpaść.,3185
7730,Udział rejon.,3183
7532,Północ.,3183
7932,Pozostać pani.,3183
5877,Założyć.,3181
2928,Podczas łyżka.,3179
5351,Dziewiąty.,3179
9448,Kawa dom.,3179
4191,Skończyć.,3178
3856,Ani produkt.,3177
7951,Wrócić.,3176
6638,Nagły.,3175
4442,Trudno dzielnica.,3175
580,Chyba.,3171
8589,Sieć koń.,3171
834,Liczyć świnia.,3170
2347,Biedny.,3169
827,Po Prostu sobota.,3169
1345,Córka osioł.,3168
2311,Przeprowadzać podawać.,3168
6974,Bogaty niechęć.,3167
8069,Trzymać.,3167
553,Skrzydło.,3167
1939,Dzielnica.,3166
6538,Mój.,3166
7123,Pustynia dokonać.,3166
5963,Tablica.,3166
5215,Właściwy scena.,3165
2030,Przeciwny.,3165
6074,Ptak moment.,3165
9223,Sala grać.,3164
4174,Fakt dzisiaj.,3163
2381,Stosunek drużyna.,3162
7569,Ten Sam w wyniku.,3162
3696,Naprawdę sygnał.,3161
9362,Swój.,3161
3527,Cały powinien.,3161
2570,Prowadzić.,3161
2249,Cukier.,3160
4343,Wrogość wykonywanie.,3160
2786,Sierpień.,3160
5971,Ludność.,3160
4690,Austria efekt.,3159
4760,Uczucie czyn.,3159
3901,Zero 70.,3159
1522,Przybyć bank.,3158
3372,Włożyć.,3155
179,Metal.,3154
4040,Trzeci korzyść.,3153
9885,Wujek układ.,3152
5298,Bok oglądać.,3152
9958,Kraków.,3150
9588,Armia co.,3150
3225,Element pani.,3149
5145,3.,3148
9285,Malować.,3145
421,Choć 1.,3144
5344,Wąski.,3144
8001,50.,3144
5602,Czyn umieszczać.,3144
5763,Dział sprzedaż.,3143
1434,Podział późny.,3143
223,Sprawa szlachetny.,3142
5080,Diabeł żydowski.,3139
4033,Pisać.,3139
6390,Los.,3138
6081,Głupota.,3138
9626,Praca.,3137
875,Biały co.,3137
8109,Walka.,3137
772,Zmienić.,3137
5994,Śnieg zwłaszcza.,3136
5059,Czy.,3136
3545,Właśnie sprzęt.,3135
9921,Znów zwycięstwo.,3134
9756,Róża.,3134
7922,Wśród.,3134
6777,Rodzina.,3132
122,Wrócić.,3130
3987,Staw możliwy.,3130
7399,Metoda domowy.,3129
4853,Dno.,3129
1901,Cichy.,3128
9419,Obchodzić temu.,3127
9099,Lina.,3127
2788,Znowu.,3124
9204,Bezpośrednio pojawić się.,3124
7261,Wróg.,3123
3523,Zwolennik wstyd.,3123
8160,Trudno.,3122
7233,Wrzesień.,3122
5905,2.,3122
5186,Węgiel mistrz.,3122
2913,Śniadanie kontynent.,3122
4097,Powodować.,3120
1846,Akcja psychiczny.,3119
6078,Źle.,3119
1298,Opuścić.,3118
3737,Pojedynczy.,3117
1868,Dziki na zewnątrz.,3117
6795,Prowadzić.,3115
3010,Przestać mocno.,3113
4349,Muzyka zdobyć.,3112
2838,Klasztor.,3111
4387,Płynąć substancja.,3110
6219,Straszny.,3110
5823,Chodzić serce.,3109
8722,Toponim pole.,3109
5457,Książka.,3109
6318,Wątpliwość.,3109
6159,Waga rok.,3108
2725,Jabłko.,3107
7018,5.,3106
3710,Strach zimny.,3106
5975,Coś.,3105
1381,Rzym.,3105
1737,Zdobyć różnica.,3105
4518,Wolno tworzyć.,3103
265,Biblioteka gruby.,3103
569,Przeciwnik.,3102
5049,Literacki górski.,3102
6948,Region.,3101
4020,Rana.,3101
1891,Muzyka.,3101
459,Życie szyja.,3100
2240,Brat.,3100
2894,Co plama.,3099
3095,Działanie ruch.,3098
5066,Wrogi.,3098
7640,Wytwarzać.,3097
4632,Odpowiadać.,3096
8252,Oddech praktyka.,3092
4647,Egipt.,3091
6945,Żeński rzeczownik.,3090
6603,Kolejny bez.,3089
4786,Plemię pozostać.,3089
6273,Zakład brudny.,3088
5618,Wy 30.,3087
2137,Autor.,3087
6467,Alkohol.,3087
2813,Mrówka.,3086
904,Wschód.,3086
9797,Wysyłać.,3084
6738,Kierować kościelny.,3080
8857,Pustynia.,3079
1583,Wysłać.,3079
4064,Tajemnica zanim.,3078
5029,Wymagać.,3077
5486,Klasa.,3077
8218,Żart ćwiczenie.,3076
4350,Uderzać olej.,3076
5072,Ziemniak czyli.,3076
420,Brzuch kura.,3075
910,Itp. węgiel.,3074
8293,– dym.,3072
2531,Tradycja 40.,3072
5402,Wniosek.,3072
9044,Sobota.,3071
3220,Pasmo.,3070
7197,Żywy.,3070
6455,Próbować gniazdo.,3069
1408,Brak odważny.,3069
1182,Ponad w..,3068
4335,Z Powodu wzrost.,3067
1566,Przestrzeń.,3067
7340,Skład.,3066
4670,Aktor dodatkowy.,3066
581,Przez.,3066
4666,Ona jesień.,3065
7782,Minerał rodzaj.,3064
1114,Zachowywać Się urząd.,3064
1429,Ciekawy uśmiech.,3064
1093,Pole nos.,3063
254,Kawałek.,3061
6504,Starać Się.,3059
8025,Wschód.,3059
2559,Anioł.,3059
6529,Niewielki otoczenie.,3058
3167,Obrona podstawowy.,3057
520,Nie Ma.,3057
5389,Kończyć.,3056
1941,Walczyć.,3055
1605,Myśl wrogość.,3054
4279,Połączyć zamiar.,3054
9962,Metalowy umieszczać.,3052
3469,Wyjść.,3050
1107,Wiedza chociaż.,3048
2638,Jedyny współczesny.,3048
4540,Siódmy.,3048
7300,Korona pewien.,3047
6017,Staw.,3047
6829,Termin dom.,3046
3246,Drapieżny.,3046
8717,Szwedzki.,3046
7784,Słowacki.,3046
3994,Naukowiec.,3045
3231,Sędzia.,3044
579,Rzecz lecz.,3044
8036,Ósmy zapach.,3044
3173,Dziewczyna.,3043
2512,Niektóry.,3041
5804,Grecja też.,3041
7770,Wyrażenie.,3041
5417,Specjalny przejść.,3040
312,Orzeł.,3040
9316,Technika zbudować.,3039
5242,Sportowy.,3039
2417,Wzrok.,3038
4273,Polska południe.,3036
8334,Słownik łatwy.,3036
5880,Gołąb.,3035
8638,Anioł.,3034
5409,Republika.,3034
7558,Prawie tekst.,3034
9472,Boże Narodzenie teraz.,3034
4265,Nagle.,3032
3814,Trwać koło.,3032
1526,Założyć nauka.,3032
714,W Wyniku.,3032
3738,Podnosić.,3031
7341,Zegar ale.,3031
8264,Głośny.,3031
7339,Dolina.,3030
1662,Sok gruby.,3030
4501,Słuchać.,3030
9353,Podawać.,3030
645,Poziom.,3030
4616,Prawda Japonia.,3029
5642,Struktura.,3028
4552,Długi samiec.,3028
1537,Ślad.,3027
5295,Wolność poznać.,3027
555,Brzeg.,3027
2024,Chociaż srebro.,3026
4218,Zaczynać.,3025
7656,Świnia.,3025
4290,Zniszczyć.,3025
7755,Użyć.,3025
8931,Tradycja.,3025
2486,Jezus koniec.,3024
6527,Tysiąc.,3024
444,Brać występować.,3023
3656,Oglądać.,3023
6955,Kolacja.,3023
7467,Że prawda.,3022
6300,Powstawać.,3021
5172,Czasownik.,3020
4017,Stolica.,3020
9488,Wspaniały dziura.,3020
6977,Znaleźć.,3019
7809,Wybór.,3019
2707,Maszyna.,3018
8008,Zgoda brak.,3018
9390,Nadzieja ciało.,3017
6847,Parlament ciekawy.,3016
1446,Ono charakterystyczny.,3016
8740,Zupełnie.,3015
7661,Życie 40.,3014
6622,Zaczynać nieszczęście.,3014
5734,Hotel.,3013
6190,Głowa.,3012
921,Pomiędzy syn.,3012
2563,Pieśń sposób.,3012
9306,Wojna nazywać.,3011
4959,Zboże.,3011
4590,Określony wspaniały.,3011
431,Dokonać walka.,3010
3742,Lipiec.,3009
1989,Pojemnik profesor.,3009
9854,Minuta.,3009
4481,Siła.,3009
8283,Jaki.,3008
4920,Sądzić.,3007
3328,Zwłaszcza.,3007
1574,Urodziny.,3007
6173,Pogoda.,3005
1529,Doprowadzić.,3004
7172,Stacja obowiązywać.,3003
9519,Zamiast.,3003
8828,50 mocno.,3002
3013,Brązowy.,3002
3647,Naprawdę państwo.,3002
203,Dzisiejszy rynek.,3002
9505,Szybki ziemia.,3002
2934,Uczyć.,3001
874,Dobro sześć.,2998
958,Zdrowy.,2996
9386,Dwa tytuł.,2995
7885,Płeć struktura.,2995
1256,Plac.,2994
1897,Niedźwiedź.,2993
510,Usta.,2991
6736,Wybierać usta.,2991
5593,Stopień według.,2989
7911,Alfabet.,2989
241,Skład.,2988
2152,Robotnik.,2988
4287,Obcy.,2988
9056,Arabski lód.,2987
9951,Zimno spodnie.,2986
8159,Pasmo.,2986
2682,Policja.,2985
7403,Wcześnie.,2983
1416,Kontakt kosz.,2983
9435,Oś.,2982
9955,Dane.,2982
78,Łączyć pijany.,2982
7153,Dzisiaj but.,2981
5153,Koło pióro.,2981
6861,Koło.,2981
8203,Dzisiejszy państwowy.,2979
8169,Podstawowy obok.,2979
6018,Sierpień również.,2979
5335,Naukowiec.,2979
1366,Wtedy.,2979
7693,Drzwi brudny.,2977
7451,Ponad klasztor.,2976
749,Działalność ojczyzna.,2976
852,Krzesło.,2975
3968,Brzydki masa.,2975
5175,Urodzenie bajka.,2974
9015,Jeszcze.,2974
3594,Znajdować.,2974
5449,Kraina.,2974
3252,Wojskowy.,2974
3055,Czterdzieści 900.,2973
8596,Mięsień ono.,2972
5169,Ciężki prowincja.,2972
1580,Internetowy zakładać.,2972
2597,Być wiatr.,2971
9077,Przeprowadzać pieniądze.,2971
3781,Przestępstwo.,2970
7357,Alkoholowy.,2970
8125,Trochę.,2970
5912,Znowu strefa.,2970
3730,Byk ciecz.,2970
9059,Duży.,2970
53,Kolumna późno.,2970
8023,Pozostać łóżko.,2970
6943,Powstać.,2970
7987,Sobie.,2969
8540,Zostać obserwować.,2968
3653,Postawić.,2968
2418,Źródło.,2968
1347,70 ponownie.,2968
2515,Pająk danie.,2967
598,Ssak.,2966
1135,Średniowieczny stawać się.,2966
9650,Rzeczywistość.,2965
6749,Stopa.,2965
4309,Słownik.,2965
6379,Potrzeba.,2965
3159,Zbiornik tyle.,2965
1815,Całość.,2965
6448,Pismo poduszka.,2964
7227,Wyrażać.,2964
319,Zaraz fala.,2964
5729,Dokonać czterdzieści.,2964
8374,Płyta.,2964
6919,Oczekiwać.,2963
108,Lód.,2963
2691,Przyrząd.,2962
8564,Tam but.,2961
1463,Niebieski samica.,2960
8957,Moc.,2960
4374,Średni sprzedawać.,2959
463,Ulica wygrać.,2959
9401,Odległość czerwony.,2959
7444,Lampa.,2958
1771,Cena.,2957
1108,Program dwudziesty.,2957
1026,Miejsce.,2956
119,Łyżka dorosły.,2956
5524,Filozofia.,2956
2645,Rysunek.,2956
1646,Odważny urządzenie.,2955
779,Akt.,2955
7035,Wtedy.,2955
1864,Niebo.,2955
5816,Mieć pomóc.,2955
9162,Metal.,2954
6877,Promień.,2953
5471,Zwolennik.,2952
1316,Półwysep.,2951
5898,Żaba.,2951
8499,Nadawać.,2951
7283,Gwiazda.,2951
1461,Obserwować metalowy.,2949
2733,Odbywać Się lis.,2948
2391,Procent głos.,2947
1735,100 bezpośrednio.,2947
2915,Rodzaj.,2947
2496,Kolano europejski.,2947
7757,Czy.,2947
6293,Właściwy.,2947
5337,Założyć pozostać.,2946
4859,Los rzeka.,2945
2683,Przejście.,2945
6578,Czasownik tłumaczyć.,2945
8683,Przychodzić.,2945
4872,Sala także.,2944
9293,Znaczyć porządek.,2944
4606,Turcja miód.,2944
6374,Nic.,2944
7268,Go Ameryka.,2943
2581,Budowa.,2943
1143,Pojedynczy własny.,2941
3807,Trudno telewizyjny.,2941
1899,Walka.,2940
5067,Gdy.,2940
3587,Medycyna poruszać.,2940
3581,Ziemski.,2940
9456,Samochodowy.,2940
5936,Litwa.,2939
4152,Klub stosunek.,2938
3664,Duży.,2938
7371,Rodowity sprzedawać.,2938
6006,Głupek wolny.,2938
7498,Hodować moment.,2937
3093,Noga.,2937
812,Głos znać.,2936
281,Odcień sygnał.,2936
2810,Teren żywność.,2935
9462,Kurs.,2934
6387,Skończyć Bóg.,2934
8988,Muzyczny szczęście.,2934
3406,Ręka trzydziesty.,2933
8937,Francja szczególny.,2933
887,Organizacja sztuka.,2933
8700,Poduszka.,2933
9249,Szkoła mocno.,2932
2122,U.,2932
7386,Znaczenie tamten.,2932
7529,Bawić Się.,2931
2132,Lato Niemcy.,2931
9474,Potem pozostać.,2930
2254,Początek sześć.,2929
6897,Oko.,2929
5054,Punkt but.,2929
2748,Smutny.,2928
1658,Tamten.,2927
6340,Ciotka wąski.,2926
5687,Belgia.,2926
9665,Świeży.,2926
5800,Dość wycieczka.,2926
1830,Niebezpieczeństwo.,2925
9071,Odcień Litwa.,2925
7129,Zupa ciężar.,2925
6088,Odnosić Się.,2925
2067,Metal mózg.,2924
8680,Królestwo.,2924
4334,Energia dolny.,2924
6689,Położony.,2924
3988,Zachód czwartek.,2922
1571,Wszystkie radość.,2922
8639,Katastrofa przejaw.,2922
7162,Prawda uchodzić.,2921
487,Trudno wypadek.,2920
9844,Wyrażenie przyjechać.,2920
5753,Otrzymywać Bóg.,2919
4701,Przeprowadzać służyć.,2919
8619,Ulica miłość.,2919
4049,Jądro sklep.,2919
1614,Poprzez styl.,2918
2103,Związać.,2918
4796,Dodatek bieda.,2917
4243,Uchodzić okazja.,2917
4941,Chcieć.,2916
3796,Nigdy ten.,2916
506,Zobaczyć z powodu.,2915
5034,Herb.,2915
7182,Hałas.,2913
489,Ogon zainteresowanie.,2913
170,Ile.,2913
9540,Pamięć ból.,2912
3682,Wtorek cena.,2912
2630,Rządzić przyczyna.,2912
328,Cały wojskowy.,2911
6650,Zbierać.,2911
8421,Usuwać pszczoła.,2910
5580,Dany.,2909
9995,Pacjent.,2909
3185,Nauczycielka pić.,2909
8878,Prasa niech.,2908
9839,Pojedynczy twarz.,2908
62,Autobus zwykle.,2907
9842,Głupi.,2907
2270,Szwecja.,2907
2988,Trwały.,2906
1291,Wyspa szybko.,2906
2406,Męski.,2906
390,Forma.,2905
3403,Zwycięstwo który.,2905
5906,Pasmo.,2905
5205,Czynność.,2904
4638,Telewizyjny.,2904
5018,Sportowy przeciwko.,2903
42,Matka.,2903
5106,Kochać archipelag.,2903
2536,Religijny.,2902
1260,Gęś.,2901
1355,Zatoka.,2901
305,Taniec.,2901
9276,Znajdować Się.,2900
9123,Spór.,2899
7121,Jutro zawsze.,2899
7830,Wpływ.,2898
7487,0.,2898
5666,Transport idea.,2898
3808,Ślad.,2898
6664,Zainteresowanie.,2898
2327,Okres z powodu.,2898
7366,Żydowski pusty.,2896
4022,By.,2896
5476,Robota.,2896
3663,Mi.,2896
6609,Ciało jechać.,2895
1688,Pytanie.,2895
2001,Ludność za pomocą.,2894
71,Zabić Hiszpania.,2894
1307,Wolność.,2894
5162,Zawodowy gwałtowny.,2894
6814,Jutro tani.,2893
9460,Jednak doprowadzić.,2893
2367,Otrzymać fragment.,2892
2604,Dom.,2892
5241,Wejść.,2892
9477,Zamek 80.,2892
6444,Położenie wyrażać.,2892
9333,Osiemdziesiąt.,2892
1603,Poeta.,2891
7235,Przejaw.,2891
5701,Warszawa chronić.,2891
2652,Grecja.,2891
4462,Wnętrze.,2891
7311,Danie.,2890
3513,Rodzic.,2889
1402,Sprzedawać narkotyk.,2889
4818,Kolejowy problem.,2889
8538,Konflikt.,2889
1585,Czeski.,2889
9750,Żółty.,2889
2299,Dzisiejszy piątek.,2889
7780,Obrót zamek.,2889
4368,Zegar.,2888
6543,Danie.,2888
4742,Literacki.,2887
4573,Złapać procent.,2887
8101,Urządzenie popularny.,2887
7213,Np. palić.,2887
1770,Całość sport.,2886
2115,Jeśli.,2886
1440,Chiński dzięki.,2886
1061,Strona.,2886
4572,Oficjalny.,2885
1841,Zgodnie.,2885
5826,Rzucać.,2885
8911,Czwartek.,2885
1325,Szkodliwy dostać.,2885
660,Organizacja.,2885
3852,Ryba.,2885
1378,Prosić niemiecki.,2884
3585,Dalej.,2884
3399,Cecha Australia.,2883
2248,Staw dobry.,2882
3317,Styl kolumna.,2882
9705,Grecja gdzie.,2882
3539,Trzeci.,2881
402,Orzeł Polak.,2881
1128,Przybyć.,2881
4436,Farba łatwy.,2881
2266,Imię mama.,2881
5107,Pieśń.,2881
6457,Dużo.,2881
6926,Wschód nadzieja.,2880
576,Psychiczny.,2880
5948,Pomieszczenie.,2880
6973,Prowadzić klucz.,2880
5704,Zainteresowanie.,2880
3554,Obywatelka odbywać się.,2880
8424,Pole.,2880
7421,Polityk.,2880
166,Organizm.,2879
8794,10 wokół.,2879
3686,Wybuch.,2879
1950,Obchodzić.,2879
1786,Temu pozycja.,2878
342,Siostra piękny.,2878
2766,Należy natychmiast.,2877
1142,Trzydziesty znowu.,2877
8257,Szkolny.,2876
8016,Sowa kij.,2876
1804,Rana kolej.,2876
8456,Zrobić układ okresowy.,2875
9671,Chory.,2875
231,Księżyc.,2875
5349,Pojawiać Się początek.,2874
914,Władca jako.,2874
3117,Gmina północ.,2874
5846,Medycyna.,2873
6562,Ładny.,2873
4195,Leżeć lina.,2873
8088,Nikt.,2872
7695,Kobiecy.,2872
3081,Prosić intensywny.,2872
1568,Szybko 10.,2872
3088,Spodnie góra.,2872
9038,Gdy.,2871
430,Przyrząd.,2871
30,Jaki popularny.,2871
3102,Kij klasa.,2870
7264,Ustawa.,2870
7915,Większość.,2870
3700,Zakładać wojsko.,2869
98,Miasto termin.,2869
6660,Robota węgiel.,2869
4201,Współczesny sobą.,2868
6213,Przestać.,2868
7405,Pozbawić gorący.,2868
5932,Linia.,2868
830,Ciotka włosy.,2868
2042,Głowa cały.,2866
107,Wzdłuż.,2866
768,Firma łaciński.,2866
8187,Rower.,2866
43,Ciekawy banknot.,2865
4087,Dzieło.,2865
5464,Pragnąć.,2865
2972,Deszcz.,2865
9256,Dzień zwierzę.,2864
7475,Żaba.,2863
1027,– wreszcie.,2863
2610,Przyjemność.,2863
3264,Koszula nazwisko.,2863
6620,Odcinek.,2863
2213,Złoty dziesięć.,2863
6246,Obowiązek wśród.,2863
486,Minuskuła.,2862
5296,Postępowanie.,2862
3020,Stan.,2862
5324,Po kieszeń.,2862
969,Psychiczny okoliczność.,2862
6186,Południowy.,2862
455,Pokarm dziś.,2861
5,Lud.,2861
2945,Móc.,2861
1578,Wyraz.,2861
1084,Lipiec studiować.,2860
4086,Grecja.,2860
3409,Sytuacja akcja.,2859
4497,Wiadomość nigdy.,2859
7187,Mocny wilk.,2859
9702,Zawierać.,2859
4271,60 dziać się.,2859
6505,Już czysty.,2859
5725,Nastrój.,2859
5547,Wykonywać.,2859
7692,Literatura nocny.,2858
1405,Jej mocny.,2858
8351,Wypowiedź wiele.,2858
8004,Zabawa.,2858
8225,Kształt pamięć.,2858
5777,Jedynie.,2857
7944,Sport zatoka.,2857
4709,Gołąb projekt.,2857
3157,Górski traktować.,2857
7260,Bliski.,2857
4830,Zobaczyć wnętrze.,2857
9151,Cebula.,2857
1474,Partia.,2856
2857,No podstawowy.,2856
8094,Firma informacja.,2856
4715,Uniwersytet.,2856
3823,Stany Zjednoczone Szwecja.,2855
6327,Gospodarczy.,2855
7877,Bogactwo.,2855
8681,Afganistan waluta.,2855
1257,Wszyscy.,2855
9556,Lista.,2854
9602,Gwiazda 0.,2853
236,Chleb większy.,2853
8668,Żona.,2853
9317,Kiedy.,2853
1663,Zwierzę dach.,2853
2473,Usa uchodzić.,2853
4130,Dodatek.,2852
6794,Chodzić.,2852
1788,Bank.,2852
5598,Węgry.,2852
3739,Ośrodek.,2852
7128,Rodzaj radio.,2852
2315,Lud.,2852
8322,Bogini.,2851
5037,Matematyka.,2850
2571,Lina graniczyć.,2849
4933,Mecz.,2849
3552,Głupiec leżeć.,2849
6842,Pragnąć.,2848
8077,Grupa.,2848
6564,Święty.,2848
866,Opłata atak.,2848
142,Czapka kilka.,2848
2830,Dokładnie między.,2847
9244,2 noc.,2847
2973,Zero zamiast.,2847
3705,Dokonać instrument.,2847
2072,Burza.,2847
3315,Kontakt.,2846
7414,Podstawowy.,2846
2609,Zachodni.,2846
6427,Posiadać Dania.,2845
7853,Granica umieć.,2845
6503,Chłop.,2845
9343,Zakończenie.,2844
7697,Seks park.,2844
6388,Rosyjski.,2844
5517,Zapis.,2844
7752,Mur odpowiedni.,2844
2575,70 połączenie.,2843
242,Osoba.,2843
9619,0 uderzyć.,2843
4306,Osiągnąć.,2843
4008,Strefa.,2843
5097,Problem okres.,2842
2058,Policzek znowu.,2842
6150,Blisko dotyczyć.,2841
2114,Dolina twarz.,2841
528,Gdyby.,2841
2723,Istnieć.,2841
2930,Decyzja utwór.,2841
9581,Polegać.,2840
5583,Cztery tańczyć.,2840
9818,Rosja mrówka.,2840
7515,Epoka.,2839
925,Pożar.,2839
2126,Pierwszy malować.,2839
4956,Upadek wilk.,2837
7280,Stopień rynek.,2837
8877,One przejść.,2836
2554,Dusza zaraz.,2836
5628,Jajo interes.,2836
1101,Tracić plama.,2836
9125,Sądzić powierzchnia.,2835
9342,Chłopiec władza.,2834
5152,Nadmierny dzisiaj.,2834
7927,Straszny.,2833
6963,Europejski.,2833
4236,Użytkownik wzrok.,2833
4844,Widoczny.,2833
1669,Poduszka uderzenie.,2833
5461,Powstawać.,2833
6288,Czeski.,2833
4029,Kula ponownie.,2832
703,Nawet minerał.,2832
3270,Własność niemiecki.,2832
4203,Nauczycielka zajmować się.,2832
1765,Własność.,2832
9496,Wschód budynek.,2832
2130,Mieszkanie pomagać.,2831
3266,Konflikt zero.,2831
3425,Zaś tłum.,2831
9719,Wartość.,2830
453,Pokonać.,2830
5210,Wynosić Rzym.,2829
4222,Pan.,2829
4975,Jako.,2829
3011,Zdarzenie coraz.,2828
8405,Nagle.,2828
3619,Los nadmierny.,2828
3724,Posiadać Ukraina.,2828
4791,Wizyta.,2828
8734,Rejon motyl.,2827
4958,Miejsce kiedy.,2827
5795,Dużo.,2827
7263,Cały dziecko.,2827
725,Surowy.,2827
6546,Afryka.,2827
2416,Stolica osobisty.,2826
5250,Wczesny dach.,2826
7794,Członek.,2826
6913,Muzeum.,2826
3779,Morze pierś.,2825
701,Uchodzić.,2825
9599,Zając.,2825
6791,Przedstawiać.,2825
1535,Sukces.,2825
4039,Koza wcześnie.,2825
7663,Słyszeć miejscowość.,2824
323,Żydowski żeński.,2824
395,Alkoholowy północny.,2824
5051,Węgiel.,2824
2871,Słońce.,2824
3101,Pieniądz.,2824
6461,Kolega korzyść.,2824
3809,Wybrać.,2823
6549,Izrael dany.,2823
944,Nieść.,2822
9379,Utrzymywać postać.,2822
5470,Wizyta oddział.,2821
3305,Białoruś.,2821
7955,Rola.,2821
3939,Okres.,2821
2200,Marka lecz.,2820
1210,Poprzedni samochodowy.,2820
902,Połowa.,2820
3759,Uciekać ale.,2820
3290,Błąd.,2820
4642,Środa.,2820
9007,Czuć wysoki.,2819
5058,Osiemdziesiąt zdjęcie.,2819
3233,Szereg.,2818
7495,Głupota.,2818
6542,Jezioro niemiecki.,2818
1433,W Formie.,2818
1903,Malować zamknąć.,2818
7027,Żywność gdy.,2818
8012,Kapelusz szwedzki.,2818
5614,Teatr.,2818
7576,Uderzać zamiast.,2818
9721,Dzielić państwowy.,2817
9270,Matematyka wyścig.,2817
2881,Mi.,2817
1409,Postępować.,2817
2497,Dzielić.,2817
2713,Kolorowy.,2817
9551,Styczeń planeta.,2817
3915,Długi grzech.,2816
1624,Zaczynać.,2816
414,Artysta.,2816
5418,Oddech morze.,2816
4330,Wąż.,2815
6887,900 stosunek.,2815
5488,Bar trzydziesty.,2814
8445,Zjeść 6.,2814
5576,Słońce.,2813
4893,Kultura łatwy.,2813
6834,Mowa zbudować.,2813
1450,Klucz gołąb.,2813
7430,–.,2812
9367,Rodzic.,2812
1676,Urzędnik głód.,2812
8350,Myśleć.,2812
891,Skała zwykły.,2812
7854,Krew fałszywy.,2811
1159,Zysk.,2811
7626,Drzwi.,2811
9966,Krótki wysokość.,2811
5010,Lista.,2811
2621,Roślina.,2811
597,Pomarańczowy mocny.,2810
2902,Koło.,2810
1174,Związać.,2810
7563,Temperatura.,2810
8950,Postawa szwedzki.,2810
8969,Archipelag badanie.,2810
5339,Znaczyć.,2810
4242,Termin.,2809
2872,Korona.,2809
9778,Powiat wola.,2809
9975,Wolność łączyć.,2808
4186,Klimat.,2808
8662,Złożyć Litwa.,2807
5883,20 wielki.,2807
8839,Mur.,2807
6900,Twardy państwo.,2806
8660,Dwanaście jednak.,2806
8909,Każdy jeden.,2806
1984,Lina świątynia.,2805
2170,Futro.,2805
4846,Byk.,2803
5323,Moralny.,2803
2660,W Celu.,2803
1607,Większy trawa.,2803
1631,Jechać Słowacja.,2802
2584,Głód.,2802
2640,Kawałek.,2801
1954,Woda.,2801
3256,Olej.,2801
4268,Szanowny.,2800
2919,Relacja napój.,2800
6304,Rzymski.,2800
7586,Otworzyć.,2800
5539,Nagle moment.,2800
2195,Gardło.,2800
7978,Poeta słoń.,2800
5938,Środek świadczyć.,2800
6588,Towar doprowadzić.,2800
5930,Pokryć 4.,2800
1483,Traktować.,2800
7771,Rosyjski lecieć.,2799
1703,Piosenka.,2799
7723,Gardło.,2798
864,Palec.,2798
3056,Numer list.,2797
1819,W.,2797
4847,Dorosły prawy.,2797
842,Obiekt.,2797
2918,Bawić Się ile.,2796
7631,Sam.,2796
8082,Żeński.,2796
5285,Zima znak.,2796
12,Np. niechęć.,2796
4406,Wyrób narodowy.,2796
7277,Myśleć wieczór.,2795
7428,Czerwiec.,2795
4318,U.,2795
5180,Węgry.,2795
9387,Mąka.,2794
782,Oko.,2794
8755,Duży kosz.,2794
1938,Interes.,2793
7196,Klasa.,2793
8208,Przemysł atak.,2793
9475,Wokół prosty.,2793
1934,Sen.,2793
9683,Ciężki.,2792
1048,Przeznaczyć.,2792
8919,Sól.,2792
7608,Spadek.,2792
8199,Gość jednostka.,2791
1862,Proces.,2791
5160,Dialekt sobota.,2791
800,Instrument wtorek.,2791
3178,Pomoc pomiędzy.,2790
458,Jednak przyjaciel.,2790
8805,Czekolada zatoka.,2790
9786,Poważny.,2789
4110,Dolny.,2789
5237,Nazywać.,2789
898,Słowacja pisarz.,2788
5472,Światło.,2788
7219,Ponownie.,2788
3255,Ilość diabeł.,2788
3636,Pomarańczowy.,2787
3414,Słowacja.,2787
5378,Trudno kilka.,2787
2392,Łyżka złożony.,2787
7124,Wpływ.,2787
426,Po wygrać.,2787
4440,Móc.,2786
2957,Piękny.,2785
1138,Dziecko żelazo.,2785
6432,Rzymski.,2785
727,Słońce.,2785
7649,Szkolny wokół.,2785
6299,Ciągle.,2785
1238,Zboże.,2785
2124,Jajo.,2784
5279,Niemcy.,2784
8895,We.,2784
3804,Przyjechać miejsce.,2783
3420,Wczoraj gdyby.,2783
4417,Zajęcie treść.,2782
8628,Gniew odległość.,2782
4961,Bok.,2780
801,Jajko.,2779
8045,Kieszeń umieszczać.,2779
7721,Się przed.,2779
3291,Szwedzki.,2778
5566,Produkować obraz.,2778
2136,Kaczka.,2777
673,Indie kamień.,2777
668,Posiadać ściana.,2777
2996,Zmarły walczyć.,2777
2803,Ryba opuścić.,2777
8438,Japonia bitwa.,2777
9759,Ustawa USA.,2776
4770,Moment.,2776
3289,Moment.,2776
1119,Wkrótce ani.,2776
8775,Sklep.,2775
6489,Wczesny.,2775
9781,Wspomnienie.,2775
8221,Telewizja.,2775
1475,Wy tam.,2775
4446,Pałac.,2775
2155,Wykonywać kino.,2775
7049,Zegar bić.,2774
1719,Oznaczać światło.,2774
1691,Strój.,2774
6906,Pojechać.,2774
683,Wina okazja.,2774
6728,Brzuch.,2774
2997,Minuta drużyna.,2774
1173,Wierny Austria.,2773
9868,Jądro.,2773
7601,Smutek.,2773
9318,Bardzo kontrola.,2773
4804,Biskup rzeczywistość.,2773
6349,Wesoły.,2772
1415,Sprawa niebezpieczny.,2772
193,Sen nieszczęście.,2772
582,Leżeć wykonać.,2772
8967,Tutaj.,2771
1384,Wierzyć działanie.,2771
5273,Powszechny.,2771
3997,Wywołać od.,2771
5135,Oglądać.,2771
2362,Butelka.,2770
66,Jazda.,2770
3135,Ślad ulegać.,2770
7999,Gniazdo szkolny.,2769
8604,Zbierać maj.,2768
1728,Żyć rodzinny.,2768
8753,Rachunek wzór.,2768
5497,Przebywać pozycja.,2768
1008,Punkt.,2768
8238,Kierować.,2768
1539,Prezent alkoholowy.,2767
3025,Pojawić Się palec.,2767
6583,Oznaczać państwowy.,2767
7174,Wybierać znaczenie.,2766
7491,Stały obóz.,2766
2462,Jajko.,2766
210,Wiele.,2766
6158,Chrześcijański.,2766
8629,Jan.,2765
4093,Obraz przestępstwo.,2765
920,Wrogi zielony.,2765
9843,Okazja.,2765
9484,Uczucie srebrny.,2765
6506,Z Krwi I Kości.,2765
6642,Chemiczny sztuczny.,2765
8173,Włochy.,2765
8034,Bilet ojciec.,2764
3741,Wrogi lekcja.,2764
5425,Pomagać promień.,2764
2015,Założyć postawa.,2763
5579,Wydawać Się narodowość.,2763
2437,Przejaw liczyć.,2763
4038,Sto istota.,2762
3050,Pomiędzy ona.,2762
2779,Zdolny możliwy.,2762
8862,Ponieważ toponim.,2761
4571,Bogactwo sprzedaż.,2761
5765,Zegar.,2761
2079,Głośny kochać.,2761
7393,Przyjechać.,2760
8747,Cień.,2760
6420,Telewizyjny szkło.,2760
472,Zamykać lis.,2760
2547,Ten płaski.,2760
4551,Prędkość.,2760
2099,Południowy.,2760
5613,Zaś.,2760
181,Prowadzić.,2760
9219,Specjalista.,2759
4722,Zjawisko.,2759
2511,Całkowity.,2759
7375,Sieć.,2759
8983,Wola klasztor.,2759
6160,Badanie przyjemny.,2758
1702,Dawać teoria.,2757
1549,Żywy.,2757
6244,Republika.,2756
7883,Dalej.,2756
8194,Znany.,2756
4200,Wspólnota.,2756
4252,Rządzić.,2756
2222,Zazwyczaj.,2756
7598,Nigdy właściciel.,2755
9793,Silnik ośrodek.,2755
7098,Ozdobny.,2755
7211,Widzieć pojedynczy.,2755
3572,Trzeci utwór.,2754
2850,Tłumaczyć coraz.,2754
7938,Położyć.,2754
9413,Dziedzina.,2753
7806,Przedmiot przychodzić.,2753
4124,Decyzja kochać.,2753
360,Jeśli niedziela.,2753
6396,Otrzymywać odcień.,2753
4954,Fabryka rodowity.,2752
6049,Kurs.,2752
4139,Średni długi.,2752
4129,Wąż pokonać.,2752
4823,Księżyc.,2752
8930,Pełny.,2752
2021,Herb.,2752
4036,Dziesięć Stany Zjednoczone.,2751
8308,Zajęcie wolno.,2751
1707,Postępować.,2751
25,Łatwy.,2751
3224,Rodzic.,2751
8924,Zadanie panować.,2751
7402,Płyta jechać.,2751
3337,Pierwiastek kościelny.,2751
4479,Herbata zewnętrzny.,2750
5114,Chwila.,2750
667,Sukienka gospodarczy.,2750
2384,Wojenny.,2750
7662,Zmieniać czasem.,2750
1952,Uczeń.,2749
3922,Złodziej wpaść.,2749
4274,Chłop.,2749
4910,Związany.,2749
4848,Przeciwnik zając.,2749
8569,Książka.,2749
6185,Odpowiadać urodzić.,2747
4477,Warzywo nastrój.,2747
2724,Lecieć płeć.,2747
9801,Wzdłuż uznawać.,2747
903,Posługiwać Się.,2747
9633,Potem.,2746
1718,Utwór.,2746
7779,Kolejny butelka.,2746
5756,Dusza.,2746
7818,Spotkanie.,2746
7593,Wokół.,2746
7964,Nowy.,2745
7753,Azjatycki samica.,2745
2535,Łódź lubić.,2745
9782,Jajko.,2744
7404,Mi.,2744
1168,Późny.,2744
3041,Zwykły jakby.,2744
9557,Starać Się cień.,2743
4826,Most w..,2743
899,Dziś.,2743
3879,Tylko.,2743
1219,Przedstawienie.,2743
6237,Godzina udział.,2741
4307,Obok.,2741
3404,Włos.,2741
33,Opłata.,2740
6326,Gdyby wywoływać.,2740
1576,Tu.,2740
5109,Ciekawy reguła.,2740
9549,Głównie.,2740
5764,Prezydent republika.,2739
4876,Wieczór.,2739
8896,Żyć wspólny.,2739
1428,Powstanie 90.,2739
8312,Pierwiastek.,2739
5292,Okoliczność jedyny.,2738
4776,Banknot księżyc.,2738
5456,Element.,2737
617,Nie- psychiczny.,2737
3917,Ogólny obszar.,2736
2468,Opinia.,2736
3880,Zaburzenie rysunek.,2736
2754,Żart itp..,2736
777,Biblioteka.,2736
5805,Organizm zaufanie.,2736
8332,Całkiem opłata.,2736
8750,Gotowy w czasie.,2736
172,Mnóstwo podłoga.,2735
945,Rzymski.,2735
3226,Igła dziewiąty.,2734
1672,Np. telewizyjny.,2734
8918,Organ.,2734
3342,Wódka głupiec.,2734
3961,Nagle.,2734
7432,Zmieniać.,2734
5068,Wszystko.,2733
2455,Mnóstwo projekt.,2733
676,Chiński.,2733
9859,Związany zły.,2733
5178,Internetowy.,2733
188,Stary.,2732
654,Bezpieczeństwo.,2732
4363,Seksualny ojciec.,2732
4347,Pisarz tył.,2732
3002,Cztery.,2732
6835,Wieczorem sprawiać.,2732
9870,Leżeć uprawiać.,2732
70,Złodziej.,2732
4103,Drogi u.,2731
8017,Srebro efekt.,2731
3470,Mieszkać opieka.,2731
4224,Posiadać.,2731
2976,Dobro staw.,2730
6708,Pan.,2730
6654,Katastrofa.,2730
8560,Ogół pierwiastek chemiczny.,2730
3861,Posiadać surowy.,2730
2763,Słowacja.,2730
3007,Proszę czyli.,2729
8655,Aktor pociąg.,2729
435,Godzina.,2729
2730,Żeby przeprowadzać.,2729
1657,Rosnąć.,2729
4247,Dzielić.,2729
18,Położyć Japonia.,2729
7888,Uderzenie łaciński.,2729
6233,Mieszkanka.,2728
5306,Za budynek.,2728
776,Właściwość.,2728
4004,Płaszcz.,2728
2052,Centralny żołądek.,2728
2184,Centrum lata.,2727
7894,Wybitny.,2727
5783,System.,2727
2656,Marka.,2727
9617,Koncert kura.,2727
796,Uśmiech.,2727
587,Lud autor.,2726
5133,Bardzo przez.,2726
3046,Oddział.,2726
3827,Komórka mapa.,2726
2131,Wytwarzać.,2726
6305,Pole konstrukcja.,2725
3817,Igła.,2725
3040,Katastrofa.,2725
1947,Dzielić na przykład.,2724
4526,Dlatego.,2724
2080,Złożyć rozpocząć.,2724
9511,Istnieć partia.,2724
1124,Ciąża.,2724
3890,Sukces.,2724
6234,Stać Się żołnierz.,2723
1831,Cecha.,2723
3216,Dziedzina ponad.,2723
6554,Koń.,2723
7317,Nasiono pójść.,2723
5403,Opowiadać.,2723
2461,Mecz katolicki.,2723
8505,Samiec.,2722
3702,Polityka.,2722
9666,Sygnał czarny.,2722
8244,Tamten koncert.,2722
3222,Pierwszy.,2722
9277,Węgiel nieszczęście.,2721
9848,Źródło list.,2721
610,Miejsce czerwiec.,2721
8625,Wymagać Jan.,2721
6323,Policzek.,2721
1309,Umieścić.,2720
4030,Dawny.,2720
7646,Przyjaciel.,2720
394,Nagle kończyć.,2720
5290,Więcej.,2719
9430,Lecieć.,2719
5367,Biec siedemdziesiąt.,2719
3747,Malować.,2718
625,Walczyć.,2718
1964,20 wejść.,2718
3541,Pewny.,2718
5597,Plama.,2717
2651,Kupić.,2717
8417,Gdzie.,2717
9689,Zwłaszcza.,2717
1851,Wydawać.,2717
6954,Utrzymywać.,2716
4577,Stracić postępować.,2716
3422,Ilość.,2715
7139,Bohater.,2715
2083,Sprawa.,2715
3384,Głośny ściana.,2715
6266,Fabryka coraz.,2714
8741,Efekt handlowy.,2714
2905,Marka.,2714
330,Szczególny.,2714
2202,Potrawa.,2714
7652,Wypadek.,2714
7708,Ślub.,2714
5333,Miły.,2714
586,Gmina tajemnica.,2713
4740,Publiczny.,2713
1919,Kłopot.,2713
8800,Mieszkać.,2713
196,Ocean owad.,2713
4788,Słodki owoc.,2712
534,Sobą umrzeć.,2712
5801,Złapać gatunek.,2712
2987,Fragment.,2712
2632,Dzisiejszy.,2712
4460,Plecy chmura.,2712
3191,Urodziny kwiecień.,2712
4908,Dużo.,2712
5858,Piłka Nożna.,2712
7301,Udział.,2711
2431,Nawet granica.,2711
7154,Wysiłek.,2711
4125,Latać uzyskać.,2711
7102,Pełny spotkanie.,2711
2979,Świątynia.,2710
953,Lotniczy.,2710
4888,Tani.,2710
8090,Specjalny zacząć.,2709
9074,Palec powoli.,2709
663,Dziób.,2709
9103,Pojawić Się sieć.,2708
1286,! jeździć.,2708
8079,Martwy.,2707
7203,Ziemia święty.,2707
8148,Herbata.,2707
6773,Ziemia.,2707
3751,Mąka.,2706
9508,Nie- spotkać.,2706
384,Moralny połączyć.,2706
6979,Ryba sok.,2706
21,Specjalista.,2706
5825,Ci.,2706
2278,Trwać.,2705
1990,Wywołać.,2705
266,Stać Się przejaw.,2705
4634,Kurs.,2705
2491,10 zamieszkiwać.,2705
938,Brak mierzyć.,2704
1839,Góra.,2704
8810,Wrócić przyjąć.,2704
6377,Patrzeć.,2704
6352,Różowy.,2704
5230,Kobieta policja.,2704
3202,Według.,2703
2771,Mleko.,2703
7177,Pająk.,2703
7473,Z sportowy.,2703
6782,Przyjaźń wschodni.,2703
9243,Tarcza telefon.,2703
7057,Dobry.,2702
8398,Sukienka wina.,2701
888,Akt ocean.,2701
3176,Pytać.,2701
4707,Jego.,2701
5717,Odpowiadać obszar.,2701
9241,Chłopiec krzesło.,2701
8791,Przeszkoda zysk.,2700
1894,Świat.,2700
1293,Posiadać czynnik.,2699
2870,Południowy.,2699
6721,Szklanka gwiazdozbiór.,2699
298,Wspaniały.,2699
6592,Sądowy dobrze.,2699
8037,One głód.,2699
219,Więcej osiągnąć.,2699
1586,Świecić ochrona.,2698
4246,Drugi.,2698
8883,Tytuł list.,2698
9378,Hodować.,2698
3963,Seksualny.,2698
1935,Skała złoto.,2697
3999,Reakcja.,2697
8976,Chwila zero.,2697
1295,Lista przyjemny.,2697
562,Grecki.,2697
8299,Robota obcy.,2696
3421,Gdy.,2696
326,Morze Śródziemne następować.,2696
4392,Złożony.,2696
8714,Coraz orzeł.,2696
732,Milion.,2695
6594,Wpływ.,2695
2013,Niedziela.,2695
6430,Odpowiedź.,2695
4836,Dawno.,2695
9531,Kolacja.,2695
2192,Twarz ubogi.,2695
718,Ci.,2695
1145,Rano.,2695
1971,Symbol.,2695
6066,Moment klucz.,2694
40,Widok.,2694
5307,Dziać Się.,2694
9325,Stół szereg.,2694
4832,Pozycja strumień.,2693
916,Motyl.,2693
3229,Farba.,2693
1375,Osoba broda.,2692
2117,Ilość.,2692
519,Umożliwiać stopa.,2692
6860,Koszt wspólnota.,2692
9143,900.,2692
6271,Polski waluta.,2692
2885,Św. substancja.,2692
1829,Organizacja.,2692
4055,Wychodzić leczenie.,2691
4627,60 reguła.,2691
9389,Płyta spać.,2691
2081,Urodzenie.,2691
5345,Komputerowy.,2691
6883,Lęk szósty.,2691
3912,Wierny procent.,2691
8363,Sprzęt.,2691
3995,Gatunek kartka.,2690
3648,Czerwony.,2690
810,Pozbawić nowy.,2689
4098,Skończyć.,2689
7204,Powstać dziewięćdziesiąt.,2689
5886,Szwedzki znów.,2689
3803,50 wysłać.,2689
4493,Mięso.,2689
8847,Powiat ciepło.,2688
933,Więc handel.,2688
7919,Plemię dziewczynka.,2688
3324,Wkrótce otwarty.,2688
2954,Trzydziesty bycie.,2688
744,Blady.,2687
7273,Ten.,2687
1288,Południowy.,2686
5321,Go dusza.,2686
284,Wada zbiór.,2686
7387,Choć organizacja.,2686
2149,Poeta Azja.,2685
2712,Głód czterdzieści.,2685
3800,Że.,2685
4407,Zbiornik ślub.,2685
6850,Przyjąć cienki.,2685
491,Mgła.,2685
7769,Przedstawienie.,2685
8702,Babcia reakcja.,2684
184,Lampa.,2684
2745,Mądry według.,2684
8080,Samochód one.,2684
6682,Gwiazda międzynarodowy.,2683
2219,Niewielki.,2683
4457,Motyl.,2683
9411,Grunt łączyć.,2683
7039,Wojna pająk.,2683
1489,Przestępstwo.,2683
3703,Zawodowy lub.,2682
6519,8.,2682
2529,Bawić Się pogoda.,2682
8848,Prywatny powierzchnia.,2682
4323,Zbierać odnosić się.,2682
1401,Morski.,2681
7810,Zdarzenie.,2681
532,Ponieważ.,2681
3073,Lipiec kupić.,2681
8072,Dziewięć minuta.,2681
7130,Reguła ciecz.,2681
929,Wysoki zrobić.,2681
8083,Seks.,2681
5140,Teraz.,2681
4444,Środkowy organizm.,2681
5803,Zawartość.,2680
6044,Aktywny dotyczyć.,2680
8691,Osoba.,2680
4116,Tak opłata.,2680
8320,Tekst obecnie.,2680
8439,Tajemnica.,2680
9820,Północ inaczej.,2679
3335,Jaki ucho.,2679
3301,Zjawisko ani.,2679
5177,Pojedynczy.,2678
2123,Władca.,2678
2378,Działać.,2677
4399,Pojechać.,2677
5050,Kość pomagać.,2676
3495,Można.,2676
624,Kolorowy.,2676
5976,Pozbawić długość.,2676
2770,Zgadzać Się.,2676
6008,Słońce.,2676
4880,Rozwiązanie.,2676
7295,Posługiwać Się.,2676
8854,Zdobyć.,2676
2876,Koń wieża.,2675
2599,Żydowski koń.,2675
3320,Spotkać patrzeć.,2675
7001,Zimny.,2675
1105,Patrzeć.,2675
7719,Odwaga chcieć.,2675
6114,Przeszkoda.,2675
2868,Doświadczenie.,2675
1821,Środowisko litera.,2675
853,Kino istnienie.,2674
8136,Zawsze żywność.,2674
9144,Uciec sądowy.,2674
1134,Wybory.,2673
4456,Nocny.,2673
3455,Wydawać.,2672
68,Niezwykły.,2672
5139,Przez mistrz.,2672
7240,Sytuacja na przykład.,2672
2700,Żyć.,2672
6431,Płakać komputer.,2672
4228,Różnica zapomnieć.,2672
984,Planeta.,2671
6393,Powolny.,2671
9178,Sprzedawać.,2671
9055,Dno.,2670
2444,Smak.,2670
7833,Fałszywy chronić.,2670
995,Swój.,2670
6283,Zachowanie.,2670
4545,Spokój zdobyć.,2670
8259,Pożar metoda.,2670
6375,Pustynia gardło.,2670
6801,Wejść.,2669
5413,Brat.,2668
8131,Ludzie ciąża.,2668
348,Traktować.,2668
2339,Aby fałszywy.,2667
1457,Cichy termin.,2667
8355,Śmiech.,2667
309,Mysz kobiecy.,2667
8066,Drugi przedsiębiorstwo.,2667
9062,Skala czasem.,2667
980,Zaufanie błąd.,2667
3795,Użyć przyjmować.,2666
9498,Babcia.,2666
4069,Ssak.,2666
4741,Sam.,2666
3887,Danie wybrzeże.,2665
4550,Pióro lata.,2665
8038,Maszyna.,2665
3189,Pozwalać technika.,2664
1165,Dawno pociąg.,2664
2172,Zatoka moc.,2664
8981,Praca strój.,2664
955,Współczesny artystyczny.,2664
4923,Cesarz.,2664
6855,Dwanaście byk.,2663
1619,Dziewiąty czas.,2663
6548,Człowiek.,2663
9878,Kwiecień zadanie.,2663
1777,Grudzień.,2663
6127,Futro fizyczny.,2662
5332,Telewizja.,2662
1425,Znaczenie rodzic.,2662
5494,Łatwy sytuacja.,2662
9295,Norma napisać.,2661
297,Naukowy toponim.,2661
6136,Plaża.,2661
7542,Może.,2660
17,Grzech.,2660
1273,Azja.,2660
2176,Podstawa.,2660
6643,Występować osiągnąć.,2660
3358,Zdolny szkło.,2659
8795,(…) muzyczny.,2659
2911,Świat temu.,2659
7073,Zrobić zwłaszcza.,2659
8510,Następny.,2658
3849,Uchodzić forma.,2658
5272,Pewny słoneczny.,2658
1720,Powolny.,2658
4180,Zdjęcie dziecko.,2657
3871,Kolano.,2656
605,Duży.,2656
3210,Miara.,2656
2800,Pasek.,2655
5101,Szyja rada.,2655
4675,Rzym.,2654
6755,Fala europejski.,2654
7864,Lotniczy.,2654
3152,Udać Się znaczyć.,2654
3424,Wydawać Się właściwy.,2654
3437,Pływać.,2654
7002,Zainteresowanie sport.,2654
6647,Zawsze.,2653
2541,Krótki określony.,2653
3885,Wynosić itp..,2652
5573,Kanał.,2652
8275,Oraz.,2652
7673,Letni.,2651
4345,Talerz.,2651
7546,Przedstawiać wykonać.,2651
7088,Zwykły.,2651
2526,Wiara.,2651
3038,Kij religia.,2651
5096,Zachodni komputerowy.,2650
4409,Ziemia.,2650
1065,Wybór.,2650
8811,Fotografia.,2650
4140,Ktoś.,2650
1253,Wesoły fala.,2649
7772,Świeży sąd.,2649
6998,Nóż bieg.,2649
3878,Istota.,2649
2440,Władza wyrażać.,2649
686,Trawa pozostać.,2648
2613,Zimno.,2648
7641,Włosy.,2648
1693,Całkowity.,2648
8807,Odwaga ale.,2647
893,60 pojechać.,2647
2818,Spaść Ziemia.,2647
2502,Dania.,2646
3638,Kanał psychiczny.,2646
8979,Scena.,2645
4322,Poeta liczba atomowa.,2645
604,Problem dzisiejszy.,2645
9953,Liść.,2645
9592,Temperatura przedstawienie.,2644
8887,Piękny.,2644
4944,Czyn potrzeba.,2644
8058,W Czasie wcześnie.,2644
4801,9 dyrektor.,2643
4763,Przerwa ostatni.,2643
9794,Zero pracować.,2643
2605,Słyszeć sprzęt.,2642
2637,Słowacki.,2642
9350,Belgia górski.,2641
8814,Klub.,2641
3174,Prowadzić usta.,2641
7276,Smutny głupi.,2641
5599,Palić specjalista.,2640
6476,Siedziba lis.,2640
8296,Skała istnienie.,2640
7066,Wypowiedź tłuszcz.,2640
3296,Kolano sierpień.,2640
6052,Litwa napisać.,2639
1382,Gniew ubogi.,2639
7844,Pytać.,2639
2276,Wymagać dusza.,2638
2508,Nazwa konstrukcja.,2638
9121,Zapalenie.,2638
2125,Ofiara tłum.,2637
3569,Uciec cierpieć.,2637
8641,Ssak wyspa.,2637
3228,Wśród.,2637
6392,Różny.,2636
2831,Ku tak.,2636
3360,Poruszać Się połączenie.,2636
4977,Hasło ósmy.,2635
3442,Polityka.,2635
4315,Chleb.,2635
5767,Pokazywać.,2634
5634,Świnia określenie.,2634
1410,Hałas zdolny.,2634
37,Przeszkoda uzyskać.,2634
2832,Siedziba.,2633
8632,Wyjść żaba.,2633
5208,Pacjent.,2633
235,Analiza pisanie.,2632
9555,Płacić.,2632
6256,Wspólny.,2632
3576,Postawa.,2631
9539,Zachowanie oczywiście.,2631
6119,Pas.,2631
3537,Typ.,2630
5556,Kwiat bezpośrednio.,2630
3524,Ogon łąka.,2629
9769,Stawać Się.,2629
9775,Sobie.,2629
760,Mleko światło.,2629
892,Przeszłość.,2628
2774,Korzyść właściwość.,2627
6376,Włochy.,2626
4891,30.,2626
7176,Profesor.,2626
6844,Bardzo.,2626
6479,Marka Żyd.,2626
6145,Stan partia.,2626
3829,Jej.,2625
9287,Wartość.,2625
5625,Bez.,2625
3603,Rozpocząć motyl.,2625
5503,Podczas.,2625
8127,Zupełnie.,2625
8880,Przejście mieszkanka.,2624
3845,Pomarańczowy nikt.,2624
1118,Nigdy.,2624
3891,Powietrze.,2624
5683,Muzeum.,2624
3306,Wcześnie.,2623
5957,Włos pies.,2623
102,Październik papieros.,2623
9970,Człowiek albo.,2623
5676,Płyn.,2623
5567,Ryzyko.,2622
821,Łódź drobny.,2622
4448,Wygląd poprzedni.,2621
8566,Liczny liczba.,2621
9176,Temat.,2620
5895,Inny.,2620
6339,Składać Się prąd.,2620
9773,Wspólnota.,2620
4635,Słodki bliski.,2619
1036,Skończyć ważny.,2619
9046,Nocny.,2618
7713,Ulica fakt.,2618
5775,Piasek.,2618
4255,Choć hotel.,2617
1733,Osobisty.,2617
4824,Stanowić blisko.,2617
7732,Holandia.,2617
9422,Gospodarka bardzo.,2617
4434,Zakończyć transport.,2616
3908,Święto.,2616
6268,Znów.,2616
3215,Widoczny.,2616
5724,Organ wierzyć.,2615
7909,Hasło.,2615
6817,W Celu.,2615
5538,Miły jakby.,2615
6676,Kieszeń.,2615
5594,Na rząd.,2615
9791,Próba więc.,2615
1488,Stosunek maszyna.,2614
2025,Rzadko wybierać.,2613
8522,Konflikt szklanka.,2613
5331,Zakładać.,2613
9155,Budowla porządek.,2611
8237,Ucho.,2611
7974,Prawy.,2611
2523,Przyjęcie dziesięć.,2611
3036,Dar.,2610
8206,Kąt.,2610
3712,Połowa wstyd.,2610
3894,Pochodzenie.,2609
6391,Nazwisko przeciw.,2609
6787,Afryka.,2609
3462,Twój.,2608
7067,Zwierzę.,2608
7961,Uwaga.,2608
7081,Żeby.,2608
2106,Styczeń robić.,2608
347,Pływać metal.,2608
1495,Sierpień głęboki.,2608
9232,Umieścić obraz.,2608
9948,Finansowy.,2608
2962,Krzesło jadalny.,2608
3393,Europejski.,2607
6211,Trudny.,2606
423,Pieniądz po.,2606
8765,Istotny złożyć.,2606
3704,Alkoholowy szybki.,2606
2413,Dobry.,2605
4091,Wszystko.,2605
9334,Administracyjny.,2605
3839,Ciemność znaczny.,2605
1077,Rządzić.,2604
3031,Znajdować Się.,2604
6142,Twardy.,2604
6126,Bezpośrednio.,2604
7483,Słoń życie.,2604
8571,Noc spotkanie.,2604
6223,Ona kolumna.,2604
279,Srebro.,2603
5840,Wilk ludzki.,2603
4163,Wysoki źródło.,2602
3560,5 położyć.,2602
8803,Krótki krok.,2602
2229,Angielski.,2602
8153,Właściciel.,2601
232,Dziewięć mieć.,2601
5146,Dawny okolica.,2601
7507,Powszechny.,2601
3734,Wydawać spotkać.,2600
5967,Pojedynczy między.,2600
8099,Stopa.,2600
2514,Zakład płakać.,2600
8111,Dolny narzędzie.,2600
2737,Smak.,2600
5982,Dla kartka.,2600
3373,Tarcza restauracja.,2599
6959,Administracyjny.,2599
7523,Odwaga opinia.,2599
3411,Siedzieć.,2599
7541,Białoruś starać się.,2598
2999,Wpaść.,2597
8279,Wschód południe.,2597
1264,Ciało.,2597
5200,Przebywać błoto.,2597
7634,Częściowo.,2596
4902,Grecja technika.,2596
705,Przeznaczyć jednostka.,2595
2653,Bohater.,2595
4206,Budowla.,2595
4373,Przedsiębiorstwo postać.,2595
8776,Wydawać Się turecki.,2595
6030,Kraina narkotyk.,2594
4869,Otwarty ryż.,2594
5176,Rozmawiać.,2594
8433,Szwedzki.,2594
9322,Część.,2593
392,Most miecz.,2593
4464,Pismo przedstawiciel.,2593
5310,Tutaj dlatego.,2593
8357,Sytuacja historyczny.,2593
1810,Obraz.,2592
6846,Gęsty temat.,2592
1348,Niski.,2592
8749,Sen wynosić.,2592
4705,Wobec.,2592
6757,Zawodowy.,2591
9667,Zachodni.,2590
1112,Zamiar przyszłość.,2590
9424,Też treść.,2590
1598,Symbol matka.,2589
5079,Azjatycki.,2589
3841,40 liczba.,2589
406,Zima pisanie.,2589
3092,Zbierać.,2589
3941,Chronić.,2589
2710,Wzdłuż.,2588
7452,Np..,2588
6197,Zaufanie.,2588
5087,Kosz.,2588
1377,Srebrny tutaj.,2588
7826,Obok.,2588
3388,Kanał korzeń.,2588
6296,Owad wreszcie.,2588
8705,Niewolnik podłoga.,2587
6920,Przeszłość.,2587
2047,2 że.,2587
1593,Sport zakładać.,2587
3242,Kościół.,2586
9525,Stanowić ziemski.,2586
7210,Drugi.,2586
4208,Gwałtowny urządzenie.,2586
485,Pełny.,2585
6121,Radość.,2585
9541,Przyjaciel.,2585
3458,Biuro wchodzić.,2584
5231,Oraz impreza.,2584
7575,Jakiś.,2584
5874,Gorący.,2584
7996,Pozwalać.,2584
3820,Wróg budować.,2584
161,Wiek nagły.,2584
6737,Słońce.,2584
9978,Pozycja spowodować.,2584
6123,Szkło słuchać.,2583
6783,Krok.,2583
1724,Wydać jeśli.,2583
9768,Dziewięć.,2583
103,Trudny.,2583
9091,Kiedyś gatunek.,2582
5119,Kij.,2582
9019,Głównie.,2581
9916,Posiłek stopień.,2581
7917,Wydawać Się górski.,2581
8546,Służba kupić.,2580
8594,Filmowy.,2580
4433,Sposób struktura.,2580
7705,Wystawa klasztor.,2580
2242,Przerwa obecnie.,2580
8962,Sygnał.,2580
6055,Szpital.,2579
404,Godność.,2579
9344,Wszystkie Rzym.,2578
9216,Bydło.,2578
3766,Pierwiastek Chemiczny.,2577
5559,Zatoka Azja.,2577
1629,Bogaty.,2577
9033,Postępować Unia Europejska.,2577
526,Kraj.,2577
3251,Student.,2576
4262,Paliwo.,2575
7797,Książę minuskuła.,2575
443,Krzyż złapać.,2575
4609,Olej.,2574
8958,Ziemia pracować.,2574
542,Pomiędzy.,2574
5161,Partia.,2574
7051,Wzór dodać.,2574
1599,Dopływ niebezpieczny.,2573
7207,Instrument ciepło.,2573
3657,Chłopak.,2572
1979,Norma.,2572
4250,Liczba sprzęt.,2572
4523,Pasmo.,2572
5689,Obóz pałac.,2572
4781,Gęś.,2572
7382,1.,2571
5196,Przedstawiać.,2570
3627,Dar las.,2570
6465,Wynosić morski.,2570
8154,Pytanie samica.,2570
4067,Boże Narodzenie.,2570
5868,Ziemski.,2570
5878,Późny.,2569
9222,Bohater.,2569
3181,Świątynia.,2568
4938,Toponim św..,2568
4013,Wracać.,2568
259,Przez ozdobny.,2568
2487,Samiec.,2568
2684,Włoski a.,2567
4843,Zostać otwór.,2567
7423,Połączyć niszczyć.,2567
1111,Pokój.,2567
5363,Ilość kończyć.,2567
1936,Poprzedni.,2567
470,Grzech.,2566
5794,Także.,2566
8476,Z Powodu.,2566
8110,Bank.,2566
2028,Umieścić lek.,2565
6202,Panować leżeć.,2565
7138,Żeby twarz.,2564
2237,Przedstawiać bo.,2564
6907,Las konstrukcja.,2564
6057,Dym nikt.,2564
9396,Liść policja.,2564
2443,Silny.,2563
7003,Rosyjski zakład.,2563
7517,Dalej właściwość.,2562
3630,Dokonać sierpień.,2562
7325,Bliski centralny.,2562
5366,Polak stary.,2561
6366,Wpływ.,2561
1358,Gatunek.,2561
4173,Droga twarz.,2561
2189,Dzień.,2561
6714,Osiemdziesiąt.,2560
6230,Pójść.,2559
4496,Rana we.,2559
6085,Papier.,2559
2796,Polityka istota.,2559
1924,Drogi choroba.,2558
4072,Płaszcz.,2557
4985,Rumunia rosyjski.,2556
7667,Unia Europejska kuchnia.,2556
1493,Czyli starać się.,2556
8033,Wziąć.,2556
13,Badać spać.,2556
4478,Słoneczny anioł.,2556
8666,Atak ciasto.,2555
2891,Godność.,2555
8376,Od zdolny.,2555
9465,Punkt twardy.,2554
6236,Może.,2554
257,Przeciwko seks.,2554
5514,Substancja dwadzieścia.,2554
7009,Obiekt dopiero.,2554
5769,Rasa pozwalać.,2553
8711,Doprowadzić ptak.,2553
137,Przed.,2553
240,Fakt.,2553
6806,Smutny.,2552
7076,Biuro.,2552
7024,Przynosić.,2552
2958,Przyjmować sześćdziesiąt.,2551
1497,Sztuczny wschód.,2551
9043,Wieś wywodzić się.,2550
1700,Korona siedemdziesiąt.,2550
848,Przebywać.,2549
2886,O.,2549
2027,Dziś.,2549
7036,Blady.,2548
1310,Banknot rozmiar.,2548
1351,Zewnętrzny.,2548
9281,Kij.,2547
9548,Problem.,2547
6859,Rezultat nawet.,2547
4503,Śmierć święto.,2547
6033,Europejski.,2547
2014,Lekcja.,2546
2836,Gdyby.,2545
2335,Żelazo.,2545
8022,Spodnie umiejętność.,2545
2380,Azja uwaga.,2544
6302,Oglądać.,2544
869,Zawierać.,2544
1282,Chociaż czerwiec.,2544
3087,Zwrot.,2543
9365,Spadać.,2543
464,Wracać każdy.,2542
190,Piętro.,2542
3019,Całkowicie.,2542
9152,Zachód most.,2541
752,R. ramię.,2541
5785,Prezent w formie.,2541
6441,Wspólnota.,2541
8054,Umrzeć.,2540
1780,Armia leżeć.,2540
8640,Wrogość.,2540
2412,Zajmować Się.,2539
2706,Pływać srebrny.,2539
1179,Relacja.,2539
6498,Religia.,2539
3008,Kolega wspaniały.,2539
7408,Stworzyć Ziemia.,2538
5954,Grób okręt.,2538
6825,Gniew.,2538
6162,Wizyta dziać się.,2538
2165,Artysta.,2537
2382,Lato piosenka.,2537
9649,Kartka towarzystwo.,2536
5720,Znajdować Się.,2536
9095,Piotr.,2536
551,Wielkość róża.,2536
2926,Przyszłość.,2536
774,Kochać.,2535
5410,Szkło.,2535
3778,Jajo.,2534
8358,Koszt.,2534
5587,Otoczenie.,2533
9497,Alkoholowy przyjemność.,2533
4413,Sok szklanka.,2533
288,Punkt kilometr.,2532
3287,Klub odpowiedź.,2532
1820,Ładny czyjś.,2532
6871,Każdy.,2532
7980,Dodawać.,2532
6751,Dopływ bogini.,2532
7762,Przyszłość okręt.,2531
8429,Kaczka.,2531
9554,Czysty razem.,2531
5589,Żeński most.,2531
8428,Udać Się.,2531
2920,Praktyka.,2530
6939,Polska zamknąć.,2530
1097,Deszcz mąż.,2529
8706,Funkcja.,2528
1843,Powszechny.,2528
5022,Miara.,2528
531,Obóz handlowy.,2528
8220,Żyć.,2528
9879,Układ.,2526
8006,Funkcja.,2526
4021,Szczęście.,2526
8027,Około.,2523
7033,Pomoc kapelusz.,2522
8769,Ojciec.,2522
5156,Prywatny wszystko.,2519
7596,Seks ziemski.,2519
7326,Stowarzyszenie rzeka.,2518
2314,Zapalenie wieża.,2518
3503,Położyć.,2518
791,Zasada rzecz.,2517
1555,Zapalenie litera.,2517
6667,Słońce.,2516
4820,Bliski.,2516
3559,Tam.,2515
5055,Pole.,2515
1871,Złodziej.,2514
4735,Miód para.,2514
8095,Linia.,2514
3854,Szkoła.,2513
6204,Półwysep.,2513
829,Odzież.,2512
9371,4.,2512
2853,Odległość.,2512
1279,Szczyt owad.,2511
4337,Owoc.,2511
9145,Ziemniak.,2511
3094,Grupa.,2511
1329,Podstawowy.,2511
7190,Sok Chrystus.,2511
1331,Kurs.,2510
3867,Struktura czwartek.,2510
3195,Cienki pochodzić.,2509
2798,Szyja usługa.,2508
3687,Jeżeli system.,2508
6129,Stany Zjednoczone.,2508
7759,Lampa wykonywanie.,2507
6082,Temperatura.,2507
4088,Rzymski komputerowy.,2507
7367,Przestrzeń.,2507
4713,Wątpliwość.,2507
6047,Koszula zupełnie.,2507
50,Pieniądz niedźwiedź.,2506
2061,Wybór.,2506
1033,Zespół.,2505
7616,Z Powodu.,2505
1726,Warzywo.,2504
4863,Dostać dużo.,2504
1787,Wolność.,2502
3045,Wcześnie.,2502
2166,Fotografia sprawiać.,2501
9745,Więzienie tracić.,2501
675,Skała radio.,2501
5043,Być jak.,2501
9026,Piasek.,2501
6031,Ustawa.,2500
7149,Naturalny wioska.,2500
2558,Tył.,2498
577,Urodzić hałas.,2497
6077,Pustynia głupi.,2497
7334,Męski.,2496
9180,Wspaniały wiek.,2496
3319,Pisarz.,2496
3234,Tradycja.,2494
7942,Czysty.,2494
9645,Że trochę.,2493
3767,Szlachetny.,2493
2589,Miejski czwartek.,2492
5184,Partia.,2492
1606,Akcja próba.,2491
6212,Wielka Brytania sukienka.,2490
4489,Elektryczny.,2490
5745,Szósty.,2490
3675,Rachunek mnóstwo.,2488
7578,Brzydki szkolny.,2488
5341,Roślina.,2487
4156,Życie.,2486
8972,Para decyzja.,2485
2365,Niebezpieczeństwo.,2484
9259,Dziewięć.,2484
1183,Włosy.,2484
4177,Archipelag.,2484
7748,Oddać.,2484
1976,Nauka pewien.,2483
6743,Wódka.,2483
1015,Australia telewizyjny.,2482
1302,Tłumaczyć.,2482
2950,Umieszczać.,2482
7292,Pojechać pomarańczowy.,2481
5663,Ilość deska.,2479
5612,Wzór ulica.,2477
560,Młody.,2477
8440,Rower.,2477
3329,Więzienie pomiędzy.,2475
9096,Liczba Atomowa lekarz.,2475
39,1000 jedenaście.,2474
9642,Tysiąc.,2474
9515,Sylaba.,2472
9615,Klasa usta.,2472
7857,Koniec.,2472
4388,Zjeść teren.,2471
1141,Kiedy zatrzymać.,2471
5915,Sąd.,2470
5730,Więcej łyżka.,2470
9567,Jasny.,2470
436,Zrozumieć panować.,2469
741,Ameryka 1.,2469
4376,Orzeł urodzenie.,2469
4966,Wtedy.,2469
6511,Przechodzić.,2469
7143,Japonia.,2468
8881,Przeciwnik czuć.,2468
1251,Gospodarka.,2468
5857,Cena smutek.,2468
7194,Telefon.,2468
6740,Wymagać szybko.,2467
2908,Pokryć.,2467
6181,Zamknąć.,2467
4109,Masa rower.,2466
4277,Oko.,2466
5690,Szwecja dzielić.,2466
5245,Proszę złożyć.,2465
8297,Na Zewnątrz.,2464
2171,Pogoda.,2464
8277,Zysk nagły.,2463
3362,Słodki butelka.,2463
9370,Znosić Rosja.,2463
6707,Bydło.,2462
9874,On gra.,2462
9345,Herbata uzyskać.,2462
6409,Ślad odpowiedź.,2461
209,Żart zmienić.,2460
3860,Bóg.,2460
5565,Siedzieć.,2459
2035,Port.,2458
2238,Pozostać.,2458
6346,Dziać Się.,2457
753,Jej Kraków.,2456
1090,Wakacje bezpośrednio.,2456
2579,Instytucja temu.,2455
1132,Dopiero.,2454
9423,Plecy.,2454
5818,Trzeci.,2453
4207,Obowiązek.,2452
8118,Wykonywać gorączka.,2452
805,Tydzień szwedzki.,2450
5014,Złożyć klucz.,2450
7581,Religia jabłko.,2449
820,Dokonywać badanie.,2449
1752,Śmiech.,2447
9020,Początek.,2445
1709,Pragnąć twardy.,2444
636,Chiny również.,2444
7933,Podobny butelka.,2444
8487,Reguła.,2444
7229,Czekolada.,2443
5327,Stół dzień.,2442
6198,Grudzień.,2441
7918,Alkoholowy niezwykły.,2441
8573,Trzymać wynosić.,2440
5379,Płynąć przeciwko.,2439
1565,List nauczyciel.,2439
424,Decyzja.,2439
4225,Odpowiedni.,2438
7492,Pies.,2438
3520,Zapomnieć kochać.,2437
1611,Bydło cały.,2437
474,Jedynie tor.,2436
8369,Pojawiać Się ilość.,2436
9150,Rozwiązanie.,2434
8371,Luty szybko.,2432
320,Przejaw.,2432
8868,Krzyż nowy.,2431
1926,I.,2431
3058,Bajka małpa.,2431
8704,Impreza.,2431
2969,Mało.,2429
946,Strona.,2429
6999,Majuskuła.,2429
7921,Lecieć.,2428
8723,Student specjalny.,2428
6658,Nagle wewnętrzny.,2427
7407,Późny.,2426
6348,Statek koncert.,2426
595,Chwila spotkać.,2426
2041,Tradycja kierowca.,2426
7976,Piłka.,2425
7127,Bydło ziemia.,2425
6843,Błoto.,2422
4972,Broń tysiąc.,2421
7148,Wtorek alfabet.,2420
9455,Czasownik.,2420
5158,Wejście.,2420
2346,Próbować.,2420
9230,Biec nastrój.,2418
5679,Klasztor.,2418
9060,Srebrny piąty.,2417
5496,Bóg.,2417
1911,Gorączka.,2416
4637,Głupek.,2416
9910,Składać Się.,2416
6381,Ojczyzna.,2415
4629,Róg.,2415
6753,Lotnisko.,2415
1870,Wakacje pomidor.,2414
2354,Włochy.,2414
5447,Morze cesarz.,2414
8684,Futro płeć.,2412
8531,Długość grecki.,2410
9553,Noc.,2409
4984,Polska.,2408
3313,Lecz wywodzić się.,2408
5371,Mądry.,2407
5752,Centrum.,2405
2659,Strona projekt.,2405
358,Królewski.,2404
1034,Wysiłek w.,2402
1360,Dokonywać.,2402
7975,Cmentarz prosty.,2401
6509,Surowy głęboki.,2401
1983,Polować południowy.,2398
8997,Kłopot.,2398
7474,Niemiecki rodzic.,2398
5212,Naród 80.,2398
3511,Prąd trzy.,2396
4146,Naturalny.,2395
87,Żyd szczególny.,2395
9529,Własny.,2394
3933,Dzielić Egipt.,2394
928,Należy wschodni.,2394
4260,Niebezpieczny.,2391
2500,Otrzymywać obrót.,2390
8819,Wujek się.,2388
1910,Między.,2388
6684,Ośrodek rozpocząć.,2386
5144,Południowy szukać.,2386
7986,Pytać scena.,2386
303,Z Powodu zaufanie.,2385
3107,Kolorowy sos.,2384
3112,Potrawa.,2384
1640,Śpiewać.,2383
9983,Średni jutro.,2380
5281,Wesoły nadawać.,2380
721,Nad październik.,2380
1012,Włosy telefon.,2380
8688,Stworzyć.,2379
6285,Pasek bilet.,2379
1543,Prowincja.,2378
9381,Narkotyk.,2377
2582,Świecić.,2376
816,Sportowy.,2375
6499,Pozycja zbierać.,2375
2842,Tylko zamek.,2375
9375,Waga latać.,2373
3623,Róg drzewo.,2373
6832,Temperatura Morze Śródziemne.,2373
2758,Zrobić.,2372
5847,Otrzymywać więcej.,2370
2038,Jadalny.,2369
7664,Bać Się banknot.,2369
9546,Herb kot.,2369
415,Gaz.,2368
9535,Piec prędkość.,2367
6165,Indie.,2365
8692,Gospodarczy dziewięć.,2364
6065,Fakt.,2361
267,But.,2361
1865,Kwestia choć.,2360
1039,Kurs.,2359
3199,Cebula.,2359
9717,Pomiędzy współczesny.,2358
9464,Budować aż.,2358
1467,Atmosfera.,2357
8712,Pozostać układ.,2356
7850,Okrągły.,2355
4082,Okolica.,2354
4808,Rzucać.,2354
6975,Rezultat.,2353
5102,Rysunek lub.,2352
2225,Strona należy.,2352
3591,Ogon wycieczka.,2352
9452,Pewny według.,2352
6259,Pusty.,2350
8235,Prosty Wielka Brytania.,2349
1249,Obowiązywać śnieg.,2348
873,Istotny czynić.,2348
8838,Łatwy.,2348
2525,Zjeść kupić.,2348
385,Okrągły.,2347
6967,Szkoda.,2344
4784,Pragnąć.,2343
1006,Więzienie.,2340
8595,Studia.,2339
8128,Dziesięć grzech.,2338
7836,Jej.,2337
7026,Dobro cena.,2337
5328,Górski prowincja.,2336
9805,Norma.,2335
6705,Zazwyczaj.,2334
9238,Szkoła.,2334
5537,Zmarły.,2333
5549,Przyjąć.,2333
5311,Zakończenie.,2332
5525,Rada.,2331
1890,Matematyka.,2329
5218,Głupi.,2328
2944,Zimno międzynarodowy.,2328
1587,Całkowicie.,2328
2612,Oddać.,2327
3418,Przyjmować.,2327
3123,Dziewięć.,2326
793,Zapis handlowy.,2326
806,Podatek przeznaczyć.,2324
4483,Wisieć arabski.,2324
3643,Wioska.,2324
6792,Ich.,2324
7071,Administracyjny.,2323
2198,Jak.,2322
2279,Sportowy.,2321
9480,Kosz.,2320
2210,Wydać.,2319
7310,Półwysep.,2318
2561,Zbyt.,2318
6508,Środek jakby.,2316
2757,Dziecko.,2316
6222,Stracić próbować.,2316
1644,Lud babka.,2316
9478,Nic.,2315
8217,Deszcz kwestia.,2315
133,Pieśń.,2315
183,Męski.,2315
2436,Pogląd.,2315
1127,Słowacki łączyć.,2314
1567,Wieża Rzym.,2313
495,Kupić pomiędzy.,2309
7134,Ciecz nad.,2308
2646,Własność forma.,2308
6466,Odmiana.,2307
3556,Pozbawić.,2307
7017,Jutro.,2306
9494,Narodowość.,2306
7622,Rozmawiać wino.,2306
8956,Francuski chiński.,2306
5458,Ciąża trzeci.,2304
4405,Kupować.,2304
92,Wydarzenie zmieniać.,2303
5469,Filmowy.,2303
7258,Mocno.,2303
9453,Trzeci.,2300
8616,Zachodni.,2300
2050,Chmura dla.,2298
6496,Spokojny zacząć.,2298
8497,Szkodliwy.,2297
6139,Zniszczyć.,2297
9695,Odważny.,2297
1895,1000 za pomocą.,2296
7022,Król.,2295
8307,Słodki chrześcijański.,2295
8189,Wzrost osoba.,2294
1609,Między arabski.,2294
9236,Pacjent.,2294
2451,Złożony.,2293
5391,Powstanie.,2293
7579,Tracić budzić.,2292
1740,Węgry świadczyć.,2292
8703,Nikt.,2291
4333,Córka one.,2291
2434,Brzeg.,2291
5081,Słońce.,2290
9116,Głęboki stawiać.,2289
3904,Daleki samolot.,2289
7889,Odczuwać.,2289
8520,Futro bogactwo.,2289
4311,Również.,2289
1641,Cień sądzić.,2289
2456,Grudzień.,2288
125,Ich.,2287
8426,Istotny.,2287
6540,Zająć.,2287
1178,Zeszły.,2287
6164,Oglądać 20.,2286
3391,1 polski.,2285
4499,Cesarz spór.,2285
4939,Ciągnąć plecy.,2284
4711,Poczta wychodzić.,2284
5416,Muzeum istota.,2283
7499,Plemię.,2283
3725,Prawy podnieść.,2283
1162,Tył.,2283
9253,Dar.,2282
10,Posiadać trzeba.,2281
1332,Poznać uprawiać.,2281
364,Osoba utwór.,2281
9708,Handel.,2281
4143,Fabryka.,2280
9744,Uprawiać graniczyć.,2280
1148,Epoka.,2279
7191,Zawodowy przyjąć.,2279
293,Zdolny.,2279
6648,W Postaci odpowiadać.,2279
5431,Spodnie środowisko.,2277
943,Czynność.,2275
8574,Róg.,2275
1560,Ciecz rozmiar.,2275
9993,Kula.,2275
9461,Styczeń nadmierny.,2275
8233,Podłoga.,2274
1885,Spór.,2274
3642,Lot postawa.,2274
9828,Płakać.,2274
7840,Zbiór drzwi.,2273
4654,Wywoływać bilet.,2273
6475,Wejście.,2273
2239,Spadek jajo.,2272
5387,Grupa tłuszcz.,2271
4321,Ulegać.,2271
9445,Wycieczka cierpieć.,2270
1953,Smak.,2269
5568,Pozycja wreszcie.,2269
2574,Wykonać.,2268
4905,Polski.,2268
766,Procent poziom.,2268
7199,Człowiek zostać.,2268
8917,Środek.,2268
884,Powstać.,2267
3652,Użycie.,2267
4827,Strumień.,2267
9800,Urząd postawa.,2265
1471,Lecieć.,2264
684,Palić analiza.,2264
9623,Dziewczynka zeszły.,2263
1501,Mleko chiński.,2263
1944,Wschód Polak.,2262
4331,Górny szanowny.,2262
5419,Mieszkaniec.,2261
2400,Rzecz.,2261
4009,Produkcja.,2260
1981,Samica.,2260
9140,Kula łóżko.,2260
357,Niech.,2260
7259,Oraz.,2259
5063,Wykonanie.,2259
6046,Fala wewnętrzny.,2259
1834,Muzyk.,2259
2495,Ręka ciotka.,2259
5997,Urząd.,2259
6837,Trzeba bądź.,2259
3184,Kaczka.,2259
6776,Szkolny wyrażenie.,2259
2982,Pokryć.,2258
4325,Rodzic kontynent.,2258
2994,Się ćwiczenie.,2258
8613,Prawda.,2258
4952,Mowa państwo.,2258
6781,Prędkość ostatni.,2257
1695,Znaczyć słyszeć.,2257
1778,Koło ósmy.,2257
7040,Pochodzenie.,2257
6194,4 zamieszkiwać.,2257
7562,Dziać Się towarzystwo.,2256
9080,Klub.,2256
4918,Małżeństwo.,2256
677,Pogląd.,2256
9105,Czyn uznawać.,2256
8324,Młody.,2255
3172,Jadalny zbiór.,2255
3272,Bać Się przeznaczyć.,2255
9195,Wysoko robota.,2255
897,Rada nadzieja.,2254
9887,Ludowy osioł.,2254
2078,Słowacki.,2253
8893,Posługiwać Się japoński.,2252
9240,Głupiec bank.,2252
1346,Brak wspólnota.,2252
5530,Marzec należeć.,2252
2655,Program biblioteka.,2251
6533,Pracownik akcja.,2251
9570,Prędkość.,2251
1092,Znaleźć ta.,2250
7074,Pomarańczowy rezultat.,2249
8944,Palec.,2248
8523,Zrobić pan.,2248
2993,Choć biec.,2247
1337,Sportowy.,2246
2404,Księga.,2245
3361,Poprzez terytorium.,2245
8359,Mówić wy.,2245
840,Bar wojskowy.,2245
4153,Zbiór miejscowość.,2244
2019,Warzywo.,2243
8863,Przejaw.,2243
3548,Ojczyzna we.,2243
6695,Nocny część.,2243
3454,Wojsko.,2242
4566,Wprowadzać znowu.,2241
3667,Zaburzenie.,2241
7159,Skóra.,2241
6671,Handel wczesny.,2240
6965,Smak.,2239
367,Za Pomocą kot.,2239
5931,Bajka.,2239
2223,Mocno podłoga.,2238
7062,Poruszać.,2238
7817,Boże Narodzenie.,2237
3369,Plan kult.,2237
1838,Co sobie.,2237
5013,Kupić średniowieczny.,2236
9366,Spokój urodziny.,2236
6331,Warunek gruby.,2236
4865,Kawa mięsień.,2235
5981,Seksualny.,2235
1763,Radiowy.,2234
8216,Jednocześnie aktywny.,2234
3164,Środowisko.,2234
7993,Chociaż drzwi.,2234
6132,Kula.,2233
7293,Całkowity bić.,2233
4651,Alkohol.,2233
8552,Rodzic klimat.,2232
5881,Letni żeby.,2232
9898,Członek między.,2231
8606,Rodzinny.,2231
2953,Państwo.,2230
661,Trudność rozumieć.,2230
3740,Zjawisko tłuszcz.,2229
538,Raz ogród.,2229
3378,Szereg nie.,2229
2792,Walczyć trzymać.,2229
7077,Dziki krótki.,2229
5493,Umowa który.,2228
4516,Prawny.,2227
9304,Daleki trwać.,2227
4652,Lub Bóg.,2227
8002,Artystyczny.,2227
1103,Sport żołnierz.,2226
1226,Klasa.,2226
2910,Lud jezioro.,2226
6733,Natura dzieło.,2225
5195,Średni.,2225
5502,Szwecja.,2224
8866,Wobec rozwiązanie.,2223
7406,8 i.,2223
6799,Urządzenie drużyna.,2223
7434,Telewizyjny podróżować.,2223
6365,1000 strumień.,2223
7825,Chronić.,2222
7122,Ssak czy.,2222
7683,Sieć wyjść.,2222
3555,Zawodnik dopiero.,2222
8685,Jedenaście prostytutka.,2221
3253,Wiele.,2220
7682,Sukienka doświadczenie.,2220
1992,Rzucać Hiszpania.,2220
1227,Żyć ponownie.,2220
2658,Czekolada akcja.,2220
5949,Rada ten.,2219
9658,Pierś.,2219
9659,Złoto.,2219
8611,Korzeń.,2218
3926,Zaczynać fotografia.,2218
5766,Wspólny.,2218
8709,Ciało.,2217
1962,Gaz.,2217
9291,Wiosna Afganistan.,2217
4294,Zrozumieć wykonywanie.,2217
3717,Tytuł.,2217
4079,Minuta.,2217
951,Bić zegar.,2216
7795,Figura.,2216
3793,Kwiecień.,2216
2690,Kolor.,2215
3410,Ponownie leczenie.,2215
6406,Figura Niemcy.,2215
8108,Z czynnik.,2215
5654,Rysunek.,2214
4167,Cierpienie.,2214
8786,Piętro cześć.,2214
6640,Wewnątrz budynek.,2213
9319,Poznać interes.,2212
5355,Wyraz wykonać.,2212
4054,Ośrodek pas.,2212
9929,Tłumaczyć ocena.,2212
6416,Telewizyjny.,2212
9889,Siedziba stawać się.,2211
4912,Ciekawy pozostać.,2211
3528,Chrześcijański bogactwo.,2211
252,Kolega.,2211
9973,Rejon dać się.,2210
5232,Polski.,2210
4793,Wierny nauka.,2210
7343,Biały.,2209
9181,Stopień.,2208
4835,Litwa.,2208
5925,Głupek obcy.,2208
1799,Problem.,2208
2517,Herb spotkać.,2207
778,Wielkość.,2207
6723,Dwa godność.,2206
7738,Kanał.,2206
6515,Poprzez zaś.,2206
6935,Późno w ciągu.,2206
174,Tysiąc wieczór.,2205
890,Mądry.,2205
8813,Rak.,2205
6207,Czynnik.,2205
277,Uchodzić dzień.,2204
1073,Składnik wielki.,2202
4533,Postępowanie czuć.,2202
3617,Białoruś.,2202
4766,Igła mebel.,2202
2023,Poniedziałek piątek.,2201
5000,Mało.,2200
8106,Pojemnik.,2200
9932,Pełny jedzenie.,2199
7742,Powolny.,2199
7147,Pytać.,2199
2088,Zwłaszcza.,2199
2304,Kolacja.,2198
9481,Jedyny.,2197
2095,Niemcy.,2197
3713,Czechy.,2196
8654,Żeński uniwersytet.,2196
9527,Że słońce.,2196
1550,Decyzja lot.,2195
7037,Praca graniczyć.,2195
8618,Zapomnieć.,2195
4761,Szkoda krzew.,2194
9005,Trzy konflikt.,2194
2344,Koszt.,2194
1536,Zajmować Się potem.,2194
1390,Rzucać że.,2194
751,Przedstawienie.,2194
6574,Księga chemiczny.,2193
9194,Dwudziesty.,2193
9509,Prosty.,2193
8586,Gmina uczyć.,2193
5947,Noga kanał.,2192
8223,Tydzień go.,2192
7623,Kraina.,2192
5550,Nowy.,2192
6840,Obywatelka.,2192
7146,Adres mięso.,2191
3323,Zawartość tamten.,2190
5850,Nagły.,2190
477,Wyrażenie.,2190
7591,Wybitny całkowity.,2190
5181,Zamieszkiwać.,2190
5489,Pierwiastek Chemiczny.,2189
7670,Rodzina.,2189
6784,Pszczoła.,2188
2004,Łyżka.,2188
8778,Włosy.,2188
6793,Publiczny.,2188
4083,Sąd ksiądz.,2188
838,Wtedy państwowy.,2188
3068,Mądry korona.,2187
9108,Gołąb.,2187
7419,Gwiazda.,2187
4077,Taki zdolność.,2186
4158,Ciemny.,2186
8394,Kłaść.,2186
8472,Wpaść.,2186
2874,Niebo.,2185
2253,Sowa ząb.,2185
7522,Szczyt Francja.,2185
8809,Niechęć Rosja.,2184
3487,Bar.,2183
4502,Tylko.,2183
8151,Łatwo prosty.,2183
5510,Brak nastrój.,2183
5357,Zbiór.,2182
5680,Przestępstwo.,2181
5926,Jeden wrażenie.,2181
9473,Klasa muzyk.,2181
7678,Wokół.,2181
6828,Zawodowy stanowisko.,2181
399,Nie przestrzeń.,2181
5861,Czyjś.,2181
1816,Usuwać ślub.,2181
3728,Diabeł słuchać.,2180
8559,Środa.,2180
7349,Pewny efekt.,2180
57,100 swój.,2180
1323,Zeszły fragment.,2180
6156,Czysty armia.,2179
2284,Wydać.,2179
8830,Płyn kolor.,2178
4361,Urodzić.,2178
2568,Gałąź.,2177
1975,Powoli.,2177
3838,Kierowca.,2177
9536,Specjalny.,2176
4895,Jazda wisieć.,2176
7988,1.,2175
6550,A.,2175
6209,Zawodnik.,2174
7855,Azja.,2174
1922,Miesiąc.,2174
6014,Mowa wojsko.,2174
3096,Tyle.,2173
2851,Farba.,2173
123,Operacja zespół.,2173
2345,Znaczny.,2173
4404,Temperatura zwykle.,2173
9771,Uzyskać.,2172
2845,Świat.,2172
1988,Określony Kościół.,2172
7972,Belgia lotniczy.,2172
3341,Czyjś 40.,2172
2446,Szeroki ja.,2172
831,Dorosły.,2172
7445,Fala.,2171
283,- właśnie.,2171
6290,Oko.,2171
8568,Handlowy.,2171
8214,Wzgórze.,2171
764,Obecny.,2171
5664,Piętnaście dusza.,2170
746,Wydawać Się nasiono.,2170
4695,Dziwny –.,2169
7083,Plaża.,2169
5901,Hotel.,2169
9685,Głos.,2169
9380,Ochrona system.,2169
9407,Dziewczyna czysty.,2169
246,Seksualny.,2169
3043,Płynąć różnica.,2169
5927,Osioł.,2168
6611,50 umowa.,2168
1465,Nagle pająk.,2167
8542,Obóz.,2167
6358,Styl.,2166
3621,Autobus podróżować.,2166
157,Projekt czytać.,2166
6523,Suma.,2166
4671,Komórka Słowacja.,2166
5648,Spokojny umiejętność.,2165
7651,Strona informacja.,2165
868,?.,2165
1317,Zarówno rosnąć.,2165
1767,Martwy.,2164
4940,I kapelusz.,2164
6559,Rozmowa chłop.,2164
7790,Małżeństwo.,2164
2888,Ryż.,2164
4691,Słoń plemię.,2163
8693,Płeć określać.,2163
3154,Chmura położyć.,2163
1686,Piątek bok.,2163
377,Dar.,2163
5035,Praktyka.,2163
3620,Język ten.,2163
2447,Stan.,2162
3689,Kura historia.,2162
781,Odważny.,2162
7113,Określenie droga.,2162
4822,Aktor.,2162
7560,Naprawdę szkolny.,2162
3047,Słyszeć.,2162
7870,Próba Chiny.,2161
5465,Obecny zespół.,2161
7906,Komputer.,2161
2361,8.,2161
3412,Związek.,2160
2453,Substancja czasownik.,2160
4600,Uzyskać.,2160
4934,Moralny.,2160
3544,Następny.,2159
1164,Dar.,2159
647,Niebieski.,2159
3104,Ostatni czynić.,2158
9239,My dziki.,2158
3646,70 struktura.,2158
9792,Obywatel zbudować.,2157
8005,Ostatni sąd.,2157
512,Świadczyć.,2157
38,Drewniany.,2157
5770,Mowa okolica.,2157
1683,Słownik okno.,2156
3294,Różny.,2156
2286,Wobec.,2156
1050,Ogólny warzywo.,2156
1648,Taniec żołądek.,2156
9811,Łatwy.,2156
6646,Wszystko dziób.,2156
2433,Przyszły reguła.,2155
4369,Że.,2155
6265,Świeca.,2154
4570,Piotr.,2154
1045,Ze więc.,2154
6890,Los towar.,2154
4403,Późny prostytutka.,2153
1715,Na Przykład produkować.,2153
7614,Intensywny.,2153
3681,Dopływ.,2152
8968,Orzeł znosić.,2152
1654,Słownik.,2152
4226,Dać.,2152
7054,Urodzenie.,2152
5396,Gdy głos.,2152
9147,Pragnienie.,2152
5125,Zwycięstwo wieś.,2151
3691,Analiza.,2151
2884,Mur.,2150
8851,Temperatura daleko.,2150
9087,Szklanka pragnienie.,2150
4474,Ciąża.,2150
3984,Koszula.,2148
2053,Cesarz katastrofa.,2148
8804,Trzy m.in..,2148
2840,Rachunek łuk.,2148
3451,Japonia.,2147
2556,Niewolnik produkować.,2147
7597,Ziemia.,2147
5289,Odwaga pierś.,2147
5622,Postawić.,2146
1538,Jeśli ciasto.,2146
8200,Wnętrze.,2146
5757,Błąd umieścić.,2145
7816,Klimat lipiec.,2145
295,1000 moralny.,2145
4913,Prawdziwy lekarz.,2145
5842,Dlatego.,2145
1398,Właściwy nieszczęście.,2145
2379,Hotel.,2145
4655,Niebezpieczeństwo.,2145
9864,Nauczyciel.,2145
1163,Uciec.,2144
5411,Jeśli.,2144
2454,Czapka przy.,2144
1321,Pacjent termin.,2144
6408,Ulica że.,2144
3673,Ciotka przejście.,2144
9097,Lato zmienić.,2143
5189,Przygotowywać Słońce.,2143
6775,Procent.,2143
1533,Pewien na.,2143
7570,Kwiat uniwersytet.,2143
7900,Kuchnia mierzyć.,2142
1354,Trudność ogon.,2142
2154,Jadalny rozpocząć.,2142
5358,Wybrać.,2142
5372,Przepis.,2142
4870,Czerwiec alfabet.,2142
6324,Pierwiastek Chemiczny.,2142
220,Instytucja.,2141
6661,Szczyt ludowy.,2141
7995,Finansowy.,2141
6038,Prawdziwy powodować.,2141
1942,Pisanie ogród.,2141
4500,Urządzenie.,2141
1760,Jądro.,2141
9723,Te.,2140
750,Dźwięk.,2140
6054,Martwy martwy.,2140
7669,Potrzebować.,2140
9678,Papieros pojęcie.,2140
2494,Piec łączyć.,2140
8122,Ssak.,2140
2207,Niewielki godzina.,2140
947,Podstawa figura.,2139
2598,Wszystek.,2139
6993,Robić.,2139
7791,Niemcy zdanie.,2139
4563,Srebrny jajo.,2139
4838,Wielka Brytania tytoń.,2139
1248,Gałąź.,2139
2388,Sól zabawka.,2139
9458,Kilometr port.,2138
2927,Broda sytuacja.,2138
3347,Nadmierny sądowy.,2138
1589,My kapelusz.,2136
620,Powiedzieć.,2136
2545,Wpływ.,2136
126,Właściwość obwód.,2136
2948,Męski typowy.,2135
2542,Kieszeń coraz.,2135
1768,Obok.,2135
4990,Chemiczny.,2134
696,Pomoc pytać.,2134
7862,Św. członek.,2134
8954,Wiek ktoś.,2134
7559,Złoto wystawa.,2134
7925,Mózg.,2134
7056,Chłop nie.,2133
7908,Potrafić.,2133
7681,Klient.,2133
2449,Wokół uczeń.,2133
1548,Niedziela.,2133
9010,Myśl czeski.,2132
5851,Spadek.,2132
2,Odpowiedź.,2132
5677,Okno.,2132
3099,Pochodzić.,2132
1932,Bać Się silnik.,2131
1675,Powód.,2131
2543,Ty.,2131
7023,Obcy uniwersytet.,2131
6075,Okno instytucja.,2131
8116,Królewski władza.,2131
991,Oczekiwać.,2130
3907,Kontakt.,2130
6195,Zając połowa.,2130
1684,Zaraz król.,2130
4185,Brać utwór.,2130
9774,Firma wada.,2130
2826,Afganistan działanie.,2129
757,Razem zapach.,2129
6177,Wiedzieć kultura.,2128
6087,Egzamin.,2128
7882,Babka prywatny.,2128
2426,Mnóstwo surowy.,2127
5855,Świeca.,2127
3753,Uderzyć Węgry.,2127
9612,Oraz.,2127
5007,Kilka grupa.,2127
4554,Każdy zupa.,2127
8731,Raz kino.,2127
4357,Przedstawienie żaba.,2126
758,Deska.,2126
9360,Siódmy.,2126
9568,Czuć cel.,2126
1397,Suma.,2126
5715,Materiał długość.,2126
983,Starać Się ryż.,2126
1596,Przygotować.,2125
4278,4.,2124
194,Ogromny.,2124
3132,Przyjąć pałac.,2124
9235,Między ciągnąć.,2124
4213,Konflikt przyjąć.,2124
6278,Administracyjny powietrze.,2124
6701,Przeciwko myśl.,2123
1579,Arabski sygnał.,2123
2007,Późno także.,2122
9891,Odwaga lotnisko.,2122
6399,Podczas miejscowość.,2122
5832,Cienki.,2122
2631,Waluta wujek.,2122
205,Klucz gardło.,2121
9169,Sylaba.,2121
4051,Tytoń poznać.,2121
6407,Znosić.,2121
9327,Sto.,2121
5480,Przy.,2120
1547,Ramię.,2119
9492,Przygotowywać styczeń.,2119
2804,Kształt.,2119
2924,Uczyć.,2118
7992,Administracyjny przybyć.,2118
2739,Uderzenie.,2118
4882,Słyszeć.,2118
3490,Jeżeli.,2118
4348,Śmierć.,2118
9883,Spowodować.,2117
4332,Powstawać otrzymać.,2117
4214,Paliwo.,2117
9940,Trochę.,2117
5334,Mieć.,2117
9298,Jajo bawić się.,2117
7306,Daleki przyjechać.,2117
7021,Śniadanie biec.,2117
963,Radiowy nauka.,2116
6679,Listopad ozdoba.,2116
4052,Dokument.,2116
9886,20.,2116
9468,Wyrób.,2116
7647,Czas.,2116
6231,Dym majątek.,2116
2557,Wrócić.,2116
4360,Trwać wobec.,2115
3910,Znać odcinek.,2115
3120,Daleko jak.,2115
967,Wilk.,2115
9314,Odcień.,2115
2516,Ludzki 100.,2114
554,Usta.,2114
4114,Stan.,2114
3436,(…) działanie.,2114
4578,Tu mapa.,2114
5740,Figura współczesny.,2114
4620,Sąd osiemdziesiąt.,2113
4798,Plac.,2113
9101,Zachowanie.,2113
5415,Wykonać.,2112
9852,Przyszłość.,2112
1896,Wygląd mój.,2112
7965,Powieść.,2112
4336,Morze Śródziemne.,2112
6039,Sto.,2111
4316,Zająć powiedzieć.,2111
4775,Mysz.,2111
7010,Linia nieszczęście.,2111
1109,Sen późny.,2111
7425,Wojna jajko.,2110
896,Sądowy lód.,2110
6598,Żaba.,2110
4053,Kot teoria.,2110
8091,Impreza.,2110
6277,Odkryć.,2110
7824,Ziemniak.,2109
9036,Usa.,2109
9156,Artystyczny ze.,2109
2940,Przyjaźń.,2108
5554,Umieszczać wschód.,2108
5900,Inaczej następować.,2108
8630,Miły telefon.,2108
132,Spowodować.,2108
2227,Usta udział.,2108
1185,Kształt.,2107
8190,Zakład wybuch.,2107
6563,Brzuch.,2106
9495,Wtorek przybyć.,2106
1423,Wojna zakończyć.,2106
738,Śmiać Się.,2106
2396,Dziesięć funkcja.,2106
3765,Silny.,2106
7823,Rosja uzyskać.,2106
5448,Przyjęcie chory.,2105
419,Wieża katolicki.,2105
9440,Ubranie niż.,2105
1235,Postępować poczta.,2105
8990,Akt.,2104
1254,Pół.,2104
3624,Przyjęcie.,2104
7342,Zdrowie użycie.,2104
4484,Trzydziesty.,2104
1564,Parlament.,2104
4935,Wspomnienie.,2103
162,Pałac my.,2103
1970,Naczynie Ziemia.,2103
4745,Tam.,2103
6301,Pies.,2103
9833,Kraina.,2102
9875,Ładny dorosły.,2102
6962,Żeby.,2102
5395,Ogon użytkownik.,2102
2469,Rzucić nasiono.,2102
1597,Wczesny.,2101
3810,Co.,2101
2989,Rodzina.,2101
6836,Wesoły więzienie.,2101
4539,Zaczynać klient.,2101
8185,Pożar.,2101
3439,Różowy.,2101
2618,Zachód tłumaczyć.,2100
1625,Tam.,2100
6952,Koń zły.,2100
2647,Talerz włożyć.,2100
2183,Tamten pasmo.,2100
8226,Wysoko obecny.,2099
851,Uprawiać.,2099
3356,Zwolennik słowacki.,2099
9193,Sprzęt.,2099
7828,Kierować.,2099
4468,Mieszkać uzyskać.,2099
2269,Miłość polityk.,2099
2985,Hałas żydowski.,2099
6541,Kaczka pełny.,2098
1407,Procent.,2098
2350,Stosować towar.,2098
548,Użycie.,2097
4986,Znaleźć tyle.,2097
8781,Cztery.,2097
8961,Rzym.,2096
6618,Związek.,2096
9693,Mocno.,2096
9566,Zwolennik.,2096
8645,Ogon obiekt.,2096
7464,Bok.,2096
960,To grecki.,2096
9073,Muzeum pragnąć.,2095
1385,Dania.,2094
6418,Żywy twardy.,2094
9572,Funkcja choroba.,2093
4980,Sposób.,2093
918,Ponownie powszechny.,2093
5830,Muzyka Słońce.,2093
5742,Przyjąć.,2093
7930,Przybyć wodny.,2093
6742,Bogactwo.,2092
2138,On.,2092
8519,Muzyczny zamykać.,2092
9063,Poprzez ból.,2091
7543,(…).,2091
5582,Budynek.,2091
7605,Mężczyzna poeta.,2090
5228,Ślad.,2090
6363,Mowa.,2090
7534,Płynąć możliwość.,2090
9949,Ozdoba.,2090
7907,Konflikt.,2090
4328,Odnosić Się przyprawa.,2090
3465,Broń.,2089
6109,Europa republika.,2089
3026,Sobota rząd.,2089
6896,Dokument 70.,2089
6089,Gleba.,2089
545,Szary zgodnie.,2089
8046,Określony nigdy.,2088
7327,Afryka.,2088
828,10 wybierać.,2088
9042,Niektóry łóżko.,2088
4025,Znaczenie.,2088
61,Wywołać.,2088
6007,Rynek mężczyzna.,2088
9787,Przypadek proszę.,2088
6500,Mgła.,2088
8425,Srebro.,2087
4534,Polityka wysyłać.,2087
2477,Trzeba według.,2087
3593,Czasownik mężczyzna.,2087
9715,Grzyb.,2087
3254,Umożliwiać 100.,2086
2572,Zgodnie.,2086
7832,Za.,2086
9654,Cześć.,2086
7015,Sukienka.,2086
8269,Głupiec.,2085
3948,Powolny.,2085
7628,Wtorek Belgia.,2085
5303,Twarz moralny.,2085
1272,Nadzieja róża.,2084
8076,Rejon motyl.,2084
9357,Poprzez nadawać.,2084
1617,Ślad 5.,2084
2272,Temu.,2084
4455,Muzyka wolność.,2084
3661,Okazja.,2083
6172,Rządzić grzech.,2083
1215,Wieczorem oko.,2083
8642,Blisko.,2083
8401,Żyć oglądać.,2083
7754,Stopa równy.,2083
8386,Ponownie znajdować się.,2082
4223,Atmosfera Stany Zjednoczone.,2082
7606,Produkt.,2082
900,Autor.,2082
3035,Rana.,2082
4607,Szczęśliwy.,2082
308,Żyć posługiwać się.,2082
1280,Wybierać.,2082
8898,Duży.,2082
9922,Wiersz mówić.,2082
3244,Obcy górny.,2082
74,Dział narodowość.,2082
3913,Mąka.,2081
2895,Wszyscy spadek.,2081
6106,Siła.,2081
8726,Tam.,2081
8549,Zawodnik człowiek.,2081
3475,Mięso na zewnątrz.,2081
7786,Czynnik handlowy.,2080
3618,Amharski.,2080
9329,Metal.,2080
4663,Szczęśliwy.,2080
1192,Gość.,2079
4996,Płyn sześćdziesiąt.,2079
9065,Muzyk ocena.,2079
6805,Noga.,2079
8290,Pasek.,2079
6868,Sześć.,2078
3980,Wysoko.,2078
7087,50.,2078
6226,Teren tłuszcz.,2078
2743,Niech.,2078
7865,Pałac dwa.,2078
6398,Czy stały.,2078
1754,Zrozumieć.,2077
7711,Natychmiast.,2077
5761,Stan czerwony.,2077
674,Kolacja.,2077
745,Telewizyjny.,2077
6879,Obiekt otworzyć.,2077
8999,Nawet wszystek.,2076
8971,Zakres pokarm.,2076
8984,Przynosić piąty.,2076
8940,Wyspa.,2076
9713,Policzek płyta.,2075
9275,Polak.,2075
6971,Zabawka.,2074
9356,Żeński powinien.,2074
819,Jasny.,2074
8050,Łódź praktyka.,2074
8349,Wada.,2074
8635,Rosja.,2073
7094,Relacja zabawka.,2073
5796,Pragnąć.,2073
3708,Aktor skłonność.,2073
9608,Naukowiec.,2073
602,Podnieść Niemiec.,2073
3146,Mecz Ukraina.,2073
3818,Kara niewolnik.,2072
1920,Małpa powiat.,2072
2778,W Formie Słońce.,2072
2419,Kolumna.,2072
7244,Telefon uderzenie.,2072
6525,Publiczny.,2071
6865,Piec służba.,2070
521,Okazja oddawać.,2070
9622,Naczynie.,2070
6694,Babcia czekać.,2069
3427,Dyskusja.,2069
9972,Zysk.,2069
5762,Wąż wyglądać.,2068
4932,Rzym.,2068
2567,Krzew grunt.,2068
2863,9.,2068
2089,Republika.,2068
8790,Wakacje.,2068
3183,Ciepły.,2067
8565,Zajęcie.,2067
3844,Ofiara trawa.,2067
8489,Radio.,2067
5941,Temat.,2067
6756,Ciepły poruszać się.,2067
9018,Wyjść łóżko.,2067
9274,Jeść otwór.,2067
6092,Liczba Atomowa.,2067
3150,Region.,2066
4602,Ochrona podobny.,2066
6294,Równy.,2066
1514,Wycieczka.,2066
695,Pomóc złożony.,2065
195,Kaczka sen.,2065
6984,Uczyć Się.,2065
8763,Zimno.,2065
4993,Więc dzisiaj.,2064
8610,Wynik pewien.,2064
2464,Kurs.,2064
8415,Stworzyć tekst.,2064
2110,Adres.,2064
5374,Sam.,2064
249,Czoło.,2063
316,Naj-.,2063
550,Jedzenie.,2063
1965,Ci.,2063
6131,Udać Się.,2062
6966,Sala.,2061
311,Niewolnik miłość.,2061
4367,Koszula ciągnąć.,2060
585,Bieda ukraiński.,2060
8529,Przybyć.,2060
559,Dokument.,2060
99,Ludzki.,2060
3756,Interes kij.,2060
8521,Oczekiwać zamiar.,2059
1368,Kara.,2059
9489,Gruby.,2058
6378,Obywatelka siedziba.,2058
8806,Duch prawy.,2058
1007,Los jednocześnie.,2058
6242,Podłoga jeszcze.,2058
6284,Śmierć łyżka.,2057
631,Ryba.,2057
6337,Zysk.,2057
552,Wejść.,2057
9722,Złożyć.,2057
9085,Obrona.,2056
7282,Nigdy zero.,2056
7715,Naprawdę.,2056
8672,Łódź.,2056
9621,Lód kłaść.,2056
4643,Elektryczny nieprzyjemny.,2056
6380,Dlaczego.,2056
9758,Szacunek dziać się.,2055
6709,Przyjęcie.,2055
1977,Połowa tak.,2055
1373,Należeć szukać.,2055
1265,Udział powstać.,2055
1995,Móc.,2054
2528,Powstać przyjaźń.,2054
2829,Towarzystwo dobro.,2054
8121,Dziura powiedzieć.,2053
4811,Kiedyś.,2053
2550,Mi.,2053
310,Dania.,2053
1075,Pełny.,2052
6693,Warzywo jakość.,2052
558,Godzina pszczoła.,2051
7271,Wysyłać.,2051
7328,Chleb.,2051
9655,Produkcja lecz.,2051
8528,Pomóc Warszawa.,2051
8044,Sam koszula.,2050
499,Przedstawiać.,2050
7160,Wrogi.,2050
4487,Dno.,2050
3574,Ucho dom.,2050
8286,Powietrze.,2049
3180,Opowiadać założyć.,2049
8657,Ściana.,2049
4765,Żart.,2049
9576,Dobry.,2048
6789,Otoczenie brat.,2048
2676,Zwierzę.,2048
8141,Sprzęt własny.,2047
2923,Podać ksiądz.,2047
9142,Wkrótce pomidor.,2047
5776,Mur.,2047
9048,Przemysł.,2047
5697,Wyłącznie.,2047
6254,Korzyść.,2046
9725,Bieda spór.,2046
5197,Wreszcie.,2046
8687,Srebro.,2046
5297,Turecki coraz.,2046
7500,Owad.,2046
808,Pomarańcza.,2046
7613,Mi wycieczka.,2045
3318,Przeciw patrzeć.,2045
2006,Postępować.,2045
1937,Włochy owoc.,2045
3715,Sport.,2044
2148,Urodzić Się przybyć.,2044
4398,Twarz nadmierny.,2044
9106,Alkoholowy Włochy.,2044
9069,Organ.,2044
6272,Plecy.,2044
2351,Osoba.,2044
4204,Godny.,2044
8665,Prawny.,2044
4187,Oczywiście.,2043
2216,Teatr.,2043
2666,Szczęśliwy charakterystyczny.,2043
4297,Przeznaczyć samiec.,2043
1466,Przeciwnik poza.,2043
3998,Rodzinny aby.,2043
445,Rzucać.,2043
7216,Rysunek.,2043
6042,Wspólny.,2042
1951,Połowa.,2042
7615,Więc plecy.,2042
1449,Gałąź.,2042
101,Przyjaźń napisać.,2042
573,Całkiem roślina.,2041
4006,Kilka zazwyczaj.,2041
4874,Dzisiaj praktyka.,2041
5011,Amharski koń.,2041
9630,Praca żydowski.,2041
8471,Olej.,2041
9821,Rozumieć prawy.,2040
3637,Iść cukier.,2039
6960,Starać Się.,2039
3598,Potrafić urządzenie.,2039
5501,Dach.,2039
2048,Lista 20.,2039
2839,Choroba.,2038
3114,Czy.,2038
2505,Odnosić Się anioł.,2038
5809,Szybko udać się.,2038
4927,Gra pokarm.,2038
6762,Kula w..,2038
370,Powierzchnia.,2038
4710,Mieć Na Imię żydowski.,2037
4971,Kraina.,2037
1356,Wyraz mocny.,2037
3683,Ona.,2037
4727,Odcinek.,2037
1498,Cesarz gazeta.,2037
8623,Urodziny szybko.,2036
8989,Wisieć mało.,2036
4151,Szczególnie.,2036
6477,Gazeta.,2035
9882,Powoli dziób.,2035
1095,Metal oko.,2035
3076,Przejść klimat.,2035
9289,Tłum.,2035
5257,Prezent.,2035
467,Wróg.,2035
9742,Uderzać odpowiedź.,2034
2687,1000 film.,2034
2087,Drogi sportowy.,2034
5637,Rosyjski.,2034
9850,Przyjechać.,2034
4650,Chmura.,2034
7858,W Końcu kalendarz.,2034
2925,Stanowić.,2034
8637,Ślad arabski.,2034
2695,Teraz znów.,2033
135,Dość.,2033
5302,Nie Ma nauczycielka.,2033
4313,Jezioro wyrażać.,2033
4558,Umieć.,2032
7494,Zdanie.,2032
3992,Przyprawa.,2032
4117,Zgadzać Się oczekiwać.,2032
5317,Według.,2032
2532,Charakterystyczny Słowacja.,2032
7761,By.,2032
3400,Miły.,2032
7313,Luty brzydki.,2032
6815,Wstyd.,2032
9054,Zaczynać nastrój.,2031
9994,Zniszczyć poziom.,2031
3763,Skala czterdzieści.,2031
9349,Czasem.,2030
1748,Określony.,2030
8925,Zwycięstwo.,2030
9363,Budować.,2030
2467,Narodowość Europa.,2030
7289,Aktywny podać.,2030
7422,Muzeum wszystko.,2029
3790,Małżeństwo.,2029
5595,Mur żywność.,2029
3530,Odkryć.,2028
7111,Wojna.,2028
8177,Pałac promień.,2027
8303,Intensywny ślub.,2027
7272,Naj- itp..,2027
5163,Pozostawać.,2027
1626,Oglądać.,2026
2147,Stracić skóra.,2026
5784,Usuwać siedem.,2026
5831,Należy styczeń.,2026
112,Wiadomość Ziemia.,2026
8512,Przychodzić wieczorem.,2025
5482,Głęboki smak.,2025
1032,Czy.,2025
7353,Pierwszy dodatek.,2024
9261,Telewizyjny.,2024
1322,Naród ofiara.,2024
2636,Liść zboże.,2024
3077,Sierpień koniec.,2024
291,Wrócić.,2024
1476,Tkanina.,2024
9836,Olej.,2024
9865,Jakość jej.,2023
7319,Znak pogoda.,2023
8562,Tamten gra.,2022
8113,Uważać Boże Narodzenie.,2022
1632,Kuchnia.,2022
3049,Odzież.,2022
4389,Dawać.,2022
341,Szczęśliwy odbywać się.,2022
7441,Handel.,2021
4176,Sok ciepło.,2021
9657,Wszystkie.,2021
9115,Ludowy zjeść.,2021
4451,Śniadanie promień.,2021
2372,Doskonały czeski.,2021
9947,Twarz gorący.,2020
1668,Forma nadawać.,2020
5506,Zdanie burza.,2019
836,Jeść urząd.,2019
4856,Otrzymać dziadek.,2019
5685,Z Krwi I Kości dziewięćdziesiąt.,2018
8620,Aktor bić.,2018
6958,Grzyb czynnik.,2018
2593,Uciec.,2018
8382,Jeszcze brzuch.,2018
3205,Nazwisko dowód.,2018
1013,Trudny.,2018
302,Spodnie.,2018
5601,Musieć jedzenie.,2018
6881,9 przyczyna.,2018
6872,Więc karta.,2018
3776,Stawać Się.,2017
9226,Policja.,2017
9591,50.,2017
9681,Związany.,2017
8249,Po trzeba.,2017
1701,Niebezpieczeństwo grunt.,2017
2385,Anglia.,2016
8368,Król.,2015
3097,Drużyna lina.,2015
2096,Fizyczny Ukraina.,2015
1334,Kolacja.,2015
1002,Gospodarka.,2015
8906,Lęk.,2015
7005,Mowa pan.,2014
2091,Wyrażenie odmiana.,2014
3947,Królewski rosyjski.,2014
8777,Wybitny.,2014
6612,Trudność.,2014
7437,To.,2013
5354,Różowy prawdziwy.,2013
5984,Czyn miód.,2012
8982,Otworzyć morze.,2011
1746,Walczyć oba.,2010
4890,Panować.,2010
6058,Zachodni.,2010
4192,Wpaść.,2010
2607,Wykonać mięso.,2010
4833,60 przeprowadzać.,2009
1515,Chronić funkcja.,2009
3086,Ciepło prywatny.,2009
9647,Bohater.,2009
7587,Kilka.,2008
8939,Rynek choć.,2008
4782,Powolny.,2008
8670,Wypadek.,2007
7285,Wydawać Się.,2007
3928,Austria.,2006
4251,Sąd.,2006
4878,Opieka słyszeć.,2006
2173,Małpa poznać.,2006
2738,Jadalny.,2006
2445,Piwo.,2005
877,(…) brudny.,2005
4688,Wysoki.,2004
818,Japoński dziedzina.,2004
2008,Szlachetny.,2004
1608,Narząd.,2004
5987,Białoruś powinien.,2004
376,Nastrój.,2004
7070,Plac.,2003
2077,Określony wschód.,2003
2816,Nos.,2003
6912,Mur.,2003
8634,Wolny.,2003
6812,Twarz teoria.,2003
2933,Muzeum interes.,2002
1172,Opuścić.,2002
533,Średni proces.,2002
4426,Powoli jechać.,2002
1237,Jeśli.,2002
6243,Numer.,2002
6866,Brzuch.,2002
2873,Przybyć scena.,2001
3896,Poziom przypadek.,2001
1157,Efekt.,2000
7205,Lecieć.,2000
2294,Oko.,2000
1147,Most.,2000
2980,Trwać osoba.,2000
9431,Dziesięć.,2000
754,Wyraz narodowy.,1999
5736,Podstawowy zamiar.,1999
9598,Wywoływać prowadzić.,1999
3259,Okropny.,1999
5603,Dokładnie.,1999
5267,Szósty towarzystwo.,1999
4748,Akt.,1998
447,List powolny.,1998
1387,Polityk.,1998
5860,Dzisiaj.,1998
9006,Oraz.,1997
6124,Na Zewnątrz.,1997
2721,Muzyk.,1997
7600,Bohater możliwy.,1997
6494,Produkt.,1997
9960,Ryba gołąb.,1996
9217,Handel utrzymywać.,1996
5398,Zdrowie.,1996
1079,Układ przedstawienie.,1996
3207,Cienki.,1995
8420,Niechęć.,1995
5270,Zawierać popularny.,1995
8182,Szczególnie koło.,1995
3037,Mnóstwo w celu.,1995
1704,Przyjemny rządzić.,1994
5611,Wieża.,1994
9956,Ubranie.,1994
2878,Błoto przyprawa.,1994
1590,Litwa.,1994
524,Gęsty.,1993
4829,W. wyjść.,1993
9122,Modlitwa wszelki.,1993
7269,Film żołnierz.,1993
9700,Nie.,1992
3241,Jak.,1991
3884,Jakiś tytuł.,1991
4119,Ser.,1991
7928,Kot dużo.,1991
1755,Metoda chemiczny.,1991
3563,Dziewczyna narzędzie.,1990
7583,Równy czerwiec.,1990
596,Dokument uderzyć.,1990
3449,Cena.,1990
8852,Tkanina.,1990
8825,Ząb.,1990
5439,Akcja.,1990
2313,Dziś piosenka.,1990
8492,Ciotka.,1989
4381,Organizacja autobus.,1989
790,Zamiast pierwiastek.,1989
7275,Wybrać mąż.,1989
6022,Źle.,1988
4983,Wina.,1988
7739,Urządzenie trudno.,1987
2039,Szczególny.,1987
3641,Pora sądzić.,1987
3773,Orzeł grzech.,1987
2228,Zima zawodowy.,1987
9409,Różnica liczba.,1986
9012,Słoń ty.,1986
6808,Hotel.,1986
2634,Godność twardy.,1986
1216,Góra kierowca.,1986
9690,Siedziba.,1986
6982,Uderzenie ptak.,1986
9979,Dokonywać.,1985
9400,Siedziba północ.,1985
3024,U spokój.,1985
5879,Wioska oczywiście.,1985
28,Sądzić.,1985
923,Osiemdziesiąt.,1985
5166,Warszawa.,1985
7479,Umożliwiać stawać się.,1985
8326,Dziewiąty pochodzić.,1985
286,Kula pełny.,1984
9351,Ziemia mur.,1984
4617,Centrum.,1984
7545,Minuskuła śnieg.,1984
6628,Nadmierny urodzić.,1984
5703,Czterdzieści.,1984
9585,Scena.,1984
5044,Jaki woda.,1984
1963,Półwysep żołądek.,1984
5359,Dialekt bardzo.,1984
8179,Wydarzenie model.,1984
5483,Pszczoła.,1983
3543,Twardy zmienić.,1982
4372,Kino oglądać.,1982
9892,Lustro.,1981
352,Świadczyć.,1981
1925,Specjalista.,1981
3371,Pan.,1981
7454,Słoneczny zabawka.,1981
8272,Masa.,1981
2438,Te toponim.,1981
502,Paliwo.,1980
8372,Roślina czterdzieści.,1980
7307,Czerwony tyle.,1980
9812,Kartka.,1980
8903,Sąd teraz.,1980
4840,Igła niski.,1980
537,Mieć Na Imię pić.,1979
4380,Zabawka prosty.,1979
2648,Strach.,1979
2236,Pojawić Się.,1979
9749,Region.,1979
5268,Wódka.,1979
8516,Oczekiwać.,1979
3203,Grać.,1979
2939,Budowla bydło.,1979
6100,Król rada.,1978
3276,Przestrzeń.,1978
4141,Czyn.,1978
883,Postępować słoń.,1978
4340,Dziewczyna sztuczny.,1977
1344,Krótki wzgórze.,1977
4569,Przeprowadzać wydarzenie.,1977
5209,Orzeł.,1977
9596,Strach tamten.,1977
6568,Stworzyć rodowity.,1977
2772,Dać Się.,1976
1169,Ubranie.,1976
4907,Głęboki.,1976
1447,Herb.,1976
679,Rodzaj.,1976
4144,Gałąź świeca.,1976
45,Mocz zakon.,1976
5336,Chęć jedenaście.,1975
1731,Węgiel utrzymywać.,1975
9517,Ubogi grać.,1975
7959,Katolicki historia.,1974
9727,Ziemniak.,1974
401,Tor.,1974
8626,Dwa przychodzić.,1974
2595,Dno biec.,1974
4645,Dłoń zainteresowanie.,1974
8998,Użytkownik obchodzić.,1973
7859,Równy smak.,1972
9303,Dodać.,1972
5122,Koza Egipt.,1972
3295,Wojna.,1972
4254,Talerz.,1972
2355,Żyd prawny.,1972
9112,Cisza wcześnie.,1971
7097,Określony.,1971
2056,Czynnik.,1971
177,Istnienie wyrób.,1970
8011,Para.,1970
8258,Kalendarz.,1970
72,Ciepło piec.,1970
4681,Moment.,1970
3344,Źle.,1969
9160,Moc jedzenie.,1969
7707,Badanie.,1969
9857,Własny.,1969
8418,Pod usuwać.,1969
1750,Albo podnosić.,1969
6013,Płacić rola.,1968
3346,Ojciec.,1968
7561,Jednostka.,1968
6596,Różowy.,1968
7768,Urząd.,1968
2441,Przy.,1968
3505,Alkoholowy historyczny.,1968
380,Kieszeń.,1968
1455,Filmowy pojawić się.,1967
5650,Pisarz powoli.,1967
8622,Ochrona.,1967
832,Czerwony.,1966
5131,Różowy w..,1966
1696,Obywatelka epoka.,1966
296,Przyprawa stać.,1966
870,No.,1966
7008,Męski.,1965
9582,Głośny pięćdziesiąt.,1965
7567,- przez.,1965
2405,Móc ruch.,1964
5604,Przyprawa.,1964
5466,Bar.,1964
7490,Korona.,1963
5190,Osobisty podstawowy.,1963
5711,Pod albo.,1963
9789,Znać.,1963
2936,Administracyjny.,1963
8284,Uprawiać.,1962
9443,Określony.,1962
8727,Budowa przedsiębiorstwo.,1962
2000,Pod doprowadzić.,1962
6485,Nie.,1961
3723,Wystawa.,1961
307,Żart.,1960
7571,Uniwersytet.,1960
8232,Dziecko powstanie.,1960
7497,Zwyczaj.,1960
1049,Nieść ponad.,1960
3059,Dziecięcy liczba.,1960
5909,Medycyna osoba.,1960
5505,Znak trzeci.,1960
3521,Dziecko przypominać.,1959
4757,Tor.,1959
708,Mistrz.,1959
2735,Poprzez.,1959
9300,Cierpienie.,1959
5892,Jakość.,1959
8184,Dopływ rada.,1959
4777,Taniec.,1958
2386,Oddawać.,1958
1848,Obwód umieścić.,1958
1394,Służyć grudzień.,1958
4401,Nieść.,1958
48,Intensywny.,1958
5015,Oczekiwać uznawać.,1958
9199,Ciągnąć.,1957
9607,Ciało.,1957
8733,Zaś.,1957
4256,Kobiecy.,1956
4123,Skrzydło bać się.,1956
6028,One nagły.,1956
3309,Jądro ziemia.,1956
8585,Zmienić odcinek.,1956
1056,Urządzenie angielski.,1955
9051,Daleki sposób.,1955
2749,Przemysł pytać.,1955
5500,Zanim lis.,1955
8491,Bo metal.,1954
7144,Owoc umysł.,1954
5759,Śmiech.,1954
275,Jan.,1954
4371,Szczególny.,1954
2258,Spotkać potrafić.,1954
294,Możliwość robić.,1953
5032,Bogaty swój.,1953
4241,Większość obiad.,1953
7431,Cierpieć sobie.,1953
8936,Świnia ludność.,1952
7502,Mąż.,1952
6918,Uprawiać wykonać.,1952
7767,Zaraz tracić.,1952
8155,Połączyć bogini.,1951
3281,Prywatny.,1951
5073,Obserwować określenie.,1951
9179,Sytuacja szkło.,1951
5577,Godzina godność.,1950
1277,Warzywo.,1950
7958,Stacja babcia.,1950
513,Odbywać Się.,1949
2626,Nauka.,1949
1444,Prawie.,1949
6600,Związany.,1949
7016,Polski moment.,1948
2489,Coraz.,1948
7743,Całość.,1948
8306,Zwycięstwo.,1948
7161,Student znany.,1948
6193,Zeszły.,1947
3782,Chory tłuszcz.,1947
2460,Indie religia.,1947
5529,Żołnierz posługiwać się.,1947
1500,Piosenka.,1947
2193,Pomieszczenie kto.,1946
9877,Miejsce.,1946
8147,Krótki.,1946
2116,Bajka.,1946
7799,I.,1946
3257,Muzyk pozwalać.,1946
3312,Prawo.,1946
8256,Lekcja obiekt.,1946
3872,Otwarty pogoda.,1946
3775,Metr szczyt.,1946
5991,Umożliwiać fragment.,1945
7700,Chmura.,1945
3631,Odkryć.,1945
6101,Bez uczyć się.,1945
4899,Rzymski.,1945
1088,Niebezpieczeństwo.,1945
471,Bawić Się osiem.,1944
7085,Wolno abugida.,1944
5203,Jednocześnie.,1944
1945,Służba głowa.,1944
8267,Kultura napisać.,1944
1698,Zrozumieć znajdować.,1944
7288,Kształt.,1943
9102,Dokonać pojęcie.,1943
9734,Hiszpański student.,1943
715,Napisać zazwyczaj.,1943
4216,Interes z.,1943
5945,Plecy na zewnątrz.,1943
5535,Finansowy południowy.,1943
5979,Następować.,1943
5113,Biedny krzesło.,1943
1121,Skończyć zaraz.,1943
6306,Szkodliwy mózg.,1942
6754,Wesoły.,1942
9999,Szanowny zawierać.,1942
2679,Południe kieszeń.,1942
3888,Płakać.,1942
6929,Łąka park.,1942
2084,Jakość działać.,1941
9963,Trwać wisieć.,1941
3129,Cierpienie rower.,1941
7814,Związek naturalny.,1941
5219,Fala nazwisko.,1941
3170,Myśleć.,1941
1030,Informacja.,1941
6073,Ojciec.,1940
4168,Ogromny słaby.,1940
8582,Wiara.,1939
5845,Poczta pięć.,1939
7989,Łatwo nowy.,1939
7316,Otworzyć przyjęcie.,1939
731,Sok osoba.,1939
729,Litera potrzeba.,1938
36,Intensywny.,1938
4764,Warunek.,1938
993,Zwyczaj.,1938
4909,Nagle nigdy.,1938
7052,Oddział.,1937
2805,Energia.,1937
2906,Włos.,1937
6362,Noga ruch.,1937
5705,Bieda pragnąć.,1937
7990,Często.,1937
7851,Urządzenie.,1936
7831,Jeszcze kuchnia.,1936
7946,Użycie krzesło.,1936
6688,Alfabet powodować.,1936
3640,Ciężki komputerowy.,1936
8948,Duński złożyć.,1936
5308,Zwrot masa.,1936
5693,Szlachetny.,1935
8892,Obszar.,1935
7115,Umiejętność.,1935
4249,Czerwiec lipiec.,1935
7636,Sąd.,1935
6036,Pod.,1934
5412,Rzeka szkoła.,1934
9832,Królowa.,1933
1361,Sylaba zamieszkiwać.,1933
651,Coś artysta.,1933
4011,Policzek użyć.,1933
8009,Bawić Się ukraiński.,1932
3950,Spór ciężki.,1932
5798,Wykonywać paliwo.,1932
1031,Obserwować.,1932
2869,Stół.,1932
8465,Bycie.,1932
4559,Odpowiedź kolega.,1931
3770,Dawno bajka.,1931
1635,Idea.,1930
2342,Powiedzieć bo.,1930
9890,Letni społeczeństwo.,1930
8526,Zachowywać Się impreza.,1930
7904,Zniszczyć zatoka.,1929
5075,Kierunek.,1929
8162,Siedemdziesiąt układ.,1929
8808,Metalowy.,1929
2302,Japonia jednak.,1929
3670,Czysty.,1929
9081,Złożyć wieś.,1929
7220,Utwór cebula.,1929
3903,Grzyb stacja.,1928
7716,Konstrukcja.,1927
9016,Np..,1927
5953,Zatrzymać Chrystus.,1927
1200,Taniec należy.,1927
8578,Banknot wiatr.,1927
8835,Skała.,1927
9533,Głupek.,1926
8078,Amerykański.,1926
9269,Kobiecy wytwarzać.,1926
4595,Wąski.,1926
8207,Żaden.,1926
7279,Lis państwo.,1925
4640,Wojna błąd.,1925
2501,Usuwać prawy.,1924
403,Dziedzina przyjechać.,1924
8894,Program.,1924
5989,Lipiec kontakt.,1923
3600,Polak grupa.,1923
1232,Program popularny.,1923
9559,Czysty zjawisko.,1922
5171,Teren w formie.,1922
6228,Wstyd ludzki.,1922
8539,Z Powodu tarcza.,1922
2199,Żona.,1922
9611,Klucz.,1921
615,40.,1921
5820,Blisko.,1921
2897,Mur.,1920
7875,Średniowieczny.,1920
4010,Przyjść złodziej.,1920
8970,Otwierać uczeń.,1919
5632,Na Przykład czwartek.,1919
7137,Wczesny.,1918
5552,90.,1918
9903,Barwa.,1918
2504,Błąd.,1917
7068,Siostra.,1917
7359,U założyć.,1917
4594,Pisanie suchy.,1917
7874,Włochy płakać.,1917
7550,Niechęć park.,1917
5381,Drewno drzewo.,1916
1110,Osoba po prostu.,1916
7788,Narodowość.,1915
2503,Lista.,1915
8174,2 fakt.,1915
2812,Lew.,1915
6517,Ślub.,1914
7329,Stopień.,1914
6436,Aktor u.,1914
7880,Koszt.,1914
704,No czynnik.,1914
8621,Krowa pierś.,1913
9394,Zajęcie.,1913
3583,Samiec.,1913
7503,Dzisiejszy lata.,1913
1481,Przyjąć.,1912
9209,Dobry widoczny.,1912
9114,Błąd.,1912
8176,Produkt tajemnica.,1911
9263,Budzić.,1911
9720,Muzyk starożytny.,1910
962,Jeździć.,1910
1268,Poważny one.,1910
118,Kościół 90.,1909
1228,Poprzez dzieło.,1909
2205,Wpływ ono.,1909
344,Szklanka.,1908
9937,Mózg ukraiński.,1908
418,Hotel uderzenie.,1908
1240,Poza.,1907
1478,Królestwo.,1906
3929,Kolacja.,1906
1685,Osiągnąć pojedynczy.,1906
3070,Jądro.,1906
7800,Spowodować ziemniak.,1905
2782,Ponieważ.,1905
4386,Egzamin zachowywać się.,1905
1764,Zwrot powiedzieć.,1905
570,Poza uzyskać.,1905
6336,Straszny znaczyć.,1905
2119,Radio piasek.,1904
6807,Moneta.,1904
5523,Seks podnosić.,1904
3967,Zdrowie.,1904
503,Skład.,1904
5421,Orzeł położony.,1903
7897,Ozdobny ludzki.,1902
8502,Operacja zima.,1902
2268,Religia.,1902
8043,Jesień kłaść.,1902
8602,Dzielnica rodzic.,1902
9206,Sos.,1902
3381,Styczeń.,1901
9911,Trudność 10.,1901
2220,Znowu Holandia.,1901
7032,Unia Europejska.,1901
5124,Autor równy.,1900
7751,Zakładać niski.,1900
9694,Organizacja.,1900
575,Karta.,1899
7202,Ozdoba szybki.,1898
1510,Państwo lista.,1898
1762,Polityczny masło.,1898
3522,Staw suma.,1897
5463,60.,1897
2337,Dania.,1897
8514,Pies.,1896
1649,Wieczór przyjąć.,1896
4841,Przedstawiać.,1896
5287,Poruszać Się.,1896
2835,Konstrukcja.,1896
469,Zdrowie.,1895
1796,Kanał.,1894
3278,Nigdy wschodni.,1894
935,Część szósty.,1894
2622,Robić.,1894
3774,Przypominać.,1894
6170,Narodowość.,1894
5629,Żółty jazda.,1894
4989,Dobro spokój.,1894
6154,Utwór Rosja.,1893
2045,Pomiędzy.,1892
9858,Postać plan.,1892
971,Zbudować odpowiedni.,1892
9814,Czterdzieści.,1892
802,Przemysł.,1891
8281,Prostytutka ósmy.,1891
3578,Jan.,1891
6669,Zboże.,1891
2133,Obywatel.,1890
3883,Dziewięć.,1889
8117,Wspólny wielkość.,1889
5377,Palić.,1888
9050,Bar.,1888
4994,Włos.,1888
2692,Ocena usuwać.,1888
7309,Go zawodowy.,1888
1723,Uważać społeczny.,1888
6601,Zupa.,1888
1558,Uczeń.,1887
1966,Odbywać Się.,1887
7736,Wspólnota podział.,1886
1324,Trzydzieści wilk.,1886
2644,Szkolny.,1886
1365,Los.,1885
9873,Wiek.,1885
77,Filozofia żelazo.,1885
3016,Uderzać.,1884
1233,Postać ciemny.,1884
2113,Pozycja.,1884
1072,Kostka.,1883
9736,Podstawowy.,1883
1982,Gaz.,1883
6412,Widoczny odkryć.,1883
8024,Nowy koło.,1883
5875,Hasło.,1883
4700,Cukier.,1882
6779,Przeprowadzać sieć.,1882
7969,Całość parlament.,1882
9174,Czas.,1882
1096,Minister wrogi.,1882
9393,Prezent.,1881
6151,Zima policzek.,1881
1379,Skłonność.,1881
2662,Scena nocny.,1881
1828,Świątynia.,1881
250,Naczynie.,1881
692,Filozofia.,1881
4099,Wyrób.,1880
63,Gęsty gotować.,1880
158,Zanim błąd.,1880
2016,Otwarty.,1880
6076,Pismo.,1880
2244,Wchodzić.,1879
4352,Szanowny.,1879
9034,Pytać.,1878
7376,Przyszłość.,1878
1873,Warstwa.,1878
5864,Muzyczny ciepły.,1878
9442,Piąty.,1877
8140,Nadawać.,1877
6758,Skala podobny.,1877
3293,Szkolny.,1877
8953,Otwierać.,1876
9936,Urodziny.,1876
1994,Powód nosić.,1875
1573,Dawać.,1875
3588,Studiować.,1875
1153,Umysł centrum.,1874
7589,Postać brzeg.,1873
7777,Ogół jaki.,1873
2935,Ciotka sprzedaż.,1873
5807,Policzek dziedzina.,1872
7519,Przerwa wioska.,1872
5226,Wybitny.,1871
9127,Cztery noc.,1871
4293,Gęś wywołać.,1871
4338,Okropny podłoga.,1871
3900,3.,1871
88,Pokarm pomoc.,1871
6174,Dodać odważny.,1870
7312,Górny.,1869
9893,Podróżować dość.,1869
413,Cel szeroki.,1868
3298,Moneta postępować.,1868
6838,Późny wyjść.,1867
96,Narząd.,1867
7048,Wolny podział.,1867
1908,Wchodzić.,1867
770,Treść.,1866
9449,Przeciwny polityk.,1865
6,Wybierać.,1865
2069,Wpływ.,1865
4549,Szyja ogon.,1865
6582,Jako towar.,1864
8406,Nieść do.,1864
4394,Idea raz.,1864
9450,Źródło.,1864
5827,Umrzeć.,1863
8282,Urząd.,1863
206,Rumunia zobaczyć.,1863
6395,Stanowić.,1862
8591,Jednocześnie jądro.,1861
7841,Kościół.,1861
1699,Umysł.,1860
3139,Pierś górski.,1859
5319,Bogaty pies.,1858
9950,Pan tańczyć.,1858
2965,Parlament.,1858
3711,Czyli.,1858
278,Mnóstwo lewy.,1858
6400,Średniowieczny.,1857
1281,Podróżować.,1857
6175,Daleko.,1857
280,Wpływ umieszczać.,1857
6080,Zmarły.,1857
2753,Spór.,1856
3685,Wyrażać.,1856
8504,Nikt skład.,1856
4644,W Kształcie.,1855
4132,Zrobić.,1855
556,Okolica.,1855
9902,Piętnaście.,1855
9364,Siedem.,1854
3850,Twój.,1854
139,Rzucać.,1853
4329,Strumień padać.,1853
4817,Czasem jesień.,1852
4646,Otwarty strach.,1852
1117,Bycie.,1852
2675,Suma.,1852
7232,?.,1852
2277,Obszar szary.,1852
3519,Armia.,1851
7256,Kij zazwyczaj.,1850
2439,Flaga dawać.,1849
1847,Zdrowy.,1849
3510,Dwa bar.,1848
4813,Niewielki.,1848
9395,Powinien.,1846
1262,Dokonać wesoły.,1846
3440,Różny decyzja.,1845
3898,Istnieć.,1845
1993,Wielkość.,1845
2587,Wspaniały szczególnie.,1845
2875,Praca.,1844
2264,Podnosić.,1844
5920,Dwudziesty również.,1843
886,Bić angielski.,1843
5309,Żart sprawa.,1843
3582,Kłaść przyjęcie.,1843
1682,Następować.,1842
6800,Przestępstwo herbata.,1842
1131,Ostry.,1841
3483,Łuk.,1841
4106,Poziom.,1840
4812,Gwałtowny.,1840
3106,Ocena czerwony.,1840
4312,Historia połączyć.,1840
4621,Wodny.,1840
5453,Znaleźć nadawać.,1839
6270,Miasto przyjść.,1839
3927,Organ bułgarski.,1838
2393,Nieść los.,1837
2633,Usługa sygnał.,1836
163,Nasz.,1835
7296,Kończyć.,1835
4618,Zdanie rozumieć.,1835
2867,Kraina.,1834
7867,Obywatelka nawet.,1834
3789,Osoba stać.,1833
6063,Kosz kość.,1832
2246,Słowacki wykonać.,1830
5340,Metoda zimny.,1830
915,Polityka.,1830
248,Zobaczyć.,1830
7920,Patrzeć.,1828
3671,Trzeba.,1828
6522,Sześć muzyk.,1827
8100,Ludzie.,1827
31,Ogród.,1826
2031,Wychodzić.,1826
1613,Wolny.,1826
4019,Kupować trudność.,1825
7538,Plac.,1825
9636,Kosztować.,1825
976,Koszula wspomnienie.,1824
8470,Polegać.,1824
2241,Wysokość.,1823
7351,Pamięć.,1823
299,Zbudować.,1822
5988,Morski.,1822
6934,Dostać Rosja.,1822
2479,Drzwi wiara.,1820
4692,Miejski.,1820
1808,Czerwony finansowy.,1819
5454,Wrogość pozbawić.,1818
1040,Klub kierunek.,1817
7537,Pojedynczy.,1817
1523,Współczesny.,1816
4062,Czytać zespół.,1815
1803,Ulegać około.,1814
6438,Pojedynczy rysunek.,1814
824,Przejść.,1814
3034,Administracyjny problem.,1814
6369,Równy.,1813
7416,Wiersz katolicki.,1813
5808,Wiedza.,1812
3435,Przynosić.,1810
3223,Na.,1809
4450,Kobiecy obóz.,1807
1985,Otworzyć istota.,1807
9078,Różowy.,1806
712,Pojazd.,1805
5165,Obok.,1805
154,Biskup punkt.,1805
6462,Krótki zmienić.,1802
6659,Kłopot potrzeba.,1801
5350,Popularny.,1801
5682,Włochy.,1800
1473,Powierzchnia.,1800
3680,Produkcja.,1798
2167,Przed nadzieja.,1798
4718,Trzydzieści przyjemny.,1798
5897,Żyd znaleźć.,1798
7690,Narkotyk kończyć.,1797
6576,Aktywny.,1797
7804,Blisko płakać.,1797
5531,Owca.,1796
9383,Rozmiar charakterystyczny.,1793
939,Rosja kolej.,1792
5061,Mama słoń.,1790
8313,Uzyskać zapis.,1789
2665,Pamiętać działalność.,1788
7923,Wywołać.,1788
3443,Przykład śpiewać.,1787
3721,Temperatura Holandia.,1787
9338,Październik wolny.,1787
6153,Zajmować Się.,1787
4945,Podnosić interes.,1787
1060,Organizm kolejny.,1786
7221,Zamiar specjalista.,1786
2480,Smutek polityczny.,1784
3083,Grecki narkotyk.,1783
7185,Egzamin zasada.,1783
8292,Region.,1782
3194,Łódź jedyny.,1781
4674,Atmosfera.,1781
355,Gatunek epoka.,1780
2960,Ząb rejon.,1780
8480,Klimat.,1779
9530,Efekt powód.,1779
9297,Pozwalać.,1779
9798,Ulegać.,1778
3996,Część energia.,1778
9856,Książę.,1777
6972,Matematyka.,1777
3706,Jabłko jazda.,1777
6623,Instrument.,1776
6976,9 bądź.,1776
7935,Ogon pełny.,1775
9058,Tam proszę.,1773
3402,Związek surowy.,1772
2697,Wymagać do.,1771
9687,Wiatr.,1771
7724,Powolny.,1769
3977,Obraz.,1769
396,Układ Okresowy.,1769
3382,Blady punkt.,1767
243,Prywatny.,1767
8042,Stacja.,1766
8831,Włochy początek.,1765
7952,Środa.,1764
7047,Aktor wątpliwość.,1764
5085,Barwa potrzebny.,1763
7006,Zarówno palić.,1762
5812,Dodatek.,1762
3629,Tylko.,1761
4431,Literatura.,1759
26,Decyzja pojęcie.,1758
1230,Płaski.,1757
6752,Taniec zająć.,1756
2968,Mały.,1755
8255,Wzdłuż.,1755
73,Figura 60.,1752
4873,Świadczyć miękki.,1752
8674,Podobny polski.,1751
6083,Cierpieć.,1751
356,Planeta czasownik.,1751
3151,Przynieść.,1749
6636,Kwiat.,1749
6616,Możliwość dokładny.,1746
5814,Płeć.,1745
8713,Rzucać.,1744
9945,Wujek bądź.,1743
8563,Iść.,1743
2583,Żywy dzięki.,1742
4668,Natychmiast.,1742
2398,Ośrodek wisieć.,1740
787,Chodzić.,1739
8227,Maj.,1739
7155,Jajo ludzki.,1737
10000,Niebo.,1733
5811,Występować.,1731
7344,Alfabet.,1729
9117,Starożytny kończyć.,1724
909,Rozpocząć czerwony.,1724
4911,Rzadko.,1720
6802,Dzisiaj brak.,1719
7698,Pierś.,1718
6497,Niezwykły.,1718
5475,Łuk.,1717
9312,Rolnik szereg.,1713
694,Osiem.,1713
1053,Doprowadzić.,1712
2262,Narząd.,1711
5352,Życie.,1707
3962,Holandia norma.,1706
9290,Maszyna kawałek.,1706
2373,Więcej Włochy.,1704
2484,Obiad.,1704
6125,Istotny.,1704
5008,Sądzić.,1702
2092,Wojskowy.,1702
9426,Zamieszkiwać zero.,1702
1758,Związany.,1701
1797,Ogromny dostać.,1700
7624,Liść mówić.,1699
601,Mieszkanie nadzieja.,1697
3819,Rosja.,1696
3688,Określony napój.,1694
3147,Umieszczać.,1693
6727,Szkło osioł.,1692
5913,Ciągnąć.,1691
7625,Badanie.,1691
2699,Źródło.,1690
113,W Postaci.,1690
1195,Zabawa.,1690
5911,Sukienka.,1690
8821,Sklep.,1687
952,Pragnienie Chrystus.,1686
3500,But niebezpieczny.,1685
7415,Drzwi ten sam.,1685
2285,Występować jeśli.,1684
690,Wada Słowacja.,1682
7470,Czyjś.,1679
6785,Wolno.,1677
5070,Jadalny niedziela.,1677
9644,(…) Kraków.,1675
9606,Niektóry.,1674
8032,Ściana towar.,1674
5182,Rzadko.,1672
5407,Zgodnie.,1671
5202,Obserwować wierzyć.,1671
5721,Udać Się próbować.,1671
7860,Zwyczaj.,1670
2191,Większość.,1669
9168,Komputer brat.,1669
4509,Wiek postać.,1668
2970,Np. chyba.,1665
6839,Obrót wywodzić się.,1665
9701,Użytkownik malować.,1665
5150,Staw.,1662
7629,Czuć szklanka.,1662
2432,Łóżko.,1661
4593,Trudno stado.,1661
8416,Komputerowy.,1661
4883,Postać.,1660
5127,Policjant szczyt.,1660
8019,Wszystek.,1659
3615,Przyrząd.,1658
5791,Wrogość.,1657
4800,Tysiąc plecy.,1656
871,Pozostać.,1654
5856,Burza lekarz.,1653
5120,Dziś forma.,1652
4973,Miejscowość.,1652
34,Kontynent.,1652
388,Uczucie pokonać.,1651
934,Bank.,1651
3662,Tłuszcz.,1651
8474,Wycieczka.,1650
2680,Farba.,1647
5204,A częściowo.,1643
8855,Ogół pieniądze.,1643
8475,Zasada plecy.,1643
2263,Litwa element.,1641
3489,Internetowy sportowy.,1640
9997,Z Krwi I Kości wrogość.,1639
8941,Własność staw.,1638
7535,Układ.,1638
7420,Jakby.,1637
7355,Po robotnik.,1636
5428,Pełnić współczesny.,1634
2156,Centralny.,1632
3168,Problem zabawa.,1631
854,Po.,1631
7299,Gdy.,1629
3060,Dziewięćdziesiąt.,1628
3911,Sto.,1625
65,Potrafić grób.,1623
3160,Brzuch.,1621
2321,Trawa.,1619
7270,Drobny.,1619
8942,Obóz szef.,1618
5221,Jej częściowo.,1618
6025,Zatrzymać powstanie.,1616
2292,Piękny muzyka.,1615
3955,Południe.,1615
5138,Wygrać.,1614
7472,Charakterystyczny.,1613
8607,Żelazo.,1613
2287,Święty.,1613
8708,Pięć fotografia.,1610
8254,Własny kosz.,1608
1692,Strój.,1607
1805,Księga podatek.,1607
2481,Znajdować Się u.,1607
5076,Brać.,1606
5649,Tworzyć zapis.,1606
1136,Kościelny.,1606
9346,Szef.,1604
8052,Który.,1604
9802,Wódka.,1604
6746,Pięć.,1603
7042,Sprawiać.,1602
4743,Mleko posiłek.,1599
3355,Dane lot.,1599
4712,Czuć grecki.,1599
7116,Wiadomość.,1599
734,Niszczyć zajęcie.,1599
8759,No.,1598
5370,Nasienie teraz.,1597
2688,Niebo.,1596
3919,Powstanie.,1596
8964,Płyta.,1596
4420,Sobie natura.,1596
2641,Moralny okazja.,1595
8780,Co dziewiąty.,1594
6572,Stworzyć śmiać się.,1592
3175,Miara.,1592
3833,Bogini.,1591
4074,Kot.,1590
7676,Fałszywy powstanie.,1589
3249,Obserwować.,1588
3021,Barwa.,1588
434,Wzrost.,1587
8853,Żaden.,1586
218,Napój.,1586
8738,Znaleźć.,1586
9634,Obiekt.,1585
1671,Kilka.,1585
180,Słoń sukienka.,1584
2814,Dialekt wiara.,1583
7704,Kula grać.,1583
7230,Grecja historia.,1582
3874,900 gwiazda.,1582
9641,Żart bo.,1581
5952,Dziewięćdziesiąt strefa.,1581
3958,Zima myśleć.,1580
4339,Tłuszcz powszechny.,1579
5168,Świecić.,1578
514,? igła.,1578
7493,Kult możliwy.,1577
4490,Dokument.,1576
1594,Kochać.,1576
4612,Zgadzać Się dzień.,1576
1511,Bo pracownik.,1575
9846,Palec grzyb.,1575
7188,Odbywać Się ty.,1574
5282,Trudność rząd.,1572
2011,Zakładać.,1572
6652,Tłumaczyć.,1570
9712,Zrozumieć.,1570
6480,Książka.,1570
5919,Pas.,1570
4892,Odzież.,1569
8584,Skończyć zwolennik.,1569
7215,Wątpliwość.,1569
4903,Pracować bok.,1569
7846,Nadmierny uciekać.,1568
5397,Zabawka.,1568
6760,Kaczka.,1567
9320,Dzisiejszy klucz.,1565
7030,Palić.,1564
6681,Elektryczny rozumieć.,1564
6685,Prosić.,1564
8000,Niebo.,1564
1470,Smutek.,1563
9632,Doskonały wada.,1562
9227,Śnieg.,1562
1458,Promień imię.,1561
7758,Czysty.,1561
2685,Zmęczony.,1561
9154,Przeciwnik.,1561
922,Być.,1561
6021,Sukces działalność.,1561
6478,Gniazdo wykorzystywać.,1560
1881,Podstawa właściciel.,1560
3650,Dodać wczesny.,1559
363,Położenie.,1559
7413,Japonia.,1558
8210,Lecz opieka.,1558
4196,Kościelny tkanina.,1557
4157,Czterdzieści.,1557
8498,Podział.,1557
2704,Dzieło.,1556
2565,Małżeństwo słodki.,1556
7324,Wystawa artystyczny.,1555
2946,Uczeń płyn.,1555
3843,Kość istotny.,1554
3283,W.,1554
1973,Odczuwać.,1554
6996,Przy sen.,1552
7440,Ulegać instrument.,1552
7977,Sala płeć.,1552
3991,Prędkość.,1551
9986,Ulica zmieniać.,1550
3339,Należeć dzisiaj.,1550
7728,Średniowieczny konflikt.,1550
1315,Lekki przeciwko.,1550
3526,Kwestia tu.,1549
6180,Prosić ciemność.,1549
8305,Król nie-.,1549
8653,Potrzebny.,1548
2374,Płaszcz.,1547
9323,Wzrost.,1547
7345,Przypominać.,1547
2280,Żywy.,1546
3398,Stawać Się.,1546
3091,Piotr godny.,1545
4128,Pismo.,1545
6118,Zdolny urząd.,1545
979,Obraz pozwalać.,1545
2120,Sztuczny.,1544
4999,Wola szlachetny.,1543
6513,Trwały widoczny.,1543
2729,Anglia firma.,1543
2650,Pojawić Się karta.,1542
6110,Holandia.,1542
4498,Zajmować przyjąć.,1541
665,Trudność mój.,1540
8068,Wyraz.,1539
9262,Zapomnieć pomysł.,1539
7060,Główny ksiądz.,1539
5271,Dźwięk centrum.,1539
5423,Dziewiąty.,1538
1759,Rzecz.,1537
9255,Położenie medycyna.,1537
7699,Większy traktować.,1537
5452,Dostać.,1537
6446,Żywność.,1535
7565,Sygnał letni.,1535
7556,Na.,1535
1732,Chiński źródło.,1534
8518,Ciotka.,1534
9738,Własny wykorzystywać.,1534
7336,Dobrze.,1534
9804,Zdarzenie zaczynać.,1533
1818,Jabłko.,1532
5078,Waga młody.,1531
3589,— czyjś.,1531
8797,Wejść 20.,1530
6899,Słyszeć bogaty.,1530
6905,Pewien żołnierz.,1529
2283,Motyl.,1529
4696,Małpa przyjaciel.,1529
1744,Oddział.,1529
4188,Pogląd związać.,1528
3584,Złożyć.,1528
4582,Gdzie.,1528
6117,Budowla sukces.,1528
6526,Królestwo.,1527
9212,Karta.,1527
6015,Ponownie.,1527
8725,Radość wrogi.,1527
8419,Korzyść chrześcijański.,1527
1858,Łagodny.,1526
4047,Przyjmować.,1526
500,Katolicki południowy.,1526
6864,Grać.,1525
3602,Ładny.,1525
6804,Ćwiczenie gospodarczy.,1524
2671,Więc.,1523
1046,Koszula dziś.,1523
8149,Cena wolno.,1523
1213,Dokument dar.,1523
2986,Sukienka rola.,1522
7092,Naprawdę słaby.,1522
7798,Polegać.,1522
2343,Świecić szkolny.,1522
1866,Telewizyjny.,1522
3023,Uczyć.,1521
4755,Naczynie.,1520
2333,Mi szczyt.,1520
3533,Kraina praca.,1520
3547,Zeszły.,1520
1946,Dziadek.,1520
3960,Zielony różnica.,1519
4623,Dzisiejszy firma.,1519
5019,Powód.,1519
4805,Cierpienie.,1518
4814,Wartość.,1518
1160,Panna.,1518
2912,Łatwo zajęcie.,1518
7557,Dyrektor.,1517
8073,Waga.,1517
7222,Żywność narodowy.,1517
4267,Farba księga.,1517
2037,Ślad mi.,1517
6770,Parlament.,1516
4947,Jedynie budowla.,1515
7163,Opisać wioska.,1515
2427,Wykonywanie zobaczyć.,1514
3546,Środek Afryka.,1513
3859,Jeździć.,1512
2208,Spotkanie miejsce.,1512
5511,Trzydziesty (…).,1512
2643,Położyć.,1512
8067,Studia napisać.,1511
6627,Kawa katastrofa.,1511
1435,Azja.,1511
5937,Możliwość.,1511
8766,Rachunek serce.,1510
9374,Centrum miłość.,1510
8188,Poziom założyć.,1510
3518,Nagle przez.,1510
7331,Cień źle.,1509
6854,Przez opłata.,1508
7290,Zamknąć.,1508
6584,Naukowiec.,1507
1066,Tor.,1507
2358,Waga.,1506
9653,Spaść średni.,1506
8288,Artykuł noga.,1505
7354,Żywność.,1505
6675,Robotnik zewnętrzny.,1505
1025,Ten.,1505
2670,Cesarz.,1505
4639,Pomarańczowy.,1503
8837,80.,1503
2668,Śnieg list.,1503
7725,Akcja miłość.,1503
15,30 tajemnica.,1503
7471,Złodziej strefa.,1502
2330,Zdjęcie pan.,1502
1223,Polak.,1502
1203,Mężczyzna kolumna.,1502
8103,Pisanie seksualny.,1502
4358,Królewski.,1502
4783,Powinien ślub.,1501
1729,Trudność.,1501
343,Bawić Się mięsień.,1501
4542,Poeta.,1501
9604,Wewnętrzny.,1501
6097,Zachodni dawno.,1500
6332,Głowa.,1500
2100,Nagły.,1500
3916,Rodowity wzrost.,1499
3616,Przejaw.,1499
2596,Kolumna samochodowy.,1499
6870,Liczyć farba.,1499
5884,Czapka.,1499
335,Rok szkolny.,1498
7004,Kurs państwowy.,1498
1659,Wiedzieć.,1498
9251,Wszystko.,1498
761,Pożar chyba.,1498
9664,Skończyć kość.,1498
724,Utwór stawać się.,1497
4982,Ogon.,1497
4858,Byk padać.,1497
7370,Klasztor konflikt.,1497
462,Projekt.,1497
6987,Błoto drugi.,1496
7110,Pieniądz pojazd.,1496
4592,Większość.,1495
8737,Istota.,1495
2036,Trzy rozmiar.,1495
857,Kawałek.,1495
5907,Przejść trawa.,1495
4237,Strój działanie.,1494
5485,Litera.,1494
4548,Opuścić rodzaj.,1494
6450,Przeciwko my.,1493
3467,Królewski sprzedaż.,1492
7255,Dany grunt.,1492
8992,Ciecz zajmować się.,1492
14,Publiczny kara.,1492
7112,Włochy dziecięcy.,1491
129,Chory profesor.,1491
8410,Ze artystyczny.,1491
7424,Wejść.,1491
9476,Pewien lato.,1490
3389,Materiał umieścić.,1490
9803,Sygnał gdzie.,1489
9296,Odważny bliski.,1489
8742,W Kształcie.,1489
2703,Ale.,1489
632,Odpowiadać program.,1489
7950,!.,1488
5656,Obywatelka.,1488
5239,Relacja bilet.,1488
127,Mały.,1487
1487,Krótki.,1487
1776,Liczny pytanie.,1486
230,Styl odczuwać.,1486
433,Rynek urodzić się.,1486
2860,Osiemdziesiąt most.,1486
8841,Wejście.,1486
6922,Urządzenie tytoń.,1486
5194,Dania rzucać.,1486
5792,Punkt.,1485
2900,Pozbawić.,1485
6617,Podstawowy napisać.,1485
4032,Żołnierz określenie.,1485
709,Bardzo oczywiście.,1484
7156,Rzadki.,1483
5315,Babcia.,1483
2943,Chłopiec.,1483
1743,Szczególnie wykonywać.,1483
3486,Gęsty pragnienie.,1483
961,?.,1482
8856,Jutro.,1482
1391,Okno.,1482
5041,Rzadko lód.,1482
3862,Męski dziki.,1482
5436,Ładny pacjent.,1482
7585,Cesarz.,1482
6103,Pomarańcza.,1482
6434,Pamiętać.,1480
6079,Teoria.,1480
9766,Przyjęcie.,1480
5259,Kłaść wszyscy.,1480
5866,Nazwa piąty.,1479
9466,Australia.,1479
1000,Ziarno.,1479
6978,Przemysł.,1478
7619,Jezus duży.,1478
4023,Kara lewy.,1478
7838,Przeszłość dolny.,1478
9076,Rosja.,1478
124,Pierwiastek dawać.,1478
5429,Lód.,1478
4512,Wiadomość miasto.,1478
4063,Przyszłość.,1477
1089,Słoń.,1477
7956,Nad pracownik.,1477
5445,Ustawa.,1477
4601,Musieć prąd.,1476
7217,Chwila temat.,1476
8213,Wiosna seksualny.,1476
3601,Sok lista.,1475
941,Zniszczyć.,1475
5640,Znać.,1475
8764,Okręt gęsty.,1475
6823,Tył złożony.,1475
7536,Dziesięć komórka.,1475
2824,Kolejowy.,1475
150,Zainteresowanie kościół.,1474
1842,Trzeba.,1474
1898,Krok pracownik.,1474
8833,Szczęście.,1474
8846,Zamiar odpowiedni.,1474
4628,Świecić.,1473
1504,Naukowiec.,1473
2592,Adres.,1472
9040,Zgodny słuchać.,1472
2726,Zamiar.,1472
6761,Słońce pierwiastek chemiczny.,1472
3684,Gałąź zamiar.,1472
3714,Zwolennik teoria.,1471
2297,60 30.,1471
9031,Żart pierś.,1471
8302,Klucz działalność.,1470
4303,Pomarańcza arabski.,1470
1189,Czoło rzymski.,1470
4472,Wywodzić Się amerykański.,1470
9086,Również rola.,1470
7489,Kilka hałas.,1470
5958,Warzywo.,1470
6662,Chronić.,1470
5544,One.,1470
3275,Pozwalać.,1469
8664,Czynić patrzeć.,1469
8457,Wczesny nic.,1468
5060,W.,1468
8815,Jakiś średniowieczny.,1468
4410,Znany.,1467
350,Nos.,1467
4362,Tor smak.,1467
244,Pająk.,1466
9714,Ludzki.,1466
6367,Chęć.,1466
9578,Stawać Się wychodzić.,1466
4929,Układ gołąb.,1466
5399,Ptak czekać.,1465
60,Sposób.,1465
2414,Włoski błoto.,1465
1969,Litwa wojna.,1465
8014,Więzienie użycie.,1464
4641,Kochać leczenie.,1464
1024,Chronić uważać.,1464
1914,Wewnętrzny.,1464
478,Dany powinien.,1464
3516,List instrument.,1463
4465,Czekać dziedzina.,1463
9944,Społeczny religijny.,1463
5222,Rozwiązanie.,1463
5206,Ukraiński.,1463
7090,Czuć.,1463
9467,Dwa bliski.,1463
6853,Właściwy imię.,1463
2062,Stół.,1463
3057,Droga.,1462
592,R..,1462
3785,Człowiek umieć.,1462
1241,Wróg gdyby.,1462
8867,Międzynarodowy.,1461
707,Pozbawić reguła.,1461
2076,Działać.,1461
5699,Fizyczny.,1461
2518,Płeć.,1461
1545,Nic zegar.,1461
736,Organizacja.,1460
2978,Skala trzydzieści.,1459
2161,Brudny umysł.,1459
1020,Umiejętność.,1459
2765,Cecha przyjemny.,1459
6841,Trzydzieści kosztować.,1459
1928,Dla.,1459
6020,Hiszpański.,1458
5266,Skłonność zobaczyć.,1458
9952,Powodować.,1458
3119,Jadalny szyja.,1458
6610,Słowacja Polska.,1458
6849,Pomidor.,1457
6941,Byk pierwiastek chemiczny.,1457
4346,Sztuka szybki.,1457
412,Układ Okresowy.,1457
9017,Wóz mąż.,1457
1205,Angielski młody.,1457
151,Ojciec.,1456
6453,Wysyłać słodki.,1456
178,Wrogość.,1456
8260,Gazeta połączyć.,1456
7530,Indie.,1456
809,Owoc.,1455
2303,Siebie.,1455
7193,Teraz koń.,1455
3846,Kierować.,1455
6630,Pozbawić.,1455
6351,Sylaba ogólny.,1454
3553,Południe.,1454
2323,Złodziej dziecko.,1454
4026,—.,1454
1661,Brzydki wysłać.,1454
9817,Dać Się usta.,1454
3660,Z Krwi I Kości wcześnie.,1454
6009,Dzielić trzymać.,1453
1710,Kupić.,1453
5964,Grunt poznać.,1453
3611,Słodki piłka.,1453
8844,Zbyt.,1453
3551,Lecieć.,1453
9909,Skała.,1453
8430,Ty sześć.,1453
2538,Wyrażenie.,1452
9068,Tysiąc.,1452
1595,Śpiewać głównie.,1452
7363,Bezpośrednio.,1452
1792,3 nad.,1452
1712,Uchodzić.,1452
9324,Czyn rzeczownik.,1452
428,Cierpienie słońce.,1451
2775,Róża.,1451
5104,Urodziny papież.,1451
2620,Przestrzeń.,1451
7943,Oś zajmować.,1451
6867,Sobota gdy.,1451
8143,Materiał.,1451
8879,Potrafić.,1450
7179,Zupełnie.,1450
6203,Obraz przyjść.,1450
6473,Wyrażać.,1450
599,Otrzymać.,1450
6595,Skutek.,1450
5077,Gorący.,1449
9187,Dziewięć.,1449
5854,Samochód dziewięć.,1449
4435,Ciepły.,1449
4133,Barwa jakość.,1449
940,Usługa skłonność.,1449
9441,Zamek lato.,1448
1811,Związany ludzie.,1448
4438,Męski zdobyć.,1448
565,Uchodzić.,1448
7304,Wybitny.,1448
863,Sztuka król.,1448
6316,Rosyjski.,1448
4686,Nauczycielka.,1447
5623,Kontynent orzeł.,1447
2693,Raz.,1447
5647,Naj- gałąź.,1447
9170,Zupa.,1447
4898,Czekać też.,1447
8274,Przejaw radio.,1446
1229,Hotel.,1446
3561,Inny wewnątrz.,1446
8234,Następować istotny.,1446
3078,Park domowy.,1446
6933,Czysty.,1446
1035,Sportowy.,1445
7180,Zgoda.,1445
8402,Majuskuła kara.,1445
6882,Ciecz.,1445
9113,Pamiętać.,1445
3761,-.,1444
986,Ostry szlachetny.,1444
7373,Męski wstyd.,1444
9510,Plaża skutek.,1444
237,Gwiazdozbiór przeprowadzać.,1444
5643,Izrael spaść.,1443
3128,Pewny ślub.,1443
6579,Uprawiać lipiec.,1443
2160,Postać tkanina.,1443
3379,Muzyk uznawać.,1443
5934,Przedstawiać.,1442
5318,Krok bogaty.,1442
9942,Brudny Niemiec.,1442
6772,Ciężki ofiara.,1442
1469,Alkohol.,1442
4881,Odwaga.,1441
1352,Łaciński.,1441
4353,Postać żołnierz.,1441
5894,System jądro.,1440
997,Bilet.,1440
6252,Stopień wczesny.,1440
1064,Wioska.,1440
9444,Mądry jeździć.,1440
3727,Mąka pojedynczy.,1440
2892,Handlowy.,1440
3299,Otrzymać ziemniak.,1440
7239,Spadek trzy.,1440
2883,Mieć.,1439
1209,Stacja jadalny.,1439
6372,Według sąd.,1439
6026,Piątek.,1439
9011,Pierwiastek Chemiczny.,1439
1742,Chrześcijański wybór.,1439
8119,Węgry.,1439
8485,Chwila.,1439
4181,Wiedzieć drugi.,1438
8721,Los jednostka.,1438
879,Futro przyjęcie.,1438
5518,Stacja okolica.,1438
8431,Składać głos.,1438
1100,Budować.,1438
8175,Się.,1438
5728,Sąsiad spokojny.,1437
4234,Oddawać może.,1437
2140,Ręka znaleźć.,1437
4415,Artystyczny.,1437
3098,Przed przyjęcie.,1437
1907,Źródło.,1436
5744,Użytkownik.,1436
4115,Efekt.,1436
2848,Tamten rejon.,1436
9348,Znaczyć rozumieć.,1436
8938,Herb.,1436
6911,Administracyjny.,1435
8647,Przyjaciel.,1435
4160,Produkt.,1435
2186,Sok.,1434
422,Francuski odnosić się.,1434
1687,Szybki.,1434
5224,Rano kolejowy.,1434
972,Nagły.,1434
3517,Seksualny.,1434
3488,Powieść.,1433
1875,Dopływ północny.,1433
5835,Sobota.,1433
2961,Ciężki.,1433
529,Pragnienie turecki.,1433
9822,Sądowy.,1433
3280,Studiować republika.,1433
2694,Herb.,1433
7069,Pragnienie jednak.,1433
8393,Niewolnik.,1433
4967,900.,1433
9569,Okrągły.,1432
8289,Zbudować szczęście.,1432
6940,Gospodarka.,1432
6713,Droga przygotowywać.,1432
8900,Układ w postaci.,1431
5002,Dotyczyć minuskuła.,1431
9341,Nastrój tradycja.,1431
985,Anioł kłopot.,1431
9565,Telefon.,1431
2049,Policjant żaden.,1431
2767,Zabawa.,1430
4950,Znaleźć.,1430
3061,Głos prowadzić.,1430
1665,Właściciel.,1430
8986,Oni ból.,1430
6208,Zwykle transport.,1429
7734,Doskonały duży.,1429
8682,60.,1429
2681,Seksualny wisieć.,1429
8669,Literacki.,1429
2623,Dwa.,1429
9824,Zaś.,1429
2657,Pusty Izrael.,1428
959,Lato.,1428
3758,Siedemdziesiąt metal.,1428
8715,Jeszcze.,1427
2146,Piętnaście nazwa.,1427
2422,Dach.,1427
3471,Barwa.,1427
7903,Spotkanie.,1427
4792,Zadanie.,1427
6238,Mocny wielkość.,1426
8748,Tracić.,1426
4045,Zamieszkiwać.,1426
5479,Wywoływać ósmy.,1426
6328,Warunek mama.,1425
3590,Opowiadać rzymski.,1425
1793,Drużyna terytorium.,1425
5887,Iść.,1425
3536,Żeby.,1425
4275,Koza wiedzieć.,1424
9547,Podać.,1424
8201,Dostać Pan.,1424
7178,Kończyć uprawiać.,1424
8873,Lewy.,1424
176,Ocean rodzaj.,1424
3634,Przeprowadzać.,1424
5017,Znów.,1424
8114,Wzgórze.,1423
1559,Wyłącznie.,1423
3658,Nosić.,1423
740,Postępowanie potrawa.,1423
9669,Wypowiedź.,1423
1517,Banknot niż.,1423
2234,Sierpień dusza.,1423
7308,Narodowy pełen.,1423
5103,Wy rząd.,1423
1343,Obywatel.,1422
4884,Wrócić właściwy.,1422
7361,Zaś należeć.,1422
5747,Internetowy.,1422
7520,Policzek wielki.,1422
3709,Pokój.,1421
5706,Papieros nazwisko.,1421
6778,Pokazywać.,1421
1867,Wartość dowód.,1421
924,Przeprowadzać.,1421
5641,Zobaczyć biały.,1421
2097,Początek dolina.,1421
6915,Mebel.,1421
8561,Środowisko roślina.,1420
930,Panna rana.,1420
6386,Słoneczny dużo.,1420
7820,Mocz kaczka.,1420
9397,Wejście temat.,1419
4324,Południowy płyn.,1419
5159,Konstrukcja działać.,1419
2410,Sprzęt.,1418
1400,Kilka.,1418
8875,Pojęcie trawa.,1418
1113,Azja.,1418
9961,Fakt wydawać się.,1418
5001,Gazeta.,1418
978,Babka.,1418
5053,Dach.,1418
4299,Pogoda.,1417
937,Stosować.,1417
4672,Dzisiaj rosnąć.,1417
4266,Hasło.,1417
1652,Wykonać przyczyna.,1417
3127,Seks.,1417
276,Kura ogólny.,1417
3466,Gęsty trwać.,1417
313,Stawiać.,1416
2649,Kot.,1416
6048,Dwanaście.,1416
4926,Pomarańcza nic.,1415
4439,Zaś.,1415
260,Wątpliwość nagły.,1415
1601,Stały ocena.,1415
8897,Dzielnica.,1414
4090,Prostytutka.,1414
2203,Polityka ty.,1414
7465,Las pójść.,1413
8751,Chronić.,1413
1001,Kapelusz.,1413
4778,Prawda powierzchnia.,1413
7902,Gardło.,1413
9593,Aby.,1412
9100,Dać Się 90.,1412
7385,Pozbawić.,1412
7105,Budować.,1412
9610,Związany osoba.,1412
7044,Gałąź.,1412
6946,Oczywiście.,1412
6597,Świątynia okoliczność.,1412
3666,Kino oddać.,1412
6725,Charakterystyczny dlatego.,1412
6227,Koło wschodni.,1411
9673,Afganistan.,1411
4494,Kapelusz niebo.,1410
2768,Ludzie spokój.,1410
567,Wierny.,1410
1933,Wąż pogoda.,1410
5928,Powinien zeszły.,1410
9089,Szwajcaria.,1410
6258,Posługiwać Się dzisiaj.,1410
5369,Śpiewać.,1410
2085,Ogród niski.,1409
6495,Wilk jakby.,1409
6518,Uciec ciasto.,1409
7805,Ogromny.,1409
9377,Stały.,1409
6631,Gra.,1409
8319,Pokonać.,1409
6429,Tablica każdy.,1408
9499,Gwałtowny.,1408
6214,Podłoga koza.,1408
2549,Terytorium.,1408
5430,Państwowy kuchnia.,1408
368,Pojęcie.,1407
3079,Kiedyś cień.,1407
7963,Opuścić.,1407
5305,Mistrz leżeć.,1407
7689,Odpowiedź.,1407
4702,Problem dużo.,1407
3949,Chłopiec ból.,1407
2755,Przedsiębiorstwo lekki.,1406
3496,U opisać.,1406
826,Ozdobny.,1406
9000,Gospodarczy.,1406
6599,Opowiadać ciężki.,1406
5005,Ogół.,1406
6810,O pożar.,1405
5674,Niemiec wioska.,1405
7893,Stały.,1405
3261,Zima o.,1405
4851,Sztuka zaufanie.,1405
932,Finansowy.,1405
9807,Spaść.,1405
5437,Ale.,1405
5021,Poprzedni średniowieczny.,1405
8874,Zapach.,1404
9662,Inny.,1404
2034,Prostytutka świątynia.,1404
6122,Łaciński.,1404
8757,Metalowy.,1404
1717,Jakiś łaciński.,1404
7394,Uczyć.,1404
5541,Wyjście.,1404
5498,Ciemność dzisiaj.,1403
461,Bezpieczeństwo.,1403
2359,Kanał.,1403
7389,Okres.,1403
1308,Traktować.,1402
9425,Kupować środek.,1402
5863,Wieś.,1402
3816,Zdobyć.,1402
4772,0.,1401
7461,Związać.,1401
2128,Jeszcze osiemdziesiąt.,1401
9704,Hotel.,1401
222,Tutaj.,1401
8029,Obszar suma.,1401
9092,Syn specjalista.,1401
2055,Uderzyć.,1400
9245,Koszt.,1400
5155,Śmiać Się dodatek.,1400
1063,Dać Się.,1400
9776,Umieścić hałas.,1400
8462,Obserwować umieścić.,1400
3622,Otoczenie niewielki.,1399
1616,Ponieważ.,1399
7206,Składać.,1399
7801,Palić.,1399
3568,Wyłącznie powierzchnia.,1399
9132,Sowa.,1399
3042,Król inny.,1399
6176,Prowincja.,1398
9869,Jedynie.,1398
7438,Kolejny.,1398
8466,Pragnąć.,1398
9321,Pan teoria.,1398
5260,Otwór.,1398
8910,Problem klub.,1398
3975,Tłum minuta.,1397
6697,Przyszły.,1397
2051,Gardło.,1397
8048,Ktoś.,1397
3368,Księga szereg.,1396
8788,Duński.,1396
9405,Słaby.,1396
9872,Książę plac.,1396
2476,Drogi obserwować.,1395
1196,Pierwiastek Chemiczny.,1394
16,Delikatny godzina.,1394
9098,Podróżować.,1394
4720,Wiersz.,1393
2672,Port.,1393
9218,Otaczać.,1393
6248,Przyjaźń wróg.,1393
1411,Tani.,1392
7014,Szef.,1392
8927,Północ.,1392
4597,Właściwy.,1392
5918,Artysta kino.,1392
440,Bliski.,1392
9894,Most zainteresowanie.,1392
698,Osiem.,1391
5211,Czoło i.,1391
8761,Urodzić Się.,1391
5570,Umiejętność babka.,1391
149,Zawsze.,1391
1190,Niektóry.,1391
6557,Wierny.,1391
6314,Mierzyć.,1390
4922,Panować.,1390
641,Zamek.,1390
9025,Szyja.,1390
3834,Hodować.,1390
3140,Inny.,1390
3009,Lotnisko.,1390
1876,Córka USA.,1390
7710,Zawodnik mądry.,1390
2521,Powodować.,1390
1102,Ta.,1389
3193,Reguła małżeństwo.,1389
507,Żołądek.,1389
1636,Kościół.,1389
1123,Miejski komputer.,1389
6587,Zwrot.,1388
7953,Brzeg zachodni.,1388
2112,Zachowanie właściwość.,1388
20,Walczyć wysyłać.,1388
4774,Jedynie.,1388
6470,Nadzieja.,1387
8170,Wysoko godzina.,1387
6748,Narodowość.,1387
6589,Przestrzeń.,1387
9049,Stado liczny.,1387
2470,Itp..,1386
1496,Ci by.,1386
1490,Przeprowadzać.,1386
2348,Stanowisko.,1386
3978,Profesor.,1386
9706,Kartka.,1386
5492,Wątpliwość.,1385
6634,Należeć sztuczny.,1385
4981,Poważny.,1385
91,Muzyk.,1385
3239,Dlaczego zawierać.,1385
3158,Przeszłość cel.,1385
640,Mieszkanie wspólny.,1384
8718,Litwa piłka.,1384
2466,Wino gospodarka.,1384
7835,Np..,1384
619,W Kształcie.,1384
611,Owad nóż.,1384
6876,Żaden.,1384
6383,Pacjent dane.,1384
2510,Fizyczny kawałek.,1383
6621,Liczba bogactwo.,1383
4875,Mierzyć jeszcze.,1383
8215,Transport.,1383
4925,Fotografia węgiel.,1383
5020,Głęboki.,1382
7866,Organizm korzystać.,1382
3217,Narodowy.,1382
3330,Nos sąsiad.,1382
8062,Żyd część.,1382
1305,Herbata.,1381
5627,Lek.,1381
6869,Grupa jajo.,1381
2971,Poruszać Się.,1381
6822,Brązowy wchodzić.,1381
5293,Przyprawa tarcza.,1381
2553,Zwierzę.,1381
742,Wysokość.,1381
681,Poprzez klient.,1380
2664,Śmiech gniazdo.,1380
2020,Pozwalać.,1380
349,Składać.,1380
5985,Polityk partia.,1380
5527,Wywoływać żona.,1380
1880,Dziadek teoria.,1380
7396,Ojciec.,1380
8391,Komórka sprzedawać.,1380
9202,Połączyć.,1379
4248,Lina ściana.,1379
1420,Gleba.,1379
3830,Wisieć.,1379
8588,Cienki blisko.,1379
2143,Szanowny godzina.,1379
3322,Szef.,1379
4014,Wielki otaczać.,1379
5401,Świeży.,1379
1161,Każdy.,1378
5960,Oraz.,1378
7318,Oglądać w celu.,1378
4320,Czechy archipelag.,1378
1853,Dźwięk.,1378
4471,Pokazywać nos.,1378
4166,Półwysep.,1377
8823,Proszę.,1377
1697,Trwać wyjść.,1377
8843,Jedzenie.,1376
3446,Dorosły fala.,1376
3791,Las urodzić.,1376
964,Dokument.,1376
9439,System jaki.,1376
2086,Egipt.,1376
451,Trzeba sierpień.,1375
5009,Lustro.,1375
2991,Studia wyłącznie.,1374
7916,Postawić.,1374
786,Aby.,1374
8774,Wreszcie brać.,1374
8294,Mowa.,1374
3982,Kino atak.,1373
637,Jako.,1373
4988,Gorączka lustro.,1373
7391,Niż teren.,1373
4080,Moralny.,1373
6146,Armia zbiór.,1372
3074,Pomarańcza owca.,1372
7411,Nie Ma.,1372
8347,Odległość ponownie.,1372
2305,(…).,1372
7141,Biały.,1371
2370,Okrągły.,1371
9779,Korona sierpień.,1371
7766,Sowa atak.,1371
5151,Stół.,1371
9022,Polski.,1370
8341,Miasto.,1370
3245,Godzina.,1370
175,Podać.,1370
8020,Tysiąc.,1369
8789,Wiele biblioteka.,1369
878,Przejść siostra.,1369
5090,Potrzebny.,1369
1634,Otrzymać godzina.,1369
817,Wisieć.,1368
8580,Połączyć.,1368
6593,Uczucie.,1368
3956,Kłopot.,1368
3780,Choroba kieszeń.,1368
6567,Uderzenie.,1368
1666,Nazywać przestępstwo.,1368
7384,Znaczyć.,1368
5521,Właściwy właśnie.,1367
5300,Poważny powodować.,1367
6291,Graniczyć kiedy.,1367
7994,Dotyczyć po.,1367
2714,Ku gęś.,1367
9795,Sąsiad.,1367
3331,Dodawać lub.,1367
9023,Gotowy.,1367
7168,Matematyka.,1367
3707,Ludność.,1366
6892,Wytwarzać 1.,1366
1284,Jedzenie.,1366
9989,Jednostka w ciągu.,1366
5605,Nieść.,1366
1531,Umieć Jezus.,1366
653,Ładny.,1366
1436,Ludzki cześć.,1365
8870,Gaz.,1365
7362,Tłumaczyć technika.,1365
4608,Sport przyszły.,1365
8340,Plan.,1365
4210,Pieniądze leczenie.,1365
5459,Barwa.,1365
1694,Pole śmiech.,1365
3659,Zboże zniszczyć.,1365
1872,Tworzyć.,1365
6311,Zamykać.,1365
936,Wybuch tworzyć.,1365
6888,Tablica zamiast.,1365
7335,Położenie uczyć.,1365
5606,Muzyk.,1365
4112,Posługiwać Się.,1364
1341,Pomoc szybki.,1364
1177,Sprzęt.,1364
5038,Całkowity tydzień.,1364
5030,Fragment 3.,1364
7584,Bóg.,1364
2760,Australia.,1363
5481,Mąka.,1363
1860,Akcja.,1363
3720,Znaleźć.,1363
7034,Koniec.,1363
5095,Pomoc panna.,1363
9575,Górski siła.,1362
9513,Bać Się tył.,1362
8827,Interes niewielki.,1362
2376,Biblioteka mowa.,1362
89,Wejście pytać.,1362
4071,Butelka system.,1362
7315,Lustro.,1361
6995,Relacja prawny.,1361
9250,Kierunek.,1361
9035,Okolica napisać.,1361
2977,Problem.,1361
612,Znaczenie.,1361
990,Środa rejon.,1360
7103,Roślina.,1360
1412,Czyn otoczenie.,1360
8479,Obejmować zainteresowanie.,1360
4298,Przyjąć stać.,1360
9579,Niech kobiecy.,1360
4300,Układ Okresowy 80.,1360
345,Jedzenie.,1359
8211,Pierwiastek Chemiczny krew.,1359
8163,Australia.,1359
6468,Przyjęcie.,1359
86,Ponieważ siostra.,1359
9182,Zaczynać przedmiot.,1359
693,Daleko.,1358
5238,Robotnik.,1358
568,Wóz poeta.,1358
5562,Odzież spotkać.,1358
6833,Ładny.,1358
198,Bóg dotyczyć.,1358
942,Typ.,1358
8192,Ludzki nauczycielka.,1358
7896,Dziwny otwarty.,1358
9991,Burza zabawka.,1357
5512,Obszar.,1357
314,Niemiecki mądry.,1357
6405,Zabawka.,1357
7417,Uznawać.,1357
1582,Co mięso.,1357
1745,Zachodni figura.,1357
6067,Państwo.,1357
5348,Pogoda.,1356
4555,Pierwiastek.,1356
7847,Oni noga.,1356
4821,Mózg.,1356
9810,Jej seksualny.,1355
9213,Oczywiście.,1355
6216,Cały.,1355
8089,Instytucja dach.,1355
2951,Za korzyść.,1355
3136,Niewolnik.,1354
9819,Może.,1354
5446,Mięso.,1353
6147,Stawać Się firma.,1353
9544,Bóg kość.,1353
5696,Długość adres.,1353
3905,Otwarty.,1353
4452,Jajo częściowo.,1352
4257,Dłoń matematyka.,1352
29,Wesoły ludowy.,1352
6354,Parlament.,1352
6619,Zawodnik słodki.,1351
5147,Scena tańczyć.,1351
1480,Siebie graniczyć.,1351
3942,Pasek coś.,1351
3799,Listopad skóra.,1350
3111,Ogólny.,1350
1204,Obcy szary.,1350
6930,Chronić.,1350
6674,Usługa Ameryka.,1350
6370,Czyn mąż.,1350
3377,Wtorek.,1350
1826,Przyjąć.,1350
405,Pająk.,1350
1367,Tajemnica możliwy.,1349
1104,Przed.,1349
1542,Biskup.,1349
7020,Rysunek.,1348
8701,Bok dziesięć.,1348
159,Pięćdziesiąt niż.,1348
6521,Aż zakładać.,1348
274,Typowy.,1348
3153,Fotografia dużo.,1347
2290,Członek kara.,1347
6112,Amerykański.,1347
8219,No.,1347
4391,Spotkanie.,1347
4395,Żółty.,1347
7337,Iść.,1346
1085,Późno.,1346
1557,Istnieć.,1346
2513,Mur.,1346
8845,Źle majuskuła.,1346
5903,Niebezpieczny.,1346
8650,Płaski.,1346
2847,Fotografia.,1346
3959,Korona umysł.,1346
989,Sąsiad armia.,1345
6298,Dziecko.,1345
140,Sobie nad.,1345
9584,Posługiwać Się.,1345
466,Dane lis.,1345
3277,Skutek.,1345
4622,Społeczeństwo cień.,1345
7120,Pokarm.,1345
7053,Przyjemność.,1345
9282,Chiński termin.,1345
4807,Dostęp.,1345
7796,Wybrzeże.,1344
1009,6.,1344
3983,Obrót to.,1344
3284,Termin.,1344
4050,Przyjęcie radiowy.,1344
1915,Roślina.,1344
9532,Mrówka dział.,1344
7747,Zwykły lecz.,1344
927,Dopiero.,1343
1921,Podnieść instytucja.,1343
8450,Zakładać.,1343
8158,Zabawa.,1343
6831,Sobota.,1343
2282,Umowa.,1343
8285,Białoruś moneta.,1343
5917,Przestać przedstawienie.,1342
8348,Banknot.,1342
4269,Odmiana.,1342
9784,Zajmować urzędnik.,1342
5137,Znak lot.,1342
1513,Sposób choć.,1342
1003,Robotnik alkoholowy.,1342
5543,Naród kraj.,1341
2619,Pusty.,1341
9183,Jądro uczyć.,1341
7045,Królowa zima.,1341
814,Wieczorem.,1341
5645,Sędzia.,1340
3385,Uprawiać cecha.,1340
2904,Zawodowy.,1340
4795,Wybrać.,1340
4673,Grecja dopływ.,1340
3397,Byk by.,1339
5426,Świat produkować.,1339
8250,Zmęczony wiara.,1339
9039,Dodatkowy.,1339
5490,Bieda leżeć.,1339
1130,Wygląd.,1339
1038,W Celu podnosić.,1339
382,Figura osioł.,1339
8816,Czekolada stawać się.,1339
147,Ile głównie.,1338
7065,Artystyczny sprzęt.,1338
9672,Kartka usuwać.,1338
9220,Wskazywać.,1338
5432,Często gość.,1337
1769,Forma.,1337
7694,Dane mocno.,1337
6700,Dziesięć.,1337
700,Twardy.,1337
6295,Nazywać.,1337
9860,Podstawa.,1337
977,Przykład.,1336
720,Holandia czynność.,1336
4921,Większy.,1336
1888,Dobry cały.,1336
9934,Norma napój.,1336
6032,Brak.,1336
1462,Podstawa.,1336
1856,Cały noc.,1336
5274,Wielka Brytania kult.,1335
5509,Papier.,1335
2661,Stać armia.,1335
6090,Głęboki.,1335
7469,Wodny mądry.,1335
8535,Przyjaciel.,1335
6555,Krew stopień.,1335
1371,Koszula.,1334
7013,Opinia.,1334
7435,Kontrola.,1334
4089,Zwierzę.,1334
6189,Alfabet.,1333
8251,Przygotować wyrok.,1333
1512,Przybyć proces.,1333
3858,Łyżka jeszcze.,1333
9730,Wszyscy więzienie.,1333
4732,Telewizyjny Australia.,1333
4962,Handlowy trwać.,1333
9328,Styl wielki.,1333
1645,Ptak.,1333
8678,Trzeci złożony.,1333
1664,Połączenie budowa.,1332
1304,Księga szkolny.,1332
2540,Pięćdziesiąt ślub.,1332
7398,Właściciel.,1332
1018,Ukraiński należy.,1332
5132,Środkowy.,1331
5946,Wszystko.,1331
1052,Przyjemny charakter.,1331
9053,Wojenny 70.,1331
9382,Zdrowy wschodni.,1331
8178,Trwały pół.,1330
8164,Osioł mnóstwo.,1330
6702,Zacząć napisać.,1330
607,Grudzień cień.,1330
563,Ostatni.,1330
253,Pozycja.,1330
1584,Górny.,1330
3316,Zdolny mrówka.,1330
2159,Tydzień dopiero.,1329
4536,Powiedzieć nazwisko.,1329
7209,Egzamin składać.,1329
9616,Bohater piętro.,1329
682,Pomiędzy.,1329
9980,Badać owoc.,1329
4449,Powszechny sposób.,1329
4264,Rzym.,1329
987,Bilet profesor.,1328
452,Wierzyć.,1328
1005,Siedemdziesiąt dalej.,1328
7899,Chmura.,1328
9388,Praktyka niezwykły.,1327
3869,Forma.,1327
6949,Służba.,1327
2217,Zawodowy.,1327
262,Rozumieć.,1327
2098,Połączyć wschodni.,1326
8583,Budować.,1326
7637,Grunt wąski.,1326
2949,Pewien.,1325
7287,Czyjś nieszczęście.,1325
3562,Autobus.,1325
5234,Drapieżny.,1325
8547,Ciągnąć.,1325
8387,Tyle pomieszczenie.,1325
6334,Niech Warszawa.,1324
1600,Problem.,1324
5540,Tutaj.,1324
4564,Możliwość urodzić.,1324
4085,Bieg.,1324
4244,Lampa.,1324
3970,Prezent.,1323
1902,Wartość.,1323
1492,Pierś rano.,1323
5716,Bo chrześcijaństwo.,1323
8442,Pozostawać.,1323
6655,Położyć.,1323
264,Spać.,1323
3851,Grunt.,1323
7712,Gdyby.,1323
6816,Dopiero abugida.,1323
6818,Narkotyk.,1323
6788,Wewnętrzny jasny.,1322
1690,Wynosić.,1322
7457,Prezent spać.,1322
5128,Szef przypadek.,1322
5532,Bułgarski odpowiadać.,1321
6402,Gdzieś.,1321
8375,Czekać zawód.,1320
4864,Pszczoła.,1320
9369,Majuskuła.,1320
7984,Port.,1320
7879,Kara.,1320
9939,Wódka.,1320
121,Znaleźć światło.,1320
2121,Z Powodu wysokość.,1320
1674,Granica przestać.,1319
9918,Polak zdobyć.,1319
7642,Kierowca.,1319
8949,Plaża.,1319
8180,Internetowy niebieski.,1319
1,Dlaczego następować.,1318
4541,Miejski wysyłać.,1318
535,Książka.,1318
2815,Kolacja całkiem.,1318
7568,Flaga.,1318
5094,Wiara padać.,1318
227,Wybór brudny.,1317
7095,Średniowieczny r..,1317
4596,Urzędnik niedźwiedź.,1317
8459,Komputer nieszczęście.,1317
6605,Dać Się mocno.,1317
337,Urodzić Się zupełnie.,1317
3501,Francuski szlachetny.,1317
1909,Góra wygrać.,1316
8449,Masa.,1316
2861,Charakter.,1316
76,Warzywo.,1316
9503,Zabić.,1316
7257,Trwać biedny.,1315
7970,Niewielki idea.,1315
8770,Wschodni odważny.,1315
767,Dzisiejszy.,1315
8222,Jedzenie zanim.,1315
4557,Podróżować powiat.,1315
1274,Administracyjny.,1315
2564,Obóz.,1315
7485,Zacząć przyjąć.,1314
1074,Herbata.,1314
381,Również osiemdziesiąt.,1314
4731,Chłop.,1313
6989,Ważny publiczny.,1313
7746,Członek.,1313
5460,Zwykły dorosły.,1313
794,Pismo.,1313
9605,Litwa.,1313
7671,Dania.,1312
1392,Prezent łatwy.,1312
3029,Proszę gniew.,1312
1913,Ulegać siebie.,1312
1091,Bogactwo minister.,1312
4230,Utrzymywać futro.,1312
8157,Skutek.,1312
1043,Blisko impreza.,1311
6798,Energia wodny.,1311
1660,Świeży.,1311
8156,Specjalista.,1311
5999,Pora.,1311
8271,Niebezpieczny futro.,1311
186,Komputerowy.,1311
3204,Szklanka.,1311
4189,Wyspa.,1310
3577,Doświadczenie.,1310
494,Szwajcaria archipelag.,1310
3612,Muzeum.,1310
9134,Wobec.,1310
4059,Osiemdziesiąt zamieszkiwać.,1310
4437,Mocny.,1310
8028,Czasem.,1310
3352,Wprowadzać znowu.,1310
9339,Uznawać siostra.,1309
5655,Izrael lub.,1309
1628,Ściana Piotr.,1309
2029,Finansowy równy.,1308
9863,Wykonywanie.,1308
6343,Zawód pomoc.,1308
258,Siedziba.,1308
1021,Żółty pływać.,1307
7486,Po Prostu ani.,1307
882,Krzew południe.,1307
6797,Mgła.,1307
7284,Drzewo zdrowie.,1306
6512,Odpowiedni.,1306
9853,Przyjaźń też.,1306
272,Uważać.,1306
9001,Prawny 3.,1306
4327,Skala podczas.,1306
1010,Port.,1306
5773,Dobrze.,1306
1741,Dwanaście samochód.,1306
7773,Skóra ozdoba.,1306
300,Gwałtowny.,1305
8047,Europejski.,1305
7234,Wykonywanie zewnętrzny.,1304
9083,Polska niebo.,1304
8888,Śnieg osioł.,1304
9674,Lewy.,1304
3141,Wewnętrzny.,1304
270,Drewno.,1304
3504,Zimny.,1303
2806,Doskonały.,1303
1960,Otaczać zamieszkiwać.,1303
2799,Książka czynnik.,1303
3565,Przestrzeń.,1302
9726,Piasek usta.,1302
8453,Ziemniak odbywać się.,1302
2325,Podnieść mięso.,1302
9392,Sam wziąć.,1301
3363,Flaga.,1301
505,Padać.,1301
9709,Pająk.,1301
8511,Wiersz.,1301
2139,Ostry.,1301
8506,Drewniany niech.,1301
2257,Rak ładny.,1301
9326,Całkowity.,1300
8915,Zmarły więcej.,1300
3532,Udział co.,1300
6309,— taki.,1300
8041,Wyraz krowa.,1300
3155,Bić.,1299
1218,Publiczny budynek.,1299
3426,Pies.,1299
9229,Cukier.,1299
4258,Korzeń urodziny.,1299
5179,Zabawka.,1299
3265,Prosić.,1299
3494,Autor społeczny.,1298
3918,Gwałtowny.,1298
7720,Mleko partia.,1298
4667,Stawiać.,1298
41,Tył.,1298
9620,Ciotka.,1298
9207,Jeść bo.,1297
1781,Pozostawać.,1297
7842,Urodzić produkować.,1297
1011,Poniedziałek podatek.,1297
136,Październik.,1296
2727,W Postaci.,1296
9534,Literacki składać.,1296
4445,Stolica.,1296
346,Zdjęcie film.,1296
9188,Świeca odcinek.,1296
4102,Fakt.,1295
167,Pomoc specjalista.,1295
9373,Bydło.,1295
7433,Grzyb rozmiar.,1295
3764,Artysta.,1295
6072,Pieniądze dziadek.,1295
271,Rynek jasny.,1294
6368,Radio nadawać.,1294
7727,Sobota.,1294
5630,Siedziba.,1293
9618,Śnieg.,1293
5688,40.,1292
7381,Przyprawa.,1292
7086,Cały obcy.,1292
3051,Oddać cień.,1292
8484,Nigdy Słońce.,1292
4359,Ryż godzina.,1292
3333,Częściowo.,1291
3679,Roślina miłość.,1291
719,Przygotować jedzenie.,1291
8183,50.,1291
8876,Żeby.,1291
1794,Grecja pies.,1291
4076,Narodowość.,1291
85,Godność zdrowie.,1290
3048,Herb.,1290
5709,Wtedy niechęć.,1290
5955,Założyć taki.,1290
7737,Wartość uciekać.,1289
3525,Rezultat mięso.,1289
7089,Te bogini.,1288
9198,Uciekać.,1288
2472,Zmieniać.,1288
4965,Służba.,1287
7551,Akt przeznaczyć.,1287
4419,Płyn.,1287
5708,Lampa.,1287
4043,Prędkość.,1286
8720,Ptak ogon.,1286
9764,Skończyć.,1286
3938,Tutaj.,1286
4283,Łatwy.,1286
5083,Całość luty.,1286
2975,Różnica.,1286
9,Zazwyczaj znak.,1285
9186,Zawartość.,1285
9057,70.,1285
8228,Gniazdo.,1285
6732,Przygotować spadać.,1285
9901,Boże Narodzenie hasło.,1284
374,Mysz.,1284
6329,Składnik.,1284
3238,Siedem.,1284
6012,Spokój rzeczywistość.,1284
8060,Nigdy wychodzić.,1284
9138,Zainteresowanie mecz.,1283
2312,Układ.,1283
8842,Pełny.,1283
1181,Miecz (…).,1283
1802,Słuchać.,1283
6205,Grunt.,1283
588,Treść.,1283
8102,Restauracja.,1282
3515,Zimno walka.,1282
8481,Kościół ojciec.,1282
5099,Wygląd mecz.,1281
2022,Wiatr 30.,1281
823,Łuk nieszczęście.,1281
4113,Wielki Francja.,1281
1041,Dźwięk.,1280
9372,Obecnie wczesny.,1280
1211,Metoda wojsko.,1280
9718,Wczesny ponad.,1280
627,Litwa w kształcie.,1280
9638,Uciec wypadek.,1280
5229,Szwajcaria.,1280
2320,Chcieć.,1279
3349,Źle.,1278
8300,6 przygotować.,1278
1242,Dzielić dziecięcy.,1277
9064,Lipiec podatek.,1277
1581,Wrócić skutek.,1277
8463,Psychiczny.,1277
6292,Dziewiąty.,1277
7059,Epoka.,1277
9454,Połączyć zupełnie.,1276
9583,Rzecz zdolność.,1276
4296,Strefa moc.,1276
7510,Odzież paliwo.,1276
3472,Wzgórze.,1275
1276,Panować wszystko.,1275
7518,W Celu typowy.,1275
5943,Przyczyna brak.,1275
8152,Szybko w formie.,1275
3431,Australia waga.,1275
6312,Poprzedni spowodować.,1275
1359,Szczęście.,1275
6764,Ziemia albo.,1275
1297,Sprzedawać.,1274
7192,Wtorek błoto.,1274
1454,Otrzymywać igła.,1273
8437,Przez społeczeństwo.,1273
1426,Szlachetny samica.,1273
1076,Gdy.,1273
3787,Tańczyć typowy.,1273
1266,Wieczorem wysyłać.,1273
3972,Duch cień.,1272
7703,Niektóry.,1272
5651,Związany brat.,1272
7745,Oddech.,1272
5258,Wydać.,1272
7741,Pomoc pewien.,1272
2360,Spadać gdzieś.,1272
2366,Wciąż.,1272
6481,Dziewczyna wyglądać.,1271
5944,Szkoda koń.,1271
1779,Dzielić.,1271
965,Jeśli.,1271
7677,Miecz.,1271
4580,Budowla odpowiedni.,1271
1086,Duży w.,1271
409,Długość.,1271
6263,Czasem.,1270
7150,Powstawać.,1270
1716,Umieszczać.,1270
6276,Bądź nauka.,1270
9933,Ruch.,1269
3564,Pojawić Się.,1269
9128,Wzdłuż norma.,1269
3383,Ani.,1269
7506,Projekt.,1268
9500,Dyskusja.,1268
6239,Ona styl.,1268
5980,Śmiech.,1268
7114,Dzielnica wybierać.,1268
8554,Miłość.,1267
5695,Przerwa.,1267
8196,Poczta litera.,1267
238,Sąd znaczenie.,1266
4504,Czekać.,1266
3889,Królewski.,1266
9335,Tutaj imię.,1266
8965,Dzięki.,1266
906,Miecz czas.,1266
1087,Instytucja właściciel.,1266
9331,Nie Ma.,1265
6729,Kość.,1265
5815,70 nic.,1265
4111,Ukraiński.,1265
2808,Jeżeli głupi.,1264
8379,Unia Europejska w końcu.,1264
4231,Naczynie.,1264
5243,Szczególny jądro.,1264
6435,Chyba zły.,1264
2010,Powodować ogół.,1264
1747,Figura.,1264
2105,Metal.,1263
2109,Stracić.,1263
6451,Większy produkcja.,1263
3131,Chyba posiadać.,1263
8767,Walczyć.,1263
9755,Żywy chronić.,1263
84,Zniszczyć zdolność.,1263
7251,Piątek wakacje.,1263
5899,To.,1263
6016,Kot.,1262
9294,Użycie.,1262
4653,Teatr wychodzić.,1262
6986,Tworzyć majuskuła.,1262
2639,Po Prostu.,1262
1612,Dziewiąty filozofia.,1262
9438,3 —.,1262
8330,Barwa dostać.,1262
3788,Taki prawo.,1262
5885,Odbywać Się bank.,1262
6095,Brudny technika.,1261
9748,Czysty.,1261
94,Zielony osiągnąć.,1261
7238,Pewny obóz.,1261
3676,Stado wspomnienie.,1261
4943,Drewno pogląd.,1261
7526,Rower.,1261
9728,Przeciw charakterystyczny.,1261
5233,Alkohol ogon.,1260
55,Dar.,1260
6029,Owad całkowity.,1260
8699,Miecz.,1260
2187,Typowy uczucie.,1260
3805,Jeździć.,1260
2163,Wcześnie.,1260
9648,Szczególny.,1259
9418,Pożar.,1259
9490,Miasto czysty.,1259
234,Miesiąc wesoły.,1259
4837,Małżeństwo niemiecki.,1259
6274,Duński.,1258
1784,Dziewczynka jej.,1258
9990,Szereg.,1258
2731,Typ.,1257
747,Psychiczny.,1257
9457,Otrzymać.,1257
8550,Przed.,1256
6138,Klasa przeszkoda.,1256
9851,Niedziela.,1256
1679,Strumień.,1255
8661,Film turecki.,1255
5507,Litera.,1255
2395,Kostka matka.,1255
80,Zamek zmęczony.,1255
114,Wielka Brytania.,1255
7849,Głównie.,1255
3018,Zatrzymać lustro.,1254
9919,Planeta budowla.,1254
2214,Rosyjski.,1253
4657,Czynnik.,1253
1289,Pokój jednocześnie.,1253
8671,Wrażenie.,1253
4717,Las.,1253
2389,Narodowy dobrze.,1253
3635,Społeczeństwo składnik.,1252
383,Kult.,1252
571,Promień.,1252
3802,Źle.,1251
1201,Zdolność seksualny.,1251
3937,Bliski ryzyko.,1251
1855,Grzech sukces.,1251
9888,Wysyłać.,1251
3054,Powinien.,1251
1647,Styl zdarzenie.,1250
3540,Księżyc.,1250
7861,Piec.,1250
5478,Przyszły rozwiązanie.,1250
8063,Społeczeństwo.,1250
5040,Modlitwa.,1249
5086,Jedenaście.,1249
5738,Bułgarski reakcja.,1249
3473,Długo świadczyć.,1249
1191,Dokonać.,1248
9278,Prowadzić.,1248
1047,Dziadek.,1248
3604,Produkować.,1248
3090,Dyrektor podobny.,1248
8389,Wychodzić.,1248
1863,Wiosna.,1247
9938,Rachunek.,1246
6717,Występować.,1246
5969,Chłopak dużo.,1246
8697,Ważny.,1246
2273,Dialekt.,1246
6626,Pacjent gospodarczy.,1245
3156,Lis.,1245
2879,Technika.,1245
8373,Lecieć.,1245
6068,Miejsce.,1244
557,Powszechny w..,1244
7253,Środa klimat.,1244
9523,Wrogość.,1244
369,Samochód.,1244
9493,Nigdy miłość.,1243
2012,Gotowy trudność.,1243
8134,Słońce stan.,1243
4070,Szacunek.,1243
5712,Pusty.,1243
6556,Biedny przeszłość.,1242
4162,Twarz studia.,1242
2488,Dno prezydent.,1241
4096,Majuskuła męski.,1241
1186,Rower.,1241
4469,Całkowity straszny.,1241
4048,Skóra Rosja.,1241
2064,Okno.,1241
5388,Gaz jakość.,1241
1374,Marka.,1240
540,Odważny potem.,1240
4611,Rozwój Belgia.,1240
7733,Niewolnik firma.,1240
7949,Umowa średniowieczny.,1239
8268,Samochód udział.,1239
6317,Powodować.,1238
289,Tańczyć treść.,1238
9571,Kwiat ludność.,1237
3033,Obszar okolica.,1237
6286,Miesiąc uderzać.,1237
5754,Australia.,1236
6809,Wóz przyrząd.,1235
9231,Sportowy.,1235
1482,Jezioro.,1235
1680,Wyłącznie.,1235
2340,Gałąź.,1235
1456,Wysokość majątek.,1234
9299,Konflikt.,1234
3448,Południowy.,1234
780,Czwarty zielony.,1234
6561,Termin.,1233
2546,Głowa.,1233
9037,Trzy.,1233
5968,Badać.,1233
7254,Jan cierpienie.,1233
5557,Szanowny.,1233
5065,Nagle.,1233
835,Średni wreszcie.,1232
6668,Lipiec.,1232
9203,Jesień większy.,1231
5667,Wydawać Się szary.,1230
81,Drapieżny podnosić.,1230
5467,Marzec swój.,1230
6536,Okazja urodzić się.,1230
3614,Wchodzić.,1230
2914,Miłość czyjś.,1230
5661,Ponownie.,1230
3881,Gmina.,1230
2711,Źle.,1229
6928,Konflikt.,1229
8338,Rynek przyjaciel.,1229
783,Stanowisko.,1229
9189,Chyba miesiąc.,1229
6347,Móc odległość.,1229
2898,Płeć przeciw.,1228
6310,Szef zaufanie.,1228
6297,Bajka.,1228
2720,Opinia pomóc.,1227
4078,Założyć łatwy.,1227
8920,Samochodowy daleki.,1227
3218,Zwykły chrześcijański.,1225
5929,Stać wrogość.,1225
6502,Abugida.,1224
8461,Trzydziesty mówić.,1224
5933,Arabski teoria.,1224
4524,Postępowanie jabłko.,1224
5434,Wojenny.,1223
7377,Śmierć cierpienie.,1223
4473,Lub.,1222
8677,Księga.,1222
6551,On.,1222
9501,Bogactwo.,1222
7378,Pani.,1222
8081,Śnieg.,1221
3935,Zbierać odpowiedź.,1221
7302,Wstyd przyszłość.,1220
4589,Wątpliwość.,1219
5710,Abugida.,1219
5012,Ozdoba czapka.,1219
9760,Student.,1219
7388,Punkt często.,1218
4432,Panna.,1218
2717,Uderzyć.,1218
4855,Hiszpania.,1218
4803,Kolej dzięki.,1217
2421,Ciągle żelazo.,1217
4785,Szczęście.,1217
9485,Liczba Atomowa poczta.,1217
7873,Córka.,1217
5112,Fałszywy dziewczynka.,1216
9072,Naukowy gleba.,1216
3750,Naturalny.,1216
4400,Trzeci.,1215
2111,Trochę.,1215
4714,Łuk.,1215
8651,Rejon.,1214
6796,Naczynie bez.,1214
2458,Teraz lata.,1214
4486,Badać.,1214
699,Moneta.,1213
143,Ziemniak.,1213
8768,Też dialekt.,1212
9512,Podczas metal.,1212
8960,Ostry świadczyć.,1212
6051,Taki.,1210
8861,Punkt niebo.,1210
5455,Z Powodu.,1209
5504,Październik nad.,1208
3208,Moment wóz.,1208
2938,Kolorowy.,1207
8494,Religia.,1207
2090,Lipiec.,1207
7252,Obchodzić.,1207
482,Ciotka.,1207
4894,W Celu.,1206
7599,Typ.,1205
8859,Paliwo szósty.,1205
5621,Itp. majuskuła.,1204
6487,Statek pomoc.,1204
7684,Szanowny.,1204
9252,Trwać Rzym.,1204
4197,Internetowy.,1204
2791,Chronić dla.,1204
3923,Górski mieszkanka.,1204
7868,Zgadzać Się.,1203
9288,Nóż dodać.,1202
2349,Piątek.,1202
867,Strona dodatek.,1201
5585,Składać dziura.,1201
1520,Tłumaczyć.,1201
2866,Przez sam.,1201
6719,Spaść mieszkanie.,1201
2288,Sposób.,1201
5671,Styczeń.,1200
9957,Zdolność.,1200
7225,Stolica środa.,1200
6463,Rasa.,1200
8739,Czynność.,1199
7934,Morski grzyb.,1198
9696,Sześćdziesiąt minister.,1198
4427,Naturalny.,1198
1837,Budowla kolorowy.,1198
2316,Komórka.,1198
9753,Korzystać służyć.,1198
6730,Wrogi ani.,1197
4147,Grzech Węgry.,1197
8503,Inaczej.,1196
3674,Rozwój gęsty.,1195
7167,Ziemia.,1195
164,Występować korzyść.,1195
4584,Bydło.,1194
8278,Europa.,1194
8914,Podstawowy przykład.,1193
325,Liczba należy.,1193
4104,Ciekawy.,1192
197,Tu.,1192
7481,Burza r..,1191
6936,Samiec.,1191
5834,Jednocześnie republika.,1191
2399,Stawiać głupiec.,1190
1844,Danie.,1189
6280,Dopływ profesor.,1189
1639,Pojazd Wielka Brytania.,1188
4205,Przyprawa dodatek.,1187
1725,Ludność.,1187
7528,Utwór.,1187
3240,Broń całkowicie.,1186
2795,Razem.,1186
9676,Czerwiec tam.,1185
6932,Powierzchnia przeciwnik.,1184
7395,Kilka.,1184
3771,Święty dziób.,1183
9376,Głód.,1183
8168,Odnosić Się.,1183
9731,Aktywny.,1183
6010,Zadanie dzielnica.,1183
9420,Afryka.,1183
5325,Egipt powiedzieć.,1182
1991,Przestać policja.,1182
4917,Numer los.,1182
3028,Właśnie średniowieczny.,1181
4305,Forma.,1180
8935,Europejski okrągły.,1180
6341,30 czynić.,1179
6957,Rząd.,1179
131,Pieniądz.,1179
1044,Zbiornik zwolennik.,1178
336,Złożyć.,1178
7603,Krótki.,1177
1255,Ośrodek.,1177
8353,Kurs.,1177
2899,Przygotowywać współczesny.,1176
1051,Zapalenie zwycięstwo.,1176
2722,Światło.,1175
3428,Walczyć.,1175
6483,Niebo.,1175
3597,Mrówka.,1174
5071,Przynieść.,1173
4319,Moralny firma.,1173
365,Coraz zapis.,1172
6545,Z Krwi I Kości.,1172
3350,Nikt uciekać.,1171
9545,Biuro produkcja.,1167
3865,Ryż.,1167
2151,Średni.,1166
1610,Jakiś plan.,1166
4126,Budować aktor.,1164
3478,Naczynie pomiędzy.,1164
4520,Wyrok.,1164
8577,Zniszczyć.,1164
8315,Myśleć.,1163
737,I odległość.,1163
6061,Moc.,1163
4423,Mapa.,1163
3535,Grunt nie ma.,1163
5888,Ojciec bać się.,1163
9586,Sąsiad letni.,1162
5555,Zanim.,1162
2293,Wykonać.,1162
3121,Siła.,1161
6830,Głęboki kolumna.,1161
9336,Zimny lubić.,1161
5684,Stanowisko autor.,1161
5003,Suchy aby.,1161
6666,Wino w kształcie.,1160
8280,Chłopiec.,1160
7630,Kierunek podnieść.,1160
2071,Zjawisko.,1158
1099,Razem.,1158
27,Klasa.,1158
3644,Drogi.,1157
9088,Zawodowy zbiór.,1156
2955,Zwykle.,1156
7170,Polować.,1155
6739,Kontrola charakterystyczny.,1153
7760,Może.,1153
1166,Czechy.,1153
8287,Królowa.,1153
2784,Pomieszczenie.,1152
1949,Całkiem grób.,1151
7573,Srebrny.,1150
4475,Poczta.,1150
5813,Zysk.,1148
4215,Czynność głupi.,1148
6357,Głos.,1148
9729,Wymagać pusty.,1148
8598,Cały.,1148
7390,Specjalny.,1148
4108,Gruby skłonność.,1146
8548,Przeprowadzać.,1145
6852,Brać stowarzyszenie.,1145
9656,Dzieło kolejowy.,1145
4233,Świeży.,1144
1283,Łóżko relacja.,1143
6961,Chłopak Rzym.,1143
8344,Żaden rada.,1143
7448,Prowincja.,1143
5256,Z Powodu prywatny.,1142
1886,Przedmiot.,1141
141,Wierny.,1141
1167,Owca pani.,1141
3497,Kosztować.,1140
7929,Pomarańczowy.,1139
7442,Bułgarski.,1139
3027,Pochodzenie.,1138
6217,Partia Azja.,1137
3310,Kobiecy katolicki.,1136
4583,Jabłko lustro.,1135
3842,Przeszkoda.,1135
23,Kolorowy.,1135
2043,Kaczka.,1133
9595,Intensywny spokój.,1132
795,Dźwięk gaz.,1132
6768,Czerwiec otoczenie.,1130
4100,Sobą zatoka.,1130
7352,Azja występować.,1129
973,Daleki.,1128
8907,Słońce.,1128
4377,Urodzić Się.,1128
6484,Wolno.,1128
5342,Oddać.,1127
6690,Chrystus zrozumieć.,1127
4171,Zatrzymać herbata.,1125
9880,Obowiązek rzucać.,1125
9845,Turcja r..,1124
3479,Powietrze życie.,1121
7080,Liczba Atomowa czekolada.,1121
7157,Czynność.,1121
5193,Drobny ale.,1121
3124,Pomagać dodatek.,1121
948,Grudzień kult.,1121
1621,Dziewiąty.,1113
4656,Czwartek.,1112
3639,Pełnić ponownie.,1112
8026,Wchodzić.,1110
332,Kolor.,1109
7778,Obywatel.,1108
247,Treść.,1108
1414,Prosty.,1106
8413,Przed owoc.,1105
8167,Wewnątrz o.,1103
3966,Narkotyk.,1103
6437,Polski składać się.,1098
4849,Nauka Rumunia.,1097
6023,Szklanka teraz.,1096
4915,Płaski.,1094
8107,Osoba wewnątrz.,1092
3308,Drugi zakończenie.,1089
2602,Produkować.,1089
9021,Kolorowy.,1087
4768,Zakład tył.,1087
2338,Litwa zespół.,1085
5326,Bieg.,1084
8885,Opłata.,1082
8464,Mur ja.,1077
4684,Św. osioł.,1073
5170,Szkoła prawda.,1072
1430,Figura.,1069
822,Lata rasa.,1069
1553,Mocno.,1069
3065,Zajmować Się.,1067
2369,Rumunia.,1066
9361,Martwy klasa.,1066
7905,Chłop równy.,1066
2893,Wygrać ryzyko.,1065
9625,Modlitwa prawny.,1063
8003,Waga.,1062
6606,Jadalny klimat.,1061
2781,Odczuwać wczoraj.,1060
3981,Drzwi wada.,1059
509,Szary maszyna.,1059
671,Zmieniać.,1056
5626,Podnieść zazwyczaj.,1056
5702,Łódź kult.,1051
1518,Żydowski.,1051
1151,Wybuch.,1049
9041,Mieszkaniec.,1049
8686,Interes.,1049
6573,Pragnąć Afganistan.,1045
1214,W Formie.,1043
6921,Jajko.,1036
6924,Pismo korona.,1035
6141,Ani.,1035
1552,Ćwiczenie.,1035
807,Dla wspólnota.,1032
4676,Łagodny jeśli.,1029
5304,Nasiono kara.,1028
9639,Jeszcze szary.,1027
7979,Społeczny.,1025
726,Marzec atmosfera.,1023
9855,Mebel ramię.,1023
479,Rasa.,1021
1261,Niemiec.,1021
2780,Wysokość produkować.,1021
8071,Bogactwo student.,1011
8468,Potrzeba nazwa.,1010
5192,Z Powodu pomagać.,1005
1312,Nosić.,1003
8901,Ku tajemnica.,1000
3573,Piec szkodliwy.,998
999,Polityka obóz.,994
6486,Chemiczny.,993
6452,Czoło wkrótce.,990
5353,Północny.,990
3080,Dać Się.,987
4522,Styczeń samochodowy.,986
3166,Dania.,982
3729,Abugida znajdować się.,981
2862,Srebro przyczyna.,973
917,Żeby.,968
9451,Móc miara.,966
8707,Pusty.,962
6419,Zwycięstwo klasa.,959
8380,Znowu samica.,958
6856,Lód.,957
1534,Łatwy.,956
5314,Nieprzyjemny.,952
386,Zapalenie.,947
317,1000.,940
3085,Wybór.,938
9266,Literatura stracić.,935
9670,Sprzedaż dopiero.,934
6384,Sukces.,934
493,Wysoko bajka.,930
2785,I.,929
82,Błoto.,922
2307,Tutaj.,921
9624,Fakt.,918
9631,Mocno byk.,918
2942,Kult wygląd.,915
1823,Wybrać.,909
9587,Bawić Się bliski.,908
7650,Igła istnieć.,906
9747,Samochód.,905
7982,Klucz.,900
6893,Śmiech ilość.,899
1708,Chłop wzór.,899
6111,Rumunia ty.,896
9677,Walczyć hodować.,895
2452,Radość.,892
5468,Lekcja.,892
2887,Abugida.,891
6613,Urodzić.,890
6983,Zimno.,890
7655,List piękny.,888
6096,Cichy.,886
6586,Litera.,886
8343,Męski adres.,886
9408,Świat.,885
9974,Różowy gotowy.,884
7458,Bułgarski.,884
1339,Wytwarzać fabryka.,884
6566,Linia.,883
7241,Zgodny korzeń.,882
4365,Więcej.,882
5346,Sprawa.,881
2956,Szanowny dzielnica.,880
5619,Sześćdziesiąt.,879
6615,Głos.,879
5393,Chcieć.,879
473,Zmienić.,879
2331,Miesiąc.,877
8377,Drzewo.,877
1727,Przerwa las.,873
8904,Jajo.,873
7332,Prosić zespół.,873
5990,Szary kiedyś.,872
6000,Wygrać określać.,871
756,Wilk.,868
1859,Gaz widok.,868
4866,Wojenny miejsce.,867
5978,Hodować ono.,866
6925,Własność.,866
3364,Zamknąć krowa.,865
931,Wilk.,864
9506,Mocny usuwać.,863
4212,Pojawiać Się.,863
7848,Zbyt ozdobny.,863
5657,Spadek.,861
2654,Miejsce.,861
6037,Do.,861
7453,Słońce biedny.,860
3084,Wykorzystywać konflikt.,860
8309,Kierowca związek.,860
5758,Godny.,859
7455,Adres.,859
7539,Znak milion.,858
4752,Nie.,858
1224,Mąka posługiwać się.,858
3699,Wykonywać.,857
9224,Słowo.,857
1544,Węgry.,856
7653,Oglądać.,856
7604,Armia określenie.,855
3628,Przypominać.,855
5198,Powstawać imię.,853
9082,Według.,852
1441,Kupić.,851
6251,Kolor.,850
8836,Już obejmować.,850
1967,Wykonywać list.,850
4068,Czynność decyzja.,849
4816,Podatek korona.,848
9538,Wrogość drapieżny.,848
6858,Częściowo narzędzie.,848
4762,Chrześcijański.,848
3945,Użytkownik trzymać.,848
7201,Szukać.,847
5558,Tysiąc.,847
4443,Góra.,845
5977,Znowu.,844
6062,Słuchać.,844
6442,Uprawiać funkcja.,843
2017,Zrobić nie.,843
9173,My.,843
3338,Kalendarz obrona.,842
3760,Chodzić.,841
8812,Podnosić moment.,841
6988,Uznawać.,841
3605,Pozbawić chiński.,840
7184,Jakiś dolina.,840
1202,Mieszkanie nagły.,840
5572,W Celu.,840
3186,Minuta.,839
1736,Muzyka znaczny.,839
3499,Zajęcie szacunek.,839
5904,System na przykład.,838
9930,Zdrowy radiowy.,838
8532,Prezent niechęć.,837
8599,Pokój.,837
4730,Otoczenie linia.,837
1432,Stado decyzja.,837
226,Odpowiadać chęć.,835
1563,Obecnie siebie.,834
2974,Plama stawać się.,833
7878,Aktywny pokazywać.,833
8070,Prowadzić.,832
4758,Posiłek.,831
7043,Tył energia.,831
4302,Drobny.,831
6910,Gwiazdozbiór lód.,831
2457,Zakres.,831
4565,Modlitwa część.,830
5375,Nazywać dokonać.,830
4066,Korzyść policja.,830
8356,Koza.,829
4393,Wynosić.,829
8508,Usługa.,829
2465,Zdrowie zero.,829
2289,Gotowy brązowy.,828
2475,Starożytny słodki.,828
1350,Różny biuro.,827
5591,Długi zaraz.,826
1722,Francuski.,826
785,Odległość.,826
7249,Światło znajdować.,826
9084,Dach.,826
4105,Wydawać piasek.,826
6440,Dziesięć.,826
7459,Szybki zawsze.,825
4953,Mi.,825
5608,Większy.,825
4301,Pozwalać prawy.,825
1070,Dziać Się.,824
4969,Tysiąc zupełnie.,824
1931,Podać.,824
8736,Zwykle uniwersytet.,824
2811,Siedzieć aby.,823
6553,Przyjaciel.,822
5939,Ukraina.,822
2281,Dać.,822
8482,Grzyb.,822
855,Wola.,822
2377,Brat.,821
2967,Cichy dział.,821
2033,Zobaczyć masło.,820
4285,Medycyna.,820
1638,Dzielnica.,819
9246,Rano.,818
5441,Niechęć jakby.,818
9752,Zielony mieć na imię.,818
6050,Moneta.,817
6449,Potrafić spadek.,817
7554,Teren.,817
9403,Szkoda przejście.,817
5551,Krzesło.,816
2734,Płyn wzrok.,816
6691,Zaś.,816
6641,Gleba.,816
655,Przyjąć.,815
1681,Stosować we.,815
6040,Pogląd.,815
8229,Trawa.,815
9688,Jutro.,815
4058,Uczucie.,815
6071,Dostęp.,815
1623,Fałszywy.,814
9906,Odwaga brat.,814
919,Publiczny do.,814
483,Księga okropny.,814
5819,Pięć statek.,814
1878,Pięć komórka.,813
7165,Chłopiec.,813
8929,Ciężar głupiec.,813
6161,Spotkanie.,813
4992,Między wychodzić.,813
3115,Jajko.,811
1730,Cmentarz.,811
2551,Okropny średniowieczny.,811
9201,Małżeństwo bank.,811
7914,Drapieżny święty.,811
9597,Miecz właściciel.,811
9767,Bóg surowy.,810
3954,Potrzebny.,810
4733,Instrument.,810
4488,Planeta sobie.,810
1711,Dokument atmosfera.,809
8477,Gdzieś.,809
1364,Płaszcz.,809
6350,Scena.,809
1519,Moc pełnić.,808
2966,Dziewczyna wyrażać.,808
5578,Szwajcaria.,808
8181,Fala potem.,808
5848,W Postaci wykonać.,808
3367,Swój dawno.,808
5837,Praktyka.,807
7774,Obrona.,806
7281,Dziewiąty szeroki.,806
4636,Hałas szklanka.,805
9482,Zespół.,805
2864,Zarówno żyć.,805
4480,Urząd ciało.,804
2471,Kapelusz.,804
7000,Dać Się sześćdziesiąt.,804
2759,Osioł ciąża.,804
638,Powiat obiad.,804
9330,Operacja.,803
8977,Wymagać znowu.,803
4789,Zmarły transport.,803
1081,Lekarz otaczać.,803
6908,Sala pierwszy.,803
2983,8.,803
7181,Wróg.,803
173,Śnieg.,802
1923,Straszny łuk.,802
6182,Służyć.,801
2356,Zakończenie kilka.,801
2560,Słoneczny otrzymać.,801
7549,Procent USA.,801
9660,Wewnątrz szybki.,801
9711,Fabryka.,799
1388,Inaczej.,799
5786,Wzrok postać.,799
7617,Chory.,799
1801,Gołąb szkoda.,799
8342,Klucz.,799
7400,Pewien może.,799
56,Dzięki delikatny.,798
3288,Profesor całkowicie.,798
3267,Pojemnik wzgórze.,798
1468,Niewolnik 90.,798
2040,Radiowy naj-.,798
8675,Skończyć.,798
9487,Kosztować.,798
7019,4.,797
1460,Położony rzeka.,797
1507,Na suchy.,797
4603,Gotowy pokazywać.,797
3039,Przygotować.,796
8245,Zima smutek.,796
8335,Zimny.,796
9651,Zamykać.,796
4199,Pole.,796
6143,Wydarzenie wielkość.,795
658,Powstanie zaś.,795
4094,Wewnątrz pięć.,795
8758,Pająk skała.,795
2018,Powieść kobieta.,794
7091,Rozwój.,793
1125,Burza pić.,793
1569,Ogólny kanał.,793
8646,Trudny.,792
4270,Intensywny ten.,792
7590,Masa.,792
6902,Szacunek ty.,792
6303,Muzyczny źródło.,791
1486,Patrzeć ziemski.,791
6338,Ulegać.,791
7863,Wybór.,791
6657,Taki.,791
618,Twardy.,790
8021,Istnienie.,790
9133,Postępować dłoń.,790
2485,Ojciec.,790
1532,Turcja osiągnąć.,790
6330,Nad łaciński.,789
2032,Owca zachód.,789
2175,Wielki sportowy.,789
5167,Siostra.,789
7726,Mecz polski.,788
6774,Mięso.,788
1551,Zwykle.,787
4543,Poprzez zajmować.,787
1336,Zaburzenie.,787
5247,Zachowywać Się kartka.,787
4576,Nastrój.,787
4747,Wejście zakończyć.,786
8298,Punkt.,786
7776,Luty sukces.,786
525,Istnienie ciało.,786
3142,Literatura jedzenie.,785
8732,Szczyt spór.,785
1998,Palec.,785
7200,Łódź oznaczać.,785
1187,Dopiero.,785
5495,Naukowy męski.,785
5435,Poduszka.,785
6585,Czyli.,785
7635,Zamknąć zajmować.,784
4150,Sierpień czy.,784
8495,Przebywać.,784
7553,Liczyć Wielka Brytania.,784
8317,Zjeść umiejętność.,784
7248,Czynnik średni.,783
8617,Kontakt.,783
8064,Głód wygrać.,782
9522,Pracować.,782
7118,Utwór.,781
516,Mieszkanie wynik.,781
2856,Szkoda.,780
8138,Powszechny.,780
2576,Więcej porządek.,780
2761,Sprzęt tamten.,780
8241,Również lotniczy.,780
3476,Maszyna Jan.,779
8261,Uczeń.,779
5788,Ściana mowa.,779
8053,80 rzymski.,779
2215,Teraz.,779
5607,Kraina.,778
8557,Półwysep.,778
7740,2 rzeczywistość.,777
9272,Warszawa wybierać.,777
3138,Wybierać.,777
8978,Sztuczny stół.,777
4979,Gospodarczy warunek.,777
4172,Klimat.,777
7620,Pływać przejście.,777
2889,Dużo.,777
803,Plama.,776
2507,Dusza.,776
8392,Typ statek.,776
6459,Gardło wychodzić.,776
5859,By łuk.,776
797,Szczególnie.,776
9463,Oczekiwać gołąb.,776
4506,Węgiel dzięki.,776
3743,Pałac osiągnąć.,776
6624,Czas.,776
6469,Możliwy przeciwnik.,776
2463,Ten.,775
7657,Rzeczywistość słowacki.,775
9079,Głód pogląd.,775
894,Posiłek.,775
5148,Otwór ci.,775
8793,Rodzic.,775
6917,Oczekiwać podobny.,775
7436,Epoka.,774
5214,Droga abugida.,774
6991,Stosować.,774
2235,Kamień.,774
4567,Słuchać filozofia.,774
4194,Spowodować stopień.,773
6059,Smutny.,773
5921,Piłka.,773
8435,Gość zanim.,773
8762,Siostra.,772
7813,Impreza okno.,772
8145,Miara.,772
9507,Religijny środowisko.,772
9840,Angielski ziemia.,772
3126,Szkolny podnosić.,772
1782,Wielkość.,772
8139,Składać wszelki.,771
3477,Pozycja rzadko.,771
8104,Wielkość.,771
7246,Trzydziesty powolny.,771
7680,Katolicki część.,771
9471,Obok uczyć.,771
9135,Psychiczny ochrona.,771
9796,Noga Jan.,770
5635,Zarówno.,770
4746,Okropny dziś.,770
4280,Stosunek.,769
2094,Duński stworzyć.,769
6633,Więc.,769
4753,Gorący pewien.,769
2296,Pragnienie.,768
2698,Tytuł odpowiadać.,768
1957,Mrówka kolano.,768
9190,Przejść.,767
6889,Afganistan.,767
8247,Prezydent zdanie.,767
3669,Sobą.,767
7368,W Ciągu intensywny.,766
371,Traktować.,766
1019,Przy zwycięstwo.,766
7106,Długo przyjemność.,766
4292,Północ nóż.,765
1335,Gałąź.,765
6715,Prędkość.,765
3161,Typowy.,765
9646,Pisać.,765
2450,Pytać itp..,764
5865,Wychodzić.,764
7648,Gorący kwiat.,764
589,Północ.,764
5316,Kto.,764
7527,Dzielnica owca.,764
8515,Grecki.,763
7265,Pytanie.,763
4831,Prezent tłumaczyć.,763
8443,Minuskuła.,763
6604,Gęsty.,762
9635,Utrzymywać.,762
438,Kolumna.,762
400,Połączenie Białoruś.,762
8572,Tańczyć.,762
442,Zdarzenie grób.,762
1152,Konstrukcja.,762
4182,Para październik.,761
5646,Zamknąć średni.,761
8378,Zwłaszcza Morze Śródziemne.,761
5774,Siostra traktować.,760
5638,Pożar palec.,760
5748,Graniczyć żółty.,760
1798,Wzdłuż kaczka.,760
3212,Na Przykład jesień.,760
213,Przeciwko łódź.,760
6510,Wakacje gospodarka.,760
4987,Taki pierwszy.,759
8144,Ozdoba.,759
4879,Lampa.,759
4997,Pamięć.,759
7107,Sprzedawać.,759
8590,Włochy.,759
813,Obchodzić szczególny.,759
4003,Zachodni.,758
2931,Kino.,758
7158,Odpowiedni zima.,758
4737,Wśród.,758
4860,Urząd częściowo.,757
3286,Choroba.,757
2177,Kapelusz musieć.,757
6171,Dopiero żona.,757
8316,Pałac.,757
3082,Związek.,757
5995,Kobieta trzeba.,757
1098,Typowy wojsko.,756
9835,Szczególnie zewnętrzny.,756
449,40 nowy.,756
5364,Zwyczaj.,756
6415,Dziewięć !.,756
609,Tam.,755
697,Ucho.,755
9977,Student my.,755
5183,Jednak.,755
3993,Zmieniać.,755
4615,Iść.,755
8455,Pojawiać Się po.,755
7731,Zamieszkiwać.,755
4412,Pięć dyrektor.,755
1413,Widok palec.,755
4568,Struktura.,754
3481,Dwadzieścia granica.,754
6003,Pan seksualny.,754
2059,Zamknąć.,754
5025,Męski.,754
8501,Prostytutka zakład.,754
5790,Tu pozwalać.,753
8483,Angielski lampa.,753
5115,Zbiór zjeść.,753
6614,Ku posiadać.,753
549,Złożyć.,752
662,Zamknąć.,752
4699,Wniosek ponad.,752
536,Cecha.,752
481,Cesarz.,752
1999,Międzynarodowy okręt.,752
4525,Kostka.,752
8397,Rower.,751
191,Mi.,751
3326,Tkanina.,751
7496,Zgodny jajo.,751
3757,Włosy.,751
8995,Artykuł.,751
1491,Powstać.,751
1521,Więc.,751
7910,Napisać most.,751
1427,Oddech.,751
7011,Banknot.,751
5780,Stawać Się wspomnienie.,751
2144,Wydarzenie.,750
6128,Położenie kraj.,750
4461,Zdobyć.,750
9131,Nasz.,750
8493,Wysoki.,750
3303,Zdrowy wciąż.,750
1906,Rząd.,750
1137,Wszystkie deszcz.,749
5871,One.,749
5768,Ogon wiek.,749
8649,Częściowo.,749
9402,Brzeg okolica.,749
4184,Atmosfera główny.,749
6625,Radiowy błąd.,749
192,Prawy.,748
5862,Powoli szereg.,748
876,Mebel późno.,748
2742,Uprawiać ile.,748
9491,Mąż.,748
3169,Mieszkać.,748
1017,Sieć.,748
3592,Kosz.,748
1424,Alfabet uchodzić.,748
8323,Badanie.,747
5574,Wciąż.,747
7323,Znaczenie.,747
6249,Wspaniały włoski.,747
4839,Słońce.,747
5491,Dzisiejszy.,747
9355,Dół zespół.,746
7895,Kolacja.,746
7476,Telewizja 7.,746
3110,Podział para.,746
8541,Zdarzenie jeden.,746
488,Pojechać głupiec.,745
5056,Dla.,745
2197,Żeński rozpocząć.,745
6539,Listopad.,744
9205,Znajdować powiat.,744
7250,Kurs wszystko.,744
775,Zmarły.,744
6105,Właściciel według.,743
2178,Podstawowy płeć.,743
4422,Zabić.,743
8792,Miesiąc francuski.,743
9560,Brzydki teren.,743
1904,Muzyczny muzeum.,743
7512,Zysk.,742
5520,W. wysłać.,742
8980,Jajko.,742
3973,Bohater.,742
7594,Związek akcja.,742
3595,Więcej żaba.,742
6113,Kosztować szukać.,741
1714,Radio szanowny.,741
5515,Odważny.,741
8834,Numer.,741
8527,Czwartek wydawać.,741
5082,Stać.,741
1386,Chęć okno.,741
2852,Student.,741
1766,Że.,741
2306,Wiatr.,740
5414,Ziarno.,740
9027,Wojenny.,740
9280,Rano bogactwo.,740
8061,Cisza szereg.,740
3529,Masa.,740
9185,Naukowy.,740
6221,Bitwa.,739
4344,Uciec oddech.,739
8075,Przyrząd wszystek.,739
5220,Fałszywy również.,739
8084,Relacja.,739
6099,Piętnaście wino.,739
9399,Azja czekolada.,739
4802,Krzew.,739
9139,Wrażenie możliwy.,739
1653,Życie działać.,739
8743,Spokój zaś.,739
5383,Żołnierz.,738
7164,Kościół jak.,738
3651,Ci.,738
5545,Impreza więcej.,738
7243,Jego.,738
7775,Pełen odmiana.,737
7186,Panna.,737
7208,Czapka.,737
2606,Samiec futro.,737
3748,Przecież.,737
3416,Gospodarczy kot.,737
8345,Dobrze znów.,737
4751,Policzek mocny.,737
3665,Rzeczownik typowy.,737
9965,Polityka.,736
6260,Czynić.,736
5669,Cienki.,736
2577,Futro.,736
1807,Po Prostu to.,736
2478,30 lista.,736
1340,Wydarzenie.,736
501,Środek pająk.,735
4385,Pogoda wpaść.,735
1930,Historyczny.,735
1244,Osobisty.,735
5091,Medycyna.,735
2082,Posiłek pół.,735
723,Walczyć.,735
8614,Drewniany wieś.,734
5347,Pieniądz brzeg.,734
8059,Niebezpieczeństwo.,734
9352,Kraj sprzedaż.,734
3509,Małpa luty.,734
5993,Podczas.,734
9264,Dzieło.,734
3182,Piętnaście.,734
2715,Nauczycielka.,734
8817,Nauka.,733
8558,Promień smutny.,733
8994,Suchy.,733
8719,Istota.,733
4630,30.,733
811,Walka okrągły.,733
1889,Łąka.,733
1422,Się.,733
7808,Alkohol czerwony.,733
7658,Owoc.,733
373,Piątek.,732
4797,Zgodnie straszny.,732
3895,Otwierać.,732
8729,Firma starać się.,732
391,Idea.,732
4697,Traktować kult.,732
8412,Prawda.,732
9421,Medycyna powoli.,732
8752,Miłość wczoraj.,732
2773,Pojawiać Się.,731
5227,Widok.,731
1673,Gęś.,731
9827,Taniec.,731
448,Ku przeciwny.,731
2493,Rząd ze.,731
2005,Nie- gatunek.,731
4326,Jajko owca.,731
6163,Poważny.,730
2474,Ciecz.,730
8205,Od.,730
8860,Następować muzeum.,730
8551,Czynić.,730
7140,Też.,729
1403,Narzędzie Hiszpania.,729
2329,Stawać Się szukać.,729
9286,Sądowy górny.,729
3332,Ziemia bar.,729
2060,Naukowy.,729
9697,Zewnętrzny zając.,729
354,Dodatek.,728
6942,Dużo świątynia.,728
8745,Wyglądać.,728
3873,Port.,728
7525,Hiszpański twardy.,728
3876,Naukowy.,728
4867,Starać Się mieć.,728
9716,Użycie dziewczyna.,728
7443,Wśród talerz.,728
3197,Kochać.,728
3755,Policjant.,727
7055,Pas handlowy.,727
5778,Unia Europejska walka.,727
334,Przedstawienie.,727
8631,Nagle popularny.,727
3693,Pogoda uznawać.,726
6826,Przyjechać ofiara.,726
6488,O.,726
5914,Przy.,726
6759,Czasownik.,726
8301,Się.,726
5117,Z Powodu bogaty.,725
8336,W..,725
4614,Człowiek.,725
9806,Oddać ciotka.,725
6417,Płaski cześć.,725
6862,Europa.,725
523,Włos.,724
9416,Chiński na zewnątrz.,724
9427,Polska.,724
6885,Cesarz dziura.,724
8534,Przeszłość.,724
8644,Przecież.,724
8603,Przebywać związek.,724
3719,Graniczyć.,723
8409,One.,723
8460,Przerwa.,723
7278,Studiować śniadanie.,723
4511,Doprowadzić piwo.,723
600,Sześć.,723
3201,One zamiast.,723
6401,Cmentarz włosy.,723
378,Charakterystyczny i.,723
6041,Pióro odpowiedź.,723
3692,Ząb.,723
9254,Źle.,722
1824,Wzór wskazywać.,722
7314,Piłka.,722
5499,Zapach.,722
4073,Samiec decyzja.,722
9165,Komórka m.in..,722
221,Dany kilka.,722
8923,Jako klimat.,722
6903,Odwaga jedenaście.,721
3892,Znajdować działalność.,721
4137,Punkt.,721
5473,Lotniczy.,721
9757,Szukać ładny.,721
4698,Powolny ogon.,720
728,Siostra brzuch.,720
8735,Noc.,720
1275,Palec.,720
9340,Ból listopad.,720
5581,Wybory.,720
7574,Archipelag człowiek.,720
9120,Państwo parlament.,720
398,Uderzenie.,720
9159,Późno wybuch.,720
1285,Wódka gorący.,720
1852,Port.,720
3336,Handel.,719
9941,Inaczej dawno.,719
7231,Kot.,719
3365,Armia.,718
9931,Wygrać uciec.,718
5024,Chrystus.,718
5771,Wątpliwość Belgia.,718
8434,Leczenie.,718
2963,Złoto.,718
5338,Zbierać odczuwać.,718
8784,Przybyć znać.,718
2947,Natura.,718
4544,Dom.,718
6447,Prywatny.,718
1338,Przeznaczyć.,718
5910,Wyglądać.,718
2317,Próba toponim.,717
5726,Słownik niebezpieczny.,717
8698,Dlaczego poza.,717
7514,Byk.,717
5983,Uciec.,717
7691,Żelazo.,717
710,Piętnaście pozostawać.,717
3920,Atmosfera wkrótce.,716
2368,Literatura.,716
9691,Muzyka.,716
2578,Mama.,716
3345,Prędkość liść.,716
2075,Uzyskać zachodni.,716
480,Dawać jadalny.,716
1443,Bar linia.,715
6091,Moment fabryka.,715
6423,Surowy biskup.,715
9861,Sklep.,715
9172,Pomidor zaufanie.,715
4734,Ozdobny.,715
7706,Łagodny bardzo.,714
1353,Cienki szereg.,714
2403,Znaleźć.,714
5718,No pisarz.,714
1140,Efekt plecy.,714
5959,Badać.,714
9770,Kultura.,714
200,Sprawa człowiek.,714
2423,Spotkać.,714
9047,Port.,714
6891,Ziemski pić.,714
9577,Pająk park.,714
4390,Zwycięstwo teatr.,713
1554,Ogół.,713
1753,Ten Sam.,713
1417,Rodzic przyjemność.,713
9070,Sprawa.,713
1171,Towar szpital.,713
8276,Żyd.,713
5797,Student.,713
1479,Kontrola.,712
2736,Trwać więcej.,712
3931,Księżyc właściciel.,712
7333,Założyć.,712
9093,Dolina.,712
7369,8.,712
9258,Pacjent.,712
6241,Doświadczenie.,712
9090,Polski.,711
8597,Hotel.,711
3015,Projekt.,711
7819,Zazwyczaj.,711
2719,Znać rana.,711
3493,Piwo odwaga.,711
9601,Okno w formie.,711
8947,Srebrny.,711
8096,Zakład pozbawić.,711
5277,Granica.,711
825,Świecić dla.,711
2057,Znaczny Niemiec.,711
9976,Zasada sztuczny.,711
4553,Usługa motyl.,710
7582,Żywność korona.,710
9200,Wyrób.,710
7701,Zanim.,710
7997,Znaczyć.,710
52,Kontynent.,710
8423,Otworzyć strumień.,710
3672,Główny.,710
5329,40.,710
988,Wierzyć.,710
6969,Interes wywoływać.,709
7226,Rada.,709
397,Źle.,709
2332,Osiągnąć.,709
9971,Rozwiązanie lew.,709
4061,Farba posługiwać się.,709
2129,Mama.,709
6637,Ja rodowity.,709
7294,Próba.,709
5343,Niszczyć podawać.,708
5924,Łatwo.,708
7595,Temat.,708
1892,Tyle plama.,708
6747,Biskup.,708
5276,Uśmiech chodzić.,708
2506,Daleko.,708
8329,Wspaniały.,708
4341,Jej metal.,708
4659,Podstawa opuścić.,707
5474,Staw.,707
584,Hodować właściwość.,707
5265,Zawodnik.,707
8441,Upadek brzeg.,707
3866,Chłopiec.,707
6361,Dlatego koło.,707
733,Łyżka dno.,707
1300,Zdrowy.,707
9124,Handlowy.,707
3269,Motyl wrażenie.,707
3610,Wino.,707
3001,Grzyb wywodzić się.,706
6990,Sąd.,706
9816,Osiemdziesiąt.,706
4685,Na.,706
8126,Dziadek nowy.,705
4896,Różowy sukces.,705
2820,My.,705
8959,Drużyna Japonia.,705
9171,Przeciwnik.,705
4165,Używać.,705
105,Rozumieć król.,705
3953,Dodatek zapomnieć.,705
7462,Zbudować.,704
301,Wojskowy.,704
3005,Forma uderzenie.,704
5755,Akcja wrzesień.,704
913,Uciekać tworzyć.,704
546,Telewizja rozwój.,704
7764,Budynek.,704
4370,Nie Ma postawa.,703
1234,Mierzyć odważny.,703
8746,On kobiecy.,703
911,Pomagać rodzic.,703
1448,Ziarno specjalny.,703
2629,Zwyczaj burza.,703
3930,Noga.,703
6433,Sobota.,702
7572,Dusza aż.,702
3798,Jakość.,702
128,Zimno ta.,702
9896,Odcień !.,702
9315,Matka zatrzymać.,702
9925,Wzór postępowanie.,702
771,Niedźwiedź.,702
1789,Wybuch dziecko.,702
3109,Opuścić włoski.,702
4001,Wynik dokładny.,702
4476,Sędzia substancja.,702
5636,Iść pokryć.,702
4202,Jedyny układ.,702
9629,Położony.,702
6130,Nigdy chociaż.,702
2261,Gotować.,702
9158,Charakter.,701
5111,Adres.,701
4169,Zbyt.,701
8370,Szacunek.,701
8579,Pozostawać.,701
7981,Układ mieszkać.,700
6491,Kontakt.,700
1245,Obecnie.,700
2844,Zima prosić.,700
2789,Dodać konflikt.,700
3370,Europa.,700
7821,Tu.,700
8467,Odległość ramię.,700
1734,Powód kiedy.,700
6577,Kwiecień.,700
2663,Piotr nauczycielka.,699
8673,Wzór byk.,699
9928,Rynek.,699
6607,7 chłop.,699
6537,Dwanaście.,699
6534,Itp. księga.,699
4515,Pałac.,699
3064,Kult kosztować.,699
4588,Pytać.,698
7119,Rana szkoła.,698
6024,Wola czy.,698
5433,Litera.,698
6766,Trzeba.,698
4261,Drugi 70.,698
5586,Literatura.,698
2751,Dźwięk.,698
7262,Mało.,698
6531,100.,698
3072,Pojawić Się sztuka.,698
5508,Warunek.,698
3626,Piasek.,698
8913,Bogini.,697
6670,Tył dział.,697
1263,Rozwiązanie.,697
3735,Austria pół.,697
2750,Brązowy.,696
6414,Jabłko internetowy.,696
1311,Zamknąć.,696
7547,Kolor głowa.,696
6673,Działanie sowa.,696
2825,Opuścić.,696
3219,Aż futro.,696
8696,Węgiel.,695
233,Że.,695
6168,Słodki spotkać.,695
4845,Poduszka.,695
327,Jedzenie.,695
8031,Tylko.,695
672,Zabawa.,695
4575,Toponim.,695
1570,Gęś mowa.,695
8576,Widoczny.,695
6898,Dwudziesty ryba.,694
7687,Głównie.,694
290,Drugi.,694
8366,Szczęśliwy zrobić.,694
9432,Powstać gospodarka.,694
1943,Angielski.,694
1604,Sierpień chłop.,694
4034,Jak.,693
2408,Pas radio.,693
2929,Tracić tak.,693
3307,Wada posługiwać się.,693
6169,Ja.,692
7463,Kawa.,692
4886,Gwiazda.,692
8354,Sukces.,692
8262,Ostatni.,692
4669,Podział.,692
7007,Wypadek obowiązywać.,692
7195,Pojazd samica.,692
6104,Bezpośrednio osoba.,691
4976,Miejscowość.,691
5553,Układ 30.,691
2548,Czyli tani.,691
1484,Lek wprowadzać.,691
4937,Znaczny siedemdziesiąt.,691
1927,Przykład napój.,691
9987,U.,691
4016,Uzyskać.,691
646,80 spotkać.,690
4122,Brzuch zbiór.,690
3137,Dolny.,690
7668,Bawić Się ludność.,690
9908,Jądro psychiczny.,690
4041,Cały potrzeba.,690
4179,Z Powodu.,690
4532,–.,690
8010,Osiemdziesiąt.,690
954,Świnia operacja.,690
8798,Budować.,690
6267,Czerwiec we.,690
3906,Restauracja.,690
4007,Kościół prawny.,690
6307,Świeca piątek.,689
626,Ciekawy zakres.,689
9129,Kolega.,689
8212,Wczesny.,689
7674,Południowy.,689
517,Włoski królowa.,689
5376,Dać Się itp..,689
5833,Strata przygotować.,689
9710,Nocny drzwi.,688
5965,Gdzie stały.,688
7926,Powód królestwo.,688
8202,Pytać czynić.,688
2141,Wspólny.,688
669,Słoń pić.,688
3105,Obrona.,688
7274,Pomarańcza.,688
8013,Wspólny.,688
8643,Ktoś.,688
3413,Ilość.,688
2383,Wiosna często.,688
815,Używać.,688
7,Znaczny.,687
2537,Religijny.,687
1372,Gołąb.,687
6247,Udać Się zachód.,687
6313,Amerykański.,687
3853,Dół.,687
7504,Zboże przepis.,687
6149,Trochę ozdoba.,687
4430,Czekolada.,687
7807,Również.,687
5164,Zachodni.,686
5732,Podłoga film.,686
6474,Trzy narkotyk.,686
6245,Wiek szkolny.,686
5406,Uśmiech.,686
1221,Odkryć.,686
9682,Związany zamknąć.,686
9146,Śpiewać.,686
2922,Ulegać pochodzenie.,686
7815,Ci.,686
8946,Zostać że.,686
3143,Biskup wrócić.,685
1437,Nie.,685
4408,Azja.,685
9446,Różnica dzięki.,685
2424,Naturalny przedmiot.,685
9305,Tworzyć.,685
2689,Jazda włoski.,685
3260,Plama reakcja.,685
8533,Że żelazo.,685
1955,Środowisko zadanie.,685
7466,Obchodzić małżeństwo.,685
9009,Firma.,684
6528,Oś.,684
4383,Powszechny.,684
8049,Mistrz.,683
4991,Zawartość.,683
4946,Pisać samiec.,683
4586,Zapis obrót.,683
4725,Białoruski przyczyna.,683
7837,Ubranie zdolność.,682
7812,Odzież szlachetny.,682
5154,Pić zamieszkiwać.,682
901,Od.,682
6403,Zamieszkiwać.,682
7744,Teoria.,682
7937,Znosić świeca.,682
1120,Związać.,682
614,Las zajmować się.,682
6320,Odpowiedni odnosić się.,682
5064,Nauczycielka.,682
1739,Potem.,681
9412,Ukraiński.,681
2527,Technika zjawisko.,681
3969,Trudny poczta.,681
6005,Klimat.,681
3022,Ten dać.,681
8388,Dziewczyna kierunek.,681
8850,Austria mebel.,680
417,Bądź.,680
9075,Dziadek.,680
1380,Naturalny centrum.,680
5074,Prasa badać.,680
322,Niebieski.,680
182,Postawa.,680
1328,Żywność św..,680
5639,Żywność Austria.,680
7709,Ziarno mąż.,679
8633,Świnia.,679
6632,Szpital.,679
566,Surowy.,679
4581,Orzeł.,679
2566,Obecnie ściana.,679
5045,Siedzieć dno.,679
4211,Warszawa wodny.,679
7456,Las zbierać.,679
2520,Zazwyczaj trzy.,678
2101,Cień.,678
1917,Jego rozwiązanie.,678
8916,Użyć katolicki.,678
4375,Kierować źródło.,678
3405,Być.,677
2490,Przejaw.,677
1854,Liczny pojedynczy.,677
1721,Obywatelka zdarzenie.,677
5838,Artystyczny.,677
6639,Słowacki miłość.,677
9028,Narodowy kto.,677
1144,Ci.,677
6426,Śmiech.,677
6424,Znaczyć piwo.,677
9191,Substancja.,677
6179,Stanowić służyć.,677
6878,Dwa.,676
3506,Wnętrze wąż.,676
2298,Czekolada Japonia.,676
3089,Epoka pustynia.,676
9661,Wolny tam.,676
4175,Waga tytuł.,676
2066,Środkowy.,676
4416,Sztuka.,676
966,Wzdłuż.,676
4716,Kultura.,676
5741,Jakiś umożliwiać.,676
9684,Instytucja.,676
8536,Średni.,676
4035,Kościelny.,675
5373,Strata sześć.,675
860,Niedźwiedź.,675
5129,Istotny zgodny.,675
2601,Bóg.,675
8829,Parlament dwanaście.,675
9954,Akcja.,674
6718,Rzadki sportowy.,674
3783,Wydać granica.,673
6394,Postawić.,673
623,Bardzo.,673
3232,Określenie stać się.,673
9066,Łyżka.,673
3482,Światło.,673
3542,Analiza.,673
7756,Widoczny rower.,672
5890,Jadalny siła.,672
6094,Rodzaj żaba.,672
3875,Trudny handlowy.,672
2959,Zjawisko.,672
6045,Sto.,672
9197,Zawartość rozpocząć.,672
7480,Dzisiejszy opieka.,672
3538,Uderzenie.,671
3394,Dziewczynka.,671
1572,Żyd polityka.,671
6002,Łóżko zaufanie.,671
9772,Promień.,671
6530,Porządek siła.,671
2821,Wysokość.,671
2916,Wskazywać.,670
1363,Naj- analiza.,670
8899,Wspólnota.,670
9164,Sobą.,670
3165,Wieczorem adres.,670
7247,Japonia transport.,670
3407,Obchodzić.,670
2590,Zbiornik jednostka.,670
8656,Szklanka naród.,669
5739,Energia usuwać.,669
1749,Go.,669
2267,Zero.,669
5255,Pragnąć można.,669
5678,Wśród.,669
9267,Wszelki sukces.,669
5719,Dno.,669
2746,Umieszczać znaczenie.,669
8658,Posługiwać Się.,669
2135,Lód.,668
5662,Z Powodu Niemcy.,668
7564,Dodatkowy.,668
111,60 dziś.,668
1023,Znak.,668
1071,Skała tam.,668
268,Królowa klucz.,668
2686,Wykorzystywać.,668
2807,Mąż.,668
6262,Łyżka restauracja.,668
5772,Właśnie polityka.,668
8399,Prowadzić przyszłość.,667
7516,Cecha.,667
9337,Zimny zero.,667
5668,Funkcja daleko.,667
7266,Wieś.,667
6790,Pasek rolnik.,667
3190,Pełen składać się.,667
1062,Tutaj.,667
6710,Wygląd rezultat.,667
4970,Przyjść ojciec.,666
504,Zanim przyprawa.,666
4955,Wieczorem.,666
9964,Przeciwny.,666
6904,Się atmosfera.,666
1751,Ziemia spowodować.,666
6944,Nagle zwłaszcza.,666
492,Charakterystyczny.,666
4897,Rzucić wstyd.,666
3797,Farba.,666
8400,Przyjęcie.,666
6152,Założyć.,666
3395,Sąsiad handel.,666
6199,Dół szeroki.,666
3237,Przyjaźń.,666
8587,Obejmować sto.,665
5822,Wydać.,665
5240,Dobro jedenaście.,665
4887,Zwycięstwo.,665
6516,Według.,665
5694,Tutaj.,665
5974,Niedźwiedź składać.,665
7501,Dla miły.,665
702,Małżeństwo.,665
5824,Społeczny niedźwiedź.,665
5108,Dobrze stary.,664
8951,Azjatycki.,664
5896,Wszelki trzydziesty.,664
2499,Ksiądz.,664
5942,Ważny zawierać.,664
1706,Mi czeski.,664
9663,Patrzeć.,664
6937,Grzyb życie.,664
759,Różowy górny.,663
3837,Określony.,663
685,Delikatny.,663
9347,Opowiadać.,663
6569,Tajemnica łatwy.,663
8648,Królowa kamień.,663
2594,Kolacja ból.,662
7031,Północ bydło.,662
9998,Trzydziesty.,662
1850,Obowiązywać piasek.,662
7372,Wiek.,662
9486,My.,662
6098,Waga jako.,662
6547,Domowy Indie.,662
5872,Praktyka.,662
7401,Poza.,661
5644,Róg chleb.,661
4951,Procent chyba.,661
5062,Jej tkanina.,661
4706,Cebula pole.,661
2107,Grzyb.,661
1431,Majuskuła drewno.,661
6763,Powolny wycieczka.,661
4429,Kraj.,661
8422,Twarz dziesięć.,661
633,Efekt niski.,660
3848,Stary.,660
6359,Głowa.,660
6458,Niedźwiedź ludzki.,660
7350,Wchodzić nazwa.,660
8236,Drewniany.,660
3507,Wino.,660
2322,Ser komputer.,660
4402,Dowód 2.,660
7957,Przynieść.,660
2194,Chrześcijański zjawisko.,660
9433,Zdolność.,660
2952,Plama.,659
2615,Narkotyk między.,659
351,Niechęć.,659
7429,Wtorek.,659
7577,Obcy.,659
3534,Ssak.,659
9790,Męski rezultat.,659
3014,Prywatny przechodzić.,659
1267,Kwestia koza.,659
1987,Projekt spodnie.,658
318,Łagodny literacki.,658
2603,Męski.,658
3144,Należeć liść.,658
3607,Akt Warszawa.,658
2442,Gatunek dokument.,658
5149,Dziadek zrozumieć.,658
4546,Łyżka.,658
8955,Mocz.,658
212,Ciągnąć.,658
5829,Chmura.,658
3971,Szósty istota.,657
841,Działać.,657
8403,Amharski białoruski.,657
8365,Telewizyjny pająk.,657
8966,W Celu ogromny.,657
1882,Hasło.,656
9368,Lista.,656
6507,Hodować.,656
2224,Do zbudować.,655
2093,Jakość.,655
4075,Rower.,655
5201,Czekolada prosty.,655
7954,Następny ucho.,655
1270,Średni osoba.,655
4060,Zgromadzenie piec.,655
8035,Wzrost.,654
5528,Opisać.,654
5962,Kolejny punkt.,654
8253,Ciotka mleko.,654
3744,Chęć.,654
5760,Tłum rosnąć.,654
5998,Spać.,654
2420,Raz.,654
7346,Doskonały.,654
8444,Plan.,653
5713,Obejmować dziesięć.,653
1067,Oko.,653
7132,W Wyniku.,653
8129,Pełny chociaż.,653
7125,Ziemia głupota.,652
8364,Zespół policja.,652
6308,Właściciel drzwi.,652
7338,Dość.,652
11,W Czasie przynosić.,652
5142,Hotel razem.,652
6968,Drużyna stopień.,651
304,Mgła.,651
2539,Bycie.,651
2678,Urodziny świątynia.,651
3453,Kuchnia.,651
5609,Biedny gałąź.,651
3357,Godzina część.,651
3718,Układ.,650
4809,Kolano.,650
4281,Węgiel.,650
49,-.,650
2301,Koza potrawa.,650
7787,Źle róg.,649
6720,Pochodzić układ.,649
1477,Prąd samiec.,649
4354,Ślad.,649
9935,Pszczoła mięsień.,649
792,Zadanie ściana.,648
7886,Obcy te.,648
8333,Oddawać owoc.,648
1756,Pani pająk.,648
5026,Średniowieczny.,648
1627,Punkt.,648
7967,Wiek.,647
7540,Udać Się.,647
5516,Dopływ dorosły.,647
4521,Dokonać dziedzina.,647
3768,Smutny.,647
7061,Miejski.,647
6321,Połączyć ciężar.,647
656,Czysty.,647
8963,Jedynie.,647
8,Włochy ojczyzna.,647
9627,Wykonanie.,647
4466,Poniedziałek ubogi.,647
4771,Połowa.,647
5136,Dwa jednostka.,646
1250,Istotny źle.,646
2357,Położony ulica.,646
5312,Igła.,646
6722,Kartka przyjęcie.,646
5633,Osiemdziesiąt wilk.,646
515,Wybrać.,645
4689,Arabski.,645
4530,Obwód.,645
5275,Imię pochodzić.,645
2201,Pustynia.,645
3868,Smutny zaburzenie.,645
5487,Ciężar szybki.,645
2134,Postawić.,645
8513,Pozycja odważny.,644
6225,Wtorek.,644
2429,Cztery.,644
5028,Zapomnieć.,644
7792,Śnieg.,644
3314,Ziemia.,643
9603,Drugi.,643
9504,Proszę.,643
9524,Życie.,643
5950,Przejaw.,643
5405,Polska dyrektor.,643
9847,Piętro dom.,643
5692,Nie zawodnik.,643
6201,Ukraina Hiszpania.,643
8891,Znaczny wchodzić.,643
9149,Owoc ciągnąć.,643
574,Podawać.,643
2174,Moment.,643
5588,Rzym przeznaczyć.,642
1874,Wykorzystywać pracownik.,642
4159,Środkowy.,642
2190,Wieczorem ptak.,642
8390,Pierś.,642
970,Obraz łączyć.,642
2625,Ziemniak sędzia.,642
7152,Musieć.,642
5560,Elektryczny przyjmować.,642
1206,Polityka efekt.,642
4229,Oddać.,642
2524,No duch.,642
9543,Pasmo uczyć się.,641
4044,Przedstawienie gorący.,641
5624,Owad gorączka.,641
204,Bitwa chyba.,641
3221,Umiejętność.,641
4183,Pomidor azjatycki.,641
148,Już sieć.,641
255,Wina przyjść.,641
4366,Przedsiębiorstwo.,641
5691,Ta.,641
1225,Mieć.,641
457,Duński.,641
8796,Wracać.,641
8166,Zaczynać świecić.,640
5659,Kolorowy rodzinny.,640
372,Oddział w wyniku.,640
833,Kolor prezent.,640
2158,Bądź hotel.,640
9996,Spowodować głupota.,640
2544,Czarny.,640
3474,Taniec pisanie.,639
6880,Czytać.,639
8779,Polska sukces.,639
9210,Własność.,639
7632,Owoc.,639
9309,Organ.,639
9946,Ocean.,638
484,Wywoływać.,638
5093,Uchodzić.,638
8884,Głęboki właściwy.,638
460,Umożliwiać.,638
5782,Radio.,638
7887,Różny.,638
1115,Skończyć nasiono.,637
6261,Wypadek chiński.,637
3343,Chociaż.,637
4081,Widoczny ja.,637
1525,50 stanowisko.,637
5283,Organ.,637
8507,Słowacja.,637
5867,Znowu złożony.,636
4537,Podatek.,636
7397,Wolno.,636
269,Zysk.,635
847,Polityczny ogród.,635
2642,Dania.,635
511,Ocean kula.,635
7686,Kościelny.,635
518,Radość stosunek.,634
3359,Miesiąc fizyczny.,634
2482,Zły.,634
5681,Nazwa oni.,634
1333,Strata.,634
8473,Samolot część.,634
5596,Pytać.,634
5207,Potem kupować.,633
5810,Relacja.,633
1959,Otoczenie pałac.,633
974,Nagły znany.,633
6745,Pokryć.,633
7566,Pani.,633
2624,Te.,632
7945,Zbiór.,632
9415,Uchodzić około.,632
1301,Prostytutka orzeł.,632
3695,–.,631
2591,Pragnienie.,631
3654,Instytucja.,631
6257,Piąty wykonywać.,631
4942,Moneta przejaw.,631
2843,Partia rodzina.,631
6004,Okres.,631
9045,Czasownik wziąć.,631
8996,Papier.,631
7242,Jeśli białoruski.,631
5280,Umieszczać godność.,631
6144,Babka.,631
3936,Robota.,630
4648,Zwrot stan.,630
2817,Jeśli rejon.,630
7166,Zbudować pierwiastek.,630
4289,Korzeń promień.,630
5284,Wypowiedź osoba.,630
4605,Naj- głównie.,630
9221,Gdyby źle.,629
3599,5.,629
8889,7.,629
3044,Niedźwiedź.,629
8556,Jan.,628
4721,Konflikt paliwo.,628
1832,Filozofia relacja.,628
608,Małżeństwo miękki.,628
765,My.,628
9915,Przerwa.,628
9831,Stanowić archipelag.,628
7611,Z ten sam.,628
333,Bo jutro.,628
3754,Stolica ogród.,628
5653,Stowarzyszenie.,628
9359,Pomarańcza imię.,628
7714,Głupota.,628
6985,Duży.,628
9024,Odcień ludowy.,627
4919,Forma Szwecja.,627
6460,Plecy.,627
8142,Seks.,627
1974,Paliwo.,627
7173,Głos.,627
9137,Zapomnieć.,626
9830,Poeta.,626
3733,Zapomnieć.,626
2801,Deska.,626
7940,Epoka pozbawić.,626
7991,Mąka wzór.,626
329,30.,626
3325,Ciągle.,626
4724,Który.,626
152,Błąd wolność.,625
9215,Wada wybitny.,624
5084,Mówić wyścig.,624
6735,Daleki.,624
3408,Świnia europejski.,624
1158,Klasa miły.,624
2608,Kolacja.,624
4142,Gospodarczy.,624
251,Zeszły praca.,624
3746,Czysty czas.,624
2585,Moc abugida.,624
1459,Rok uważać.,623
7078,Azja staw.,623
5534,Gałąź.,623
6845,Sportowy postępowanie.,623
5923,Pierwszy igła.,623
8545,Pięćdziesiąt znak.,623
8361,Kraj.,622
659,Zachowanie nocny.,622
635,Dziewięćdziesiąt cmentarz.,622
1503,8 ciężki.,622
1738,Dla palić.,622
1188,Kościół kształt.,622
1822,Muzyka obcy.,622
5016,Norma.,622
4282,Dawać.,621
2430,Móc –.,621
1602,Węgiel.,621
6931,Posługiwać Się.,621
6731,Władca w kształcie.,621
8974,Pociąg kochać.,621
5750,Nauka.,621
4871,Zdanie.,621
5569,Wysyłać świątynia.,621
6137,Temu.,620
9871,Zbiornik.,620
6535,Scena seks.,620
1058,Królestwo.,620
7750,Scena.,620
9537,Stopień w..,620
3492,Centralny.,619
3480,Prostytutka kolejowy.,619
1068,Nikt.,619
8395,Świeży uczucie.,619
8133,Futro samiec.,619
5882,Czyn na.,619
6558,W..,619
6356,Wyścig.,619
8427,Jeden płyta.,619
4219,Przyszły prawie.,619
9969,Znak.,619
7224,Dane.,619
3262,Wnętrze.,618
8325,Papieros imię.,618
8360,Który dwudziesty.,618
3649,Specjalista okrągły.,618
1318,Podać.,618
543,Dziedzina wielki.,618
5737,Dane.,618
9437,Bycie ogień.,618
9900,Pole Szwecja.,618
3209,Pozostawać.,618
8987,Sukienka.,618
5385,Rachunek pojawiać się.,617
439,Okoliczność.,617
8204,Wszystkie.,617
7236,Pytanie mieć na imię.,617
8040,Lecz.,617
6552,Australia trudno.,617
8362,Nastrój.,616
7612,Niebezpieczeństwo żywność.,616
6741,Nazywać.,616
7509,Chrystus.,616
2859,Różnica.,616
1588,Nieprzyjemny.,616
755,Działalność pojechać.,616
1615,Zając wrócić.,616
6692,Szkodliwy młody.,616
4931,Czy.,616
6711,Czuć szeroki.,615
1320,Powód stopień.,615
4012,Ciepły papieros.,615
7356,Zbierać.,614
1306,Pochodzić wojsko.,614
9968,Marka.,614
7765,Pałac.,614
3145,Wieża.,614
9242,Kolor w celu.,614
287,Papież smutny.,614
7638,Grzyb piec.,613
4852,Oficjalny.,613
9141,Sprzedawać.,613
1677,Zapis.,613
4463,Kto atak.,613
9247,Uciekać zdobyć.,613
5889,Blisko.,613
3606,Bogaty surowy.,612
8612,Wprowadzać odpowiedni.,612
5733,Przedstawiciel dzięki.,612
1633,Zbiornik.,612
3985,Tysiąc analiza.,612
3965,Transport.,611
6084,Boże Narodzenie.,611
2673,Katolicki.,611
3133,Funkcja niechęć.,611
1650,Zachodni.,610
2783,Kapelusz między.,610
7198,Bułgarski.,610
8414,Biedny.,610
169,-.,609
5793,Katastrofa ciecz.,609
4259,Znany przybyć.,609
5700,Wrogi.,608
9483,Dokładnie.,608
4694,Pojazd.,608
8934,Kolejny smutek.,608
3179,Liczyć.,608
8993,Owoc.,608
6471,Złoto cecha.,608
8695,Za.,608
8097,Kiedyś.,608
2964,Łuk w formie.,608
1290,Za.,607
9884,Zachodni.,607
450,Wybór.,607
5652,Związek wódka.,607
6687,Tradycja.,607
7679,Pasek wpływ.,607
8135,Kontakt.,607
1916,Stowarzyszenie.,607
7627,Wyścig.,606
2363,Rolnik wyścig.,606
7803,Kult doskonały.,606
784,Więc.,606
8018,Duński czyn.,605
7912,Państwowy kolega.,605
2833,Związek.,605
6056,Leżeć.,605
5956,Jedzenie.,605
2896,Zamiast tablica.,605
6875,20.,605
8056,Kolejowy razem.,604
9126,Pismo.,604
2411,Robić koncert.,604
5789,Mistrz.,604
3434,Poprzez wioska.,604
8105,Jeździć.,604
1296,Czarny.,603
2209,Ten piwo.,603
7722,Sala.,603
4232,Wszyscy.,603
998,Wróg rysunek.,603
2334,Październik.,603
7488,Łąka.,603
4998,Rodzaj cecha.,603
8446,Przeszłość.,603
6325,Dzielnica zbudować.,602
2259,Pochodzenie łóżko.,602
6683,Wschodni liczba.,602
5004,Północny.,602
9248,Strach.,602
1836,Wybitny telewizja.,602
2890,Umożliwiać.,601
5253,Ogród.,601
6133,Międzynarodowy.,601
7913,Plemię badać.,601
4342,Więc.,601
9815,Szeroki strefa.,601
8530,Wzrost.,601
9813,Lipiec.,601
6255,Zawodowy.,601
4756,Pisanie.,601
6873,Wrzesień.,601
8112,Ten epoka.,601
2747,Obecnie złoty.,601
7834,Góra.,601
5236,Rzucić naturalny.,601
1883,Średni.,600
3575,Ubranie wewnątrz.,600
3006,Środek.,600
4467,Obywatel.,600
1149,Przypadek elektryczny.,600
2250,Mięso.,600
8544,Pomóc.,599
593,Kaczka.,599
2794,Że.,599
4538,Przeciwko.,599
7038,Szkodliwy.,599
7058,Płynąć.,599
3813,Suma.,599
3334,Religijny wysoki.,599
2834,Rozwiązanie samiec.,598
8902,Chrześcijaństwo.,598
2118,Kosz używać.,598
4148,Strumień przeciwko.,598
366,Te.,597
1154,Prosty 70.,597
981,Deska.,596
9613,Płacić 10.,596
799,Futro.,596
2617,Wiele wygląd.,596
4649,Duński.,596
4780,Zjawisko obraz.,596
7998,Szczególny przypadek.,595
2068,Trzydziesty.,595
6454,Uważać.,595
2243,Stworzyć.,595
7827,Znowu.,595
1840,Rana Anglia.,594
5023,Wprowadzać.,594
4626,Świeca.,594
6635,Mieszkanka.,594
2407,Postać.,594
7665,Rak przybyć.,593
2990,Młody.,593
1505,Chiński wejście.,593
1175,Międzynarodowy oficjalny.,593
8291,Przyszły początek.,593
7718,Pisać.,592
678,Bawić Się styl.,592
6901,Funkcja zimny.,592
9257,Czwartek naprawdę.,592
8787,Niszczyć.,592
3882,Ksiądz.,592
706,Proszę decyzja.,592
1252,Dodawać dobry.,591
1451,Film w końcu.,591
7931,Zmienić większy.,591
861,Pan.,591
8724,Radość poprzez.,591
2901,Oddać.,591
3188,Otoczenie styczeń.,591
3769,Podczas.,590
9943,Republika lata.,590
6034,Usta.,590
8030,Miód wcześnie.,590
9899,Wysokość.,590
1757,Osioł handel.,590
8802,Zwolennik zespół.,590
8872,Być bieg.,590
735,Element wyrób.,590
8826,Spór 7.,590
5522,Prywatny wschód.,589
2318,Wszystko.,589
2802,Sobą ono.,589
9574,Policjant technika.,588
5561,Tradycyjny nagły.,588
9985,Dość.,588
8570,Przeznaczyć przeszkoda.,588
3613,Nikt.,588
4528,Mieć.,588
8191,Jeść.,588
4531,Otworzyć.,588
1319,Mój płakać.,588
3716,Narkotyk.,587
8137,Piasek występować.,587
387,Dowód.,587
6677,Odcinek milion.,587
2741,Małżeństwo zawartość.,587
46,Pieniądze dom.,587
8230,Typ.,587
8609,Prowincja.,587
8124,Wiersz.,587
6492,Zakończyć szukać.,586
4825,Poprzez tłuszcz.,586
7108,Wiedzieć.,586
2295,Kawałek spać.,586
5380,Uczucie właściwość.,585
908,Gdy.,585
2552,Dialekt.,585
8581,Łóżko blady.,585
6155,Dział lina.,585
8381,Ptak.,584
7072,Pomóc przyrząd.,584
7811,Kierować.,584
9417,Pani pozycja.,583
3668,Funkcja.,582
4240,Lato motyl.,582
1217,Suchy zabawka.,582
1773,Wielki.,581
508,Połączenie.,581
4749,Otwarty.,581
456,Litera wysoki.,581
8240,Pierwiastek Chemiczny tablica.,581
2880,Zgoda temat.,580
7666,Uzyskać kolor.,580
1656,Coś połączenie.,579
5248,Obrót lub.,579
5143,Stanowić urodzić się.,579
4861,Bilet muzeum.,579
2998,Ziemski niektóry.,579
6514,Godny chłopiec.,579
2849,Pasmo długo.,579
2065,Dzisiaj.,579
353,Ogień.,578
4155,Literacki połączenie.,578
1809,Łódź.,578
69,Nad mój.,578
5261,Pomagać.,578
4834,Ośrodek.,578
628,Zakon.,578
2764,Policja tłum.,577
7409,Świat.,577
4396,Tradycyjny futro.,577
8165,Wypowiedź tekst.,577
2308,Biec.,577
7484,Koza.,576
6916,Kalendarz.,576
1783,Funkcja Warszawa.,576
3847,Przeprowadzać właściwy.,576
3609,W Czasie chmura.,576
9561,Zapis.,576
1713,Moment piasek.,576
8912,Grać.,575
7962,Zrozumieć.,575
8209,Mało chodzić.,575
4936,Oczekiwać.,575
4806,Początek.,575
2394,Czyn.,574
3579,Brak potrzebować.,574
7028,Typ gęsty.,573
4790,Kobieta społeczny.,573
90,Gdzieś.,573
8087,Gniew.,573
6183,Zajmować Się mieć na imię.,573
5908,Związać sukces.,572
3206,Pokój.,571
6167,Mężczyzna.,571
3069,Widok.,571
8952,Wniosek.,570
4235,Pies akt.,570
2150,Telefon.,570
7297,Głód europejski.,570
8593,Stosować pióro.,570
2212,Wrogość babcia.,570
6382,Wygląd.,569
5199,Pierś.,569
4513,Akt powierzchnia.,569
3531,Historyczny.,569
3596,Wyraz policzek.,569
7322,Średni szary.,569
5069,Strefa medycyna.,568
530,Sprzęt.,568
3390,Pojechać.,568
6981,Średniowieczny tracić.,568
7548,Muzyk.,568
7145,Przerwa.,568
7654,Ślub mgła.,567
837,Wspaniały.,567
134,Zwycięstwo rozmawiać.,566
5422,Mama.,566
3351,Historyczny.,566
9692,W Celu stary.,566
9924,Ludowy kwiat.,565
7901,Kolacja.,565
4957,Myśleć.,564
7383,Żelazo.,563
9110,Przyjaciel trzydzieści.,563
8407,Możliwość głupi.,563
83,Chłopiec piętro.,562
9111,Osiem.,562
4239,Myśleć.,562
497,Nadzieja spodnie.,562
1022,Wątpliwość.,561
4679,Coś wspólnota.,561
2218,Sprzedawać tamten.,561
7672,Udać Się prowadzić.,561
3268,Burza obowiązek.,560
6210,Chrystus.,560
4037,Uśmiech.,560
1016,Warzywo partia.,559
9302,Nowy.,559
9032,Wiele ciężki.,559
4661,Wydawać zwolennik.,559
5110,Krok.,559
3386,Chiny.,558
4411,Wartość pisać.,558
5526,Lubić trudno.,558
3273,Złapać naprawdę.,558
6218,Deszcz czarny.,558
4850,Łóżko a.,558
7320,Mięsień.,557
6653,Słownik silny.,557
5615,Sądowy radiowy.,557
2188,Kontrola.,557
2274,Dziób dyskusja.,557
3374,Promień temperatura.,557
6726,Postępowanie.,556
5286,Studiować.,556
9927,Kanał.,556
6086,Bogaty zamiar.,555
6672,Nieszczęście psychiczny.,555
306,–.,555
1785,Osobisty nocny.,555
2206,Metr jeszcze.,554
8384,Katastrofa Rzym.,553
4198,Wybór dla.,552
5973,Dokładnie po prostu.,552
6107,Sylaba.,552
228,Herb muzeum.,552
7169,Istnieć.,551
5320,Czas.,551
5254,Reakcja pusty.,551
6914,Pół umożliwiać.,551
6192,Trzeci.,550
5751,Proces.,550
216,Skutek zająć.,549
9528,Rozmiar babka.,549
6824,Zamykać.,549
6148,Jądro.,548
3196,Związany żaden.,548
1499,Przyjemny.,548
657,Różny.,548
97,Rządzić.,547
4631,Kosztować.,547
6663,Niebo majuskuła.,546
1342,Twardy wysoko.,546
8840,Poruszać daleko.,546
4364,Arabski wąski.,545
6884,Straszny dokonać.,545
6443,Naukowy wzdłuż.,545
2909,Piętro król.,544
7660,Ptak kraina.,544
4505,Sędzia opisać.,544
1155,Waluta wyłącznie.,543
6229,Dziki gdzie.,543
5299,Wujek.,542
8601,Różowy podobny.,542
408,Ciotka.,542
3877,Wiatr.,541
6289,Komórka graniczyć.,541
5440,Muzeum.,540
2063,Czyli.,540
3258,Mózg znajdować.,539
3450,Grób znosić.,538
648,Siedzieć właściwy.,538
2247,Przyjść Kraków.,537
1313,Jego poduszka.,537
6744,Wciąż.,536
1133,Dźwięk polityka.,536
4719,Kapelusz bezpieczeństwo.,536
1800,Kanał.,535
3456,Pole.,535
4253,Trudność.,534
5394,Wola który.,533
4314,Zamknąć dziwny.,532
6425,Okropny.,532
4458,Położenie.,532
2180,20.,531
1774,Polegać poeta.,531
7941,Pływać znowu.,530
8865,Część październik.,530
6108,Zboże.,528
1197,Afganistan.,527
2917,Obowiązywać.,527
994,Moneta.,527
3550,Kuchnia.,527
496,Cisza jutro.,526
8490,Wnętrze.,526
849,Dzielnica klasa.,526
8744,Leczenie analiza.,526
8337,Grzech.,525
9166,Bieg.,525
3353,Sylaba biskup.,524
6665,Piłka Nożna.,524
8132,Cena.,524
642,Zachowanie.,524
4519,Zima.,523
8652,Poduszka wzgórze.,521
7447,Mleko.,521
4295,Częściowo delikatny.,521
338,Zbiór.,521
8346,Studia.,520
8690,Z Krwi I Kości spokojny.,519
8171,Krew ostry.,519
4960,Ogień czyn.,518
3772,Te urządzenie.,518
9119,Tracić.,518
4868,Miara.,516
9751,Telefon.,515
2555,Gleba jednak.,514
3366,Głęboki.,514
8451,Zajęcie tarcza.,512
949,Nigdy ptak.,512
4877,Dostać.,510
2530,Skłonność.,510
5660,Wszyscy.,509
4356,Dobro grób.,509
1509,Podawać.,508
3822,Dziób tylko.,506
2157,Rosnąć.,505
895,Przyszły mowa.,505
1678,Czas zainteresowanie.,505
572,Zmienić.,503
3784,Zimny.,503
9163,Rola wysiłek.,503
4057,Podatek.,502
1421,Obowiązek.,501
7511,Szkodliwy.,501
3811,Granica.,500
1404,Oni.,500
4018,Pytanie grupa.,500
4728,Lew.,499
3419,Piasek orzeł.,497
7610,Zaufanie.,496
5262,Napisać ich.,495
9881,Tor.,495
9762,Polityk sztuka.,494
3108,Uczyć głupek.,493
2232,Adres królowa.,490
6385,Tytoń.,489
8975,Rzym.,488
1761,Ludowy.,484
7717,Wobec.,483
199,Sok pasmo.,480
6734,Pieśń.,479
3177,Dzień.,478
6215,Liczyć składać się.,478
1968,Lubić.,478
22,Deszcz.,476
8710,Owad robotnik.,470
4613,Indie.,468
6279,Przedstawiać.,468
4529,Zakończyć znaleźć.,468
6120,Nazwa.,466
5036,Pozycja.,464
9469,Czapka.,462
3732,Czterdzieści olej.,461
3122,Numer.,460
4924,Uznawać.,460
5839,Lina starożytny.,457
4633,Szef że.,453
7171,Dlatego przepis.,451
321,Informacja intensywny.,448
4227,Lata rada.,440
9763,Rzeka łatwy.,437
4906,Smak trudno.,435
3625,Malować modlitwa.,435
5033,Spać.,433
8849,Wszystko głupek.,428
2611,Nasiono.,426
9737,Anglia.,424
4310,Zbudować księżyc.,423
9680,Ryzyko program.,421
9358,Dziewczynka robota.,420
2245,Niemiecki piosenka.,419
5291,Wielkość.,418
2326,Wczesny występować.,415
1129,Walczyć.,413
5251,Myśl.,412
6053,1000 zająć.,412
4527,Farba oddać.,410
905,Smak część.,398
7358,Pasek Rzym.,396
3430,Ojciec.,396
9825,Bar.,395
5916,Zobaczyć znajdować się.,393
6232,Istota nauka.,392
6994,30 instytucja.,387
5438,Bo.,386
3192,Podobny ponownie.,386
9233,Ludzki.,385
2168,Przecież.,382
3285,Teoria wyglądać.,376
1156,Bok.,370
3925,Byk sprzęt.,369
652,Podawać mieszkaniec.,361
5217,Mój Litwa.,355
4680,Dwadzieścia łuk.,355
5781,Skład głupek.,355
3376,Pomidor mi.,354
544,Zapomnieć.,354
1419,Córka.,353
446,Pomarańcza zero.,352
4660,Lata.,352
4708,Na.,350
3457,Jeść 6.,350
4220,Sport Ameryka.,347
4508,Dach.,347
2616,Finansowy.,344
4914,Mąż bo.,343
9061,Używać ciasto.,338
171,Cena.,329
9030,Opinia.,322
6413,Wygląd.,321
6200,Niech nieprzyjemny.,318
3071,Mocno słuchać.,316
7552,Lot odczuwać.,312
9739,Wszystkie.,307
9094,Wywodzić Się przestrzeń.,301
5951,Stać 10.,298
2932,Rozumieć.,294
6524,Szanowny wybierać.,290
245,Turcja ochrona.,285
2752,? mleko.,285
2855,Z Krwi I Kości podróż.,278
6135,Babcia aż.,277
6501,Głupi.,266
5996,Poprzez.,264
6188,Czerwony wolny.,261
9211,Świeży.,258
6886,Poza dostęp.,249
2044,Słuchać.,247
8239,Wolność powietrze.,245
9876,Stawać Się.,245
5187,Pożar świecić.,242
8339,Zrozumieć.,238
1887,Naukowiec.,235
8263,Butelka sprzedaż.,227
4507,Drogi.,214
7505,Sztuczny.,213
9982,Ośrodek niebezpieczeństwo.,211
4495,Wioska.,209
1236,Stosować jasny.,206
1122,Funkcja wy.,204
6703,Bogactwo poeta.,200
8408,Znosić mama.,198
1014,Rosyjski.,191
649,Przejście rozmowa.,189
2718,Odnosić Się.,188
9228,Strona.,187
5542,Strumień.,182
8161,Słoń park.,182
9589,Suchy strój.,176
4723,Szereg temu.,176
3067,Interes.,165
8123,Żołnierz bycie.,150
