special_offer_id,name,amount,free_tickets_count
953,futro,10.00,1
8186,rozumieć,10.00,1
7518,2,10.00,1
1475,intensywny,10.00,1
1058,konstrukcja,10.00,1
264,łyżka,10.00,1
177,projekt,10.00,1
9205,osiem,10.00,1
9851,podłoga,10.00,1
7616,rozmowa,10.00,1
9652,środkowy,10.00,1
8072,ciągnąć,10.00,1
5097,ja,10.00,1
736,także,10.00,1
2138,gdzieś,10.00,1
2990,składać,10.00,1
365,pomarańcza,10.00,1
8656,podczas,10.00,1
8049,na przykład,10.00,1
686,muzyka,10.00,1
514,ciąża,10.00,1
2191,lina,10.00,1
1216,używać,10.00,1
994,rozmowa,10.00,0
3798,sportowy,10.00,0
6823,produkcja,10.00,0
9035,nie-,10.00,0
6025,bar,10.00,0
2047,telewizja,10.00,0
1244,osiem,10.00,0
7677,zwierzę,10.00,0
4719,użytkownik,10.00,0
822,sto,10.00,0
5086,odpowiedni,10.00,0
8270,spokojny,10.00,0
3177,ukraiński,10.00,0
9236,znak,10.00,0
9113,ptak,10.00,0
6678,miesiąc,10.00,0
2687,pająk,10.00,0
8319,oglądać,10.00,0
9830,poeta,10.00,0
9846,nazywać,10.00,0
6323,międzynarodowy,10.00,0
2976,pojazd,10.00,0
534,m.in.,10.00,0
808,leczenie,10.00,0
9789,obcy,10.00,0
6673,zapis,10.00,0
5936,dusza,10.00,0
218,przeciwko,10.00,0
7969,list,10.00,0
4749,wilk,10.00,0
4610,Stany Zjednoczone,10.00,0
6989,delikatny,10.00,0
3400,historia,10.00,0
579,robić,10.00,0
1450,rosnąć,10.00,0
7563,widzieć,10.00,0
2042,głupi,10.00,0
3138,gwiazdozbiór,10.00,0
5489,opieka,10.00,0
4571,silny,10.00,0
2544,jako,10.00,0
8749,zazwyczaj,10.00,0
4476,grać,10.00,0
5336,naród,10.00,0
5440,on,10.00,0
3879,zbyt,10.00,0
9172,pamiętać,10.00,0
6542,należeć,10.00,0
5551,krew,10.00,0
9729,kolacja,10.00,0
1545,minuskuła,10.00,0
8391,kieszeń,10.00,0
5893,europejski,10.00,0
6415,pytanie,10.00,0
6074,udział,10.00,0
3808,głos,10.00,0
561,stanowisko,10.00,0
1237,udać się,10.00,0
9294,kąt,10.00,0
4468,Hiszpania,10.00,0
6859,nikt,10.00,0
26,utrzymywać,10.00,0
7172,łagodny,10.00,0
3608,godzina,10.00,0
2430,norma,10.00,0
2408,kilometr,10.00,0
8385,kobieta,10.00,0
1181,wóz,10.00,0
348,marzec,10.00,0
4829,praktyka,10.00,0
8342,adres,10.00,0
8403,zaburzenie,10.00,0
5946,ziarno,10.00,0
393,określać,10.00,0
3352,prawie,10.00,0
1151,wykonanie,10.00,0
5218,tył,10.00,0
5979,mistrz,10.00,0
8538,styczeń,10.00,0
1204,skrzydło,10.00,0
2089,kobieta,10.00,0
619,ludzie,10.00,0
9665,mistrz,10.00,0
9381,złożony,10.00,0
2873,po,10.00,0
1976,według,10.00,0
3655,sztuczny,10.00,0
8623,sobie,10.00,0
2908,ziemski,10.00,0
1574,zgoda,10.00,0
4768,inaczej,10.00,0
4313,głupi,10.00,0
1472,rower,10.00,0
1756,70,10.00,0
6850,służba,10.00,0
5920,alkoholowy,10.00,0
7447,jeden,10.00,0
5942,rasa,10.00,0
9711,ciemność,10.00,0
3336,telewizyjny,10.00,0
6324,wreszcie,10.00,0
8495,ciąża,10.00,0
5570,szlachetny,10.00,0
8894,firma,10.00,0
7326,chyba,10.00,0
4854,przyjść,10.00,0
5188,zamieszkiwać,10.00,0
3970,6,10.00,0
9744,pierwiastek,10.00,0
8475,cecha,10.00,0
3397,zgodny,10.00,0
4796,szkolny,10.00,0
6582,wstyd,10.00,0
5546,dawać,10.00,0
7211,doprowadzić,10.00,0
3038,sukces,10.00,0
6549,skala,10.00,0
7911,intensywny,10.00,0
9927,narząd,10.00,0
5101,biuro,10.00,0
4098,korona,10.00,0
2026,wywodzić się,10.00,0
3313,ja,10.00,0
681,skutek,10.00,0
8248,przez,10.00,0
8537,tu,10.00,0
9265,postać,10.00,0
1115,kapelusz,10.00,0
9365,ozdoba,10.00,0
987,dziać się,10.00,0
3709,rozmiar,10.00,0
2565,więc,10.00,0
13,gniazdo,10.00,0
666,mąż,10.00,0
4909,plaża,10.00,0
2223,niewielki,10.00,0
250,niezwykły,10.00,0
321,wyraz,10.00,0
8190,dzieło,10.00,0
4597,mi,10.00,0
2827,wróg,10.00,0
4163,babcia,10.00,0
5935,okropny,10.00,0
7726,broń,10.00,0
6968,but,10.00,0
9671,powstać,10.00,0
7896,piłka,10.00,0
2189,futro,10.00,0
6607,pierwszy,10.00,0
8301,organizacja,10.00,0
6255,okropny,10.00,0
1239,arabski,10.00,0
6659,chleb,10.00,0
757,średniowieczny,10.00,0
5496,naturalny,10.00,0
8548,związać,10.00,0
9215,kontrola,10.00,0
284,ziemia,10.00,0
455,ubogi,10.00,0
5845,dziadek,10.00,0
4375,wyrażać,10.00,0
5187,cierpienie,10.00,0
3996,Jezus,10.00,0
1301,jego,10.00,0
9613,pani,10.00,0
1413,Kraków,10.00,0
9214,kobieta,10.00,0
7966,w czasie,10.00,0
9015,w formie,10.00,0
966,głośny,10.00,0
2193,papieros,10.00,0
9097,urządzenie,10.00,0
8020,przeciwnik,10.00,0
4639,los,10.00,0
6964,państwowy,10.00,0
5081,znajdować się,10.00,0
9056,mrówka,10.00,0
2522,styl,10.00,0
8605,tytoń,10.00,0
5581,obrona,10.00,0
2554,niektóry,10.00,0
9600,charakterystyczny,10.00,0
7331,walka,10.00,0
3036,parlament,10.00,0
6750,wyłącznie,10.00,0
9594,użytkownik,10.00,0
6312,tłumaczyć,10.00,0
9158,jakiś,10.00,0
1157,gra,10.00,0
657,martwy,10.00,0
5175,zwierzę,10.00,0
4402,z,10.00,0
8769,otwarty,10.00,0
3534,krótki,10.00,0
4242,20,10.00,0
8518,barwa,10.00,0
8583,artykuł,10.00,0
5745,budynek,10.00,0
4463,ładny,10.00,0
2382,doskonały,10.00,0
2368,pomysł,10.00,0
3525,zły,10.00,0
8701,spać,10.00,0
6499,6,10.00,0
5598,gęś,10.00,0
9700,poruszać się,10.00,0
5775,miękki,10.00,0
7757,służba,10.00,0
1918,Grecja,10.00,0
2339,kultura,10.00,0
8925,krzew,10.00,0
4320,ja,10.00,0
6344,orzeł,10.00,0
2365,śmiech,10.00,0
4969,artykuł,10.00,0
5185,dzisiaj,10.00,0
8418,równy,10.00,0
4718,uniwersytet,10.00,0
4211,pół,10.00,0
5230,śmiać się,10.00,0
3980,osoba,10.00,0
9010,podać,10.00,0
8126,moment,10.00,0
5002,zamiast,10.00,0
7226,dość,10.00,0
290,duży,10.00,0
8752,poczta,10.00,0
3162,trudno,10.00,0
9363,przedmiot,10.00,0
4294,powierzchnia,10.00,0
5659,tu,10.00,0
6135,grzech,10.00,0
7693,jesień,10.00,0
1357,górny,10.00,0
5609,rzeczywistość,10.00,0
1505,naprawdę,10.00,0
6755,odcień,10.00,0
6487,Turcja,10.00,0
5758,silnik,10.00,0
2633,sen,10.00,0
1907,zima,10.00,0
1959,chwila,10.00,0
1890,pieśń,10.00,0
1922,minerał,10.00,0
3851,wiadomość,10.00,0
5378,wzdłuż,10.00,0
595,pieniądz,10.00,0
4944,bezpośrednio,10.00,0
6889,pas,10.00,0
7004,plac,10.00,0
1006,wojsko,10.00,0
4816,jeden,10.00,0
5318,dodawać,10.00,0
1642,radiowy,10.00,0
7001,motyl,10.00,0
6196,coś,10.00,0
8096,czapka,10.00,0
3755,30,10.00,0
3537,człowiek,10.00,0
3244,zaś,10.00,0
7814,obowiązek,10.00,0
5398,ściana,10.00,0
4970,poruszać się,10.00,0
4880,strefa,10.00,0
9755,rola,10.00,0
6766,wybrać,10.00,0
6997,sprzedaż,10.00,0
7279,nad,10.00,0
7263,znak,10.00,0
8070,łączyć,10.00,0
358,tor,10.00,0
5267,pytać,10.00,0
976,że,10.00,0
7593,kosztować,10.00,0
7936,nauczycielka,10.00,0
7178,kolor,10.00,0
951,liczba,10.00,0
7831,przestępstwo,10.00,0
2458,przestępstwo,10.00,0
5466,tysiąc,10.00,0
3958,późny,10.00,0
3238,powierzchnia,10.00,0
3787,chyba,10.00,0
3724,oczekiwać,10.00,0
9157,obrót,10.00,0
7784,żaden,10.00,0
5259,gniew,10.00,0
6375,zbierać,10.00,0
7944,jajko,10.00,0
8313,1000,10.00,0
2222,osiem,10.00,0
131,kilometr,10.00,0
5545,prowincja,10.00,0
8687,smak,10.00,0
9089,zdobyć,10.00,0
8738,wesoły,10.00,0
4843,zaczynać,10.00,0
5486,ryż,10.00,0
7669,skłonność,10.00,0
7307,muzyka,10.00,0
4799,płacić,10.00,0
3318,Dania,10.00,0
1973,wychodzić,10.00,0
3473,wiosna,10.00,0
1564,rozumieć,10.00,0
1697,policja,10.00,0
6644,inny,10.00,0
5968,komputer,10.00,0
369,kierowca,10.00,0
9582,za pomocą,10.00,0
8146,całkiem,10.00,0
3416,norma,10.00,0
1947,nosić,10.00,0
4055,sprzęt,10.00,0
6770,filmowy,10.00,0
7535,mało,10.00,0
4657,odwaga,10.00,0
2815,ze,10.00,0
5322,popularny,10.00,0
8314,usługa,10.00,0
1666,powstawać,10.00,0
6474,mieszkać,10.00,0
6546,plemię,10.00,0
7370,scena,10.00,0
2611,jadalny,10.00,0
6295,zwolennik,10.00,0
6493,jasny,10.00,0
4881,chory,10.00,0
5314,żołądek,10.00,0
4134,dwanaście,10.00,0
4263,spadek,10.00,0
4070,pytanie,10.00,0
9495,krótki,10.00,0
6385,wygrać,10.00,0
4813,Pan,10.00,0
7185,wojna,10.00,0
9271,chemiczny,10.00,0
229,zdanie,10.00,0
3668,ziemski,10.00,0
618,kierunek,10.00,0
405,stanowić,10.00,0
9646,dno,10.00,0
900,uważać,10.00,0
6849,korzyść,10.00,0
5591,zacząć,10.00,0
764,Słońce,10.00,0
4869,kwiecień,10.00,0
5528,urzędnik,10.00,0
2338,posiadać,10.00,0
3369,pustynia,10.00,0
7479,możliwość,10.00,0
281,zdrowie,10.00,0
2369,jechać,10.00,0
4193,znaczenie,10.00,0
2404,wydawać się,10.00,0
3783,list,10.00,0
3588,Austria,10.00,0
7921,stół,10.00,0
1481,USA,10.00,0
6922,określać,10.00,0
4087,klasztor,10.00,0
1689,w celu,10.00,0
2663,Turcja,10.00,0
7107,pieśń,10.00,0
7982,wycieczka,10.00,0
5636,nauczycielka,10.00,0
3741,miesiąc,10.00,0
9911,kuchnia,10.00,0
4192,lęk,10.00,0
9727,użyć,10.00,0
5803,tysiąc,10.00,0
2407,twarz,10.00,0
4011,minuta,10.00,0
9504,dopływ,10.00,0
6708,obywatelka,10.00,0
2728,kształt,10.00,0
398,zapomnieć,10.00,0
874,strefa,10.00,0
6745,czyjś,10.00,0
8321,pies,10.00,0
7399,wrażenie,10.00,0
2,duński,10.00,0
231,sposób,10.00,0
3592,dusza,10.00,0
2880,treść,10.00,0
8187,student,10.00,0
2901,rodowity,10.00,0
1127,nasiono,10.00,0
8455,dobrze,10.00,0
3792,układ okresowy,10.00,0
9031,zapalenie,10.00,0
2307,przynieść,10.00,0
2348,dół,10.00,0
5912,iść,10.00,0
5656,płyn,10.00,0
8357,zatoka,10.00,0
2886,dźwięk,10.00,0
3444,możliwy,10.00,0
2301,gardło,10.00,0
6099,smutny,10.00,0
4474,korzystać,10.00,0
32,żołądek,10.00,0
5891,tu,10.00,0
3329,zajmować się,10.00,0
638,czytać,10.00,0
6616,nic,10.00,0
1675,wschodni,10.00,0
6882,powoli,10.00,0
5790,zjawisko,10.00,0
8361,jeśli,10.00,0
3986,przyprawa,10.00,0
8183,rak,10.00,0
6359,produkt,10.00,0
4990,rodowity,10.00,0
2842,chęć,10.00,0
6779,grunt,10.00,0
6939,opieka,10.00,0
5114,intensywny,10.00,0
4708,handlowy,10.00,0
7938,przypominać,10.00,0
2008,pacjent,10.00,0
8154,położenie,10.00,0
3885,działać,10.00,0
6702,zewnętrzny,10.00,0
6984,stosunek,10.00,0
2881,związać,10.00,0
8447,dziwny,10.00,0
4724,ciąża,10.00,0
7419,tytoń,10.00,0
7998,bić,10.00,0
2971,kolega,10.00,0
4958,wyjście,10.00,0
3035,gorączka,10.00,0
4700,podczas,10.00,0
1125,wprowadzać,10.00,0
928,zatoka,10.00,0
905,żołnierz,10.00,0
1853,szczyt,10.00,0
5748,oddawać,10.00,0
1670,wreszcie,10.00,0
520,sobota,10.00,0
2288,myśl,10.00,0
4477,ta,10.00,0
9350,film,10.00,0
6105,przynieść,10.00,0
5471,europejski,10.00,0
4037,gatunek,10.00,0
2059,zaufanie,10.00,0
2176,gatunek,10.00,0
1269,las,10.00,0
9080,gorączka,10.00,0
2853,Europa,10.00,0
9661,przyprawa,10.00,0
2166,dziób,10.00,0
9357,okrągły,10.00,0
4248,chory,10.00,0
355,mój,10.00,0
1881,Rumunia,10.00,0
3777,podłoga,10.00,0
3331,artykuł,10.00,0
33,miecz,10.00,0
8273,gęś,10.00,0
1416,miejscowość,10.00,0
3337,pojawiać się,10.00,0
4306,—,10.00,0
7067,ciepło,10.00,0
1860,następny,10.00,0
7293,wzór,10.00,0
8080,duch,10.00,0
9820,tablica,10.00,0
8936,bank,10.00,0
9752,bilet,10.00,0
5165,dziecko,10.00,0
8505,obserwować,10.00,0
2556,klasa,10.00,0
1308,wrzesień,10.00,0
6318,łódź,10.00,0
5949,rower,10.00,0
1994,znajdować,10.00,0
151,minister,10.00,0
6781,na,10.00,0
3654,czytać,10.00,0
3203,pojedynczy,10.00,0
9898,więc,10.00,0
9762,prowadzić,10.00,0
5252,przyprawa,10.00,0
5021,na,10.00,0
8371,cześć,10.00,0
8775,modlitwa,10.00,0
6743,nagły,10.00,0
6169,otaczać,10.00,0
4671,1000,10.00,0
1865,droga,10.00,0
8164,postawa,10.00,0
382,karta,10.00,0
1367,zabawka,10.00,0
1725,kapelusz,10.00,0
7069,finansowy,10.00,0
4151,północny,10.00,0
9386,100,10.00,0
5987,pragnienie,10.00,0
6587,oznaczać,10.00,0
3695,?,10.00,0
4132,pomiędzy,10.00,0
7754,Chiny,10.00,0
452,obywatel,10.00,0
8326,obwód,10.00,0
2526,iść,10.00,0
5288,przez,10.00,0
137,uderzać,10.00,0
5003,kapelusz,10.00,0
9524,zacząć,10.00,0
378,chmura,10.00,0
4061,składać się,10.00,0
2117,wciąż,10.00,0
8574,potrawa,10.00,0
3672,uderzać,10.00,0
2367,wypowiedź,10.00,0
2563,szary,10.00,0
2794,gorączka,10.00,0
492,prezydent,10.00,0
8481,doskonały,10.00,0
4203,ozdobny,10.00,0
5281,internetowy,10.00,0
8296,pierwiastek chemiczny,10.00,0
3650,świadczyć,10.00,0
8138,pod,10.00,0
3637,program,10.00,0
7779,temat,10.00,0
1677,wielki,10.00,0
5468,egzamin,10.00,0
3037,pomieszczenie,10.00,0
8099,ser,10.00,0
4593,ogród,10.00,0
5960,obiad,10.00,0
478,minister,10.00,0
6378,przyjęcie,10.00,0
6152,zachodni,10.00,0
5179,pomoc,10.00,0
2187,dolny,10.00,0
9244,pomiędzy,10.00,0
2132,podłoga,10.00,0
3991,jedzenie,10.00,0
3950,język,10.00,0
1022,zakończyć,10.00,0
8976,milion,10.00,0
9016,czarny,10.00,0
5305,uderzenie,10.00,0
3192,wyjście,10.00,0
4529,system,10.00,0
6054,warunek,10.00,0
1820,obowiązek,10.00,0
7825,koszt,10.00,0
2944,Białoruś,10.00,0
6694,właściwy,10.00,0
6104,czynnik,10.00,0
5735,ssak,10.00,0
1657,zachowywać się,10.00,0
6907,ruch,10.00,0
6657,dach,10.00,0
4428,jesień,10.00,0
8534,coraz,10.00,0
8569,powstawać,10.00,0
2465,żydowski,10.00,0
5227,lustro,10.00,0
3254,USA,10.00,0
7410,czekolada,10.00,0
9404,znak,10.00,0
232,decyzja,10.00,0
2316,ogon,10.00,0
2958,wina,10.00,0
8592,kara,10.00,0
249,pojedynczy,10.00,0
6695,otwierać,10.00,0
6923,przybyć,10.00,0
5524,amerykański,10.00,0
6254,pokryć,10.00,0
9829,naród,10.00,0
216,urząd,10.00,0
4262,prostytutka,10.00,0
5102,ramię,10.00,0
235,ciekawy,10.00,0
9068,religia,10.00,0
8947,zwolennik,10.00,0
7979,podłoga,10.00,0
5617,szybki,10.00,0
1592,pożar,10.00,0
308,wywoływać,10.00,0
6566,praca,10.00,0
7878,70,10.00,0
2883,złożyć,10.00,0
6712,brązowy,10.00,0
5079,szczególnie,10.00,0
9026,polityka,10.00,0
4456,mądry,10.00,0
6665,wojsko,10.00,0
1223,zacząć,10.00,0
9272,rozmiar,10.00,0
9400,wywodzić się,10.00,0
8147,mieszkaniec,10.00,0
2029,podłoga,10.00,0
6396,kawałek,10.00,0
2247,ucho,10.00,0
9182,dzień,10.00,0
8561,ślub,10.00,0
7776,ziarno,10.00,0
3909,produkcja,10.00,0
1752,pieśń,10.00,0
9596,herb,10.00,0
8406,sam,10.00,0
9395,przecież,10.00,0
4452,wysoki,10.00,0
775,brudny,10.00,0
8430,sztuka,10.00,0
7431,sylaba,10.00,0
1556,drużyna,10.00,0
7165,wielkość,10.00,0
8932,flaga,10.00,0
3239,masło,10.00,0
5916,przyjęcie,10.00,0
2537,zupa,10.00,0
8678,duch,10.00,0
1608,adres,10.00,0
8965,pięć,10.00,0
6480,na,10.00,0
2363,koń,10.00,0
8844,drewniany,10.00,0
1944,teatr,10.00,0
9915,kierunek,10.00,0
4260,specjalny,10.00,0
5445,suchy,10.00,0
6335,klasa,10.00,0
4252,zgodny,10.00,0
442,wpaść,10.00,0
5186,majątek,10.00,0
9006,gotować,10.00,0
5510,podawać,10.00,0
5999,konflikt,10.00,0
947,rzymski,10.00,0
7241,dziki,10.00,0
2719,rower,10.00,0
1748,Hiszpania,10.00,0
2114,chronić,10.00,0
5655,wrócić,10.00,0
9626,publiczny,10.00,0
8440,w czasie,10.00,0
1513,mocno,10.00,0
8466,substancja,10.00,0
645,plac,10.00,0
6263,powstawać,10.00,0
5005,mnóstwo,10.00,0
1009,stać się,10.00,0
5363,muzyka,10.00,0
4857,drogi,10.00,0
726,bo,10.00,0
4001,—,10.00,0
7801,sól,10.00,0
3571,zegar,10.00,0
9226,ryzyko,10.00,0
2756,jadalny,10.00,0
1126,córka,10.00,0
5126,cmentarz,10.00,0
2864,biały,10.00,0
964,czyn,10.00,0
2549,kwestia,10.00,0
3229,chwila,10.00,0
3073,szczyt,10.00,0
3573,niski,10.00,0
3944,abugida,10.00,0
4620,prawny,10.00,0
4290,doprowadzić,10.00,0
9323,syn,10.00,0
1427,robić,10.00,0
7587,zawierać,10.00,0
3941,drzwi,10.00,0
3526,miara,10.00,0
6076,przeszkoda,10.00,0
5013,rodzinny,10.00,0
9119,restauracja,10.00,0
8251,szkoda,10.00,0
3300,użyć,10.00,0
1770,móc,10.00,0
9979,głowa,10.00,0
7963,wysoki,10.00,0
2390,szkoda,10.00,0
360,Morze Śródziemne,10.00,0
1551,40,10.00,0
7024,panować,10.00,0
4561,zawodnik,10.00,0
1668,silny,10.00,0
6461,nosić,10.00,0
1788,tablica,10.00,0
3940,dość,10.00,0
5824,szczęście,10.00,0
5718,wieczór,10.00,0
1938,prosić,10.00,0
7234,nie,10.00,0
811,dodatek,10.00,0
8697,wysyłać,10.00,0
4243,ucho,10.00,0
3835,papier,10.00,0
8272,90,10.00,0
1970,brązowy,10.00,0
7042,krowa,10.00,0
615,70,10.00,0
6818,za pomocą,10.00,0
1771,gra,10.00,0
2032,parlament,10.00,0
456,długo,10.00,0
7965,zachowywać się,10.00,0
7225,zupełnie,10.00,0
2023,niebezpieczeństwo,10.00,0
2167,powodować,10.00,0
577,przed,10.00,0
2998,dlaczego,10.00,0
9497,modlitwa,10.00,0
4318,pojęcie,10.00,0
9822,zmiana,10.00,0
297,wyjście,10.00,0
3058,siódmy,10.00,0
3791,rezultat,10.00,0
1403,lis,10.00,0
9598,wyglądać,10.00,0
8044,komputerowy,10.00,0
6500,przeprowadzać,10.00,0
7091,rada,10.00,0
5056,latać,10.00,0
8033,chłop,10.00,0
1409,kij,10.00,0
6769,rok,10.00,0
5211,but,10.00,0
8010,określać,10.00,0
122,pan,10.00,0
4750,społeczeństwo,10.00,0
5349,podróż,10.00,0
5276,Azja,10.00,0
2257,razem,10.00,0
4943,dwanaście,10.00,0
6534,jaki,10.00,0
6725,wojskowy,10.00,0
7217,kamień,10.00,0
5750,pani,10.00,0
63,wysiłek,10.00,0
2767,lato,10.00,0
1056,dialekt,10.00,0
9642,cień,10.00,0
1733,zboże,10.00,0
7181,pająk,10.00,0
5997,cześć,10.00,0
160,zapach,10.00,0
632,dawać,10.00,0
9269,czyjś,10.00,0
5350,głód,10.00,0
8872,chronić,10.00,0
8566,las,10.00,0
1298,dalej,10.00,0
5419,7,10.00,0
2293,budowa,10.00,0
1889,rozmiar,10.00,0
5069,zakończenie,10.00,0
4961,uderzać,10.00,0
9408,gazeta,10.00,0
1419,symbol,10.00,0
4137,statek,10.00,0
4378,oś,10.00,0
4089,Chrystus,10.00,0
7190,nie-,10.00,0
4858,głośny,10.00,0
392,filozofia,10.00,0
4911,jezioro,10.00,0
4595,móc,10.00,0
2415,martwy,10.00,0
4010,rozpocząć,10.00,0
5879,narząd,10.00,0
6608,muzeum,10.00,0
6958,roślina,10.00,0
1500,wątpliwość,10.00,0
655,tam,10.00,0
6270,czasem,10.00,0
7735,5,10.00,0
7304,twarz,10.00,0
6488,pokój,10.00,0
3753,barwa,10.00,0
2048,poziom,10.00,0
9656,część,10.00,0
2968,łuk,10.00,0
8449,naukowiec,10.00,0
8012,łódź,10.00,0
7261,przygotować,10.00,0
2671,czoło,10.00,0
2866,potem,10.00,0
1070,pieniądze,10.00,0
1550,internetowy,10.00,0
4419,prawy,10.00,0
3133,kalendarz,10.00,0
7707,głupi,10.00,0
8722,moc,10.00,0
2524,szybko,10.00,0
9346,trzeci,10.00,0
2151,poczta,10.00,0
262,miejsce,10.00,0
7432,uciec,10.00,0
9198,jezioro,10.00,0
751,uderzyć,10.00,0
3423,powierzchnia,10.00,0
9280,narodowy,10.00,0
1295,pół,10.00,0
9333,wykonywanie,10.00,0
5574,literatura,10.00,0
921,suma,10.00,0
80,a,10.00,0
6494,bać się,10.00,0
592,połączyć,10.00,0
192,okoliczność,10.00,0
5352,przyjechać,10.00,0
8104,dusza,10.00,0
8136,zero,10.00,0
2239,tłumaczyć,10.00,0
5242,słownik,10.00,0
8381,zaś,10.00,0
1710,uczeń,10.00,0
2086,księga,10.00,0
2552,możliwość,10.00,0
6703,1000,10.00,0
2954,rozwój,10.00,0
927,autobus,10.00,0
5959,tkanina,10.00,0
712,obrót,10.00,0
473,narodowy,10.00,0
676,w czasie,10.00,0
9247,fakt,10.00,0
1866,matematyka,10.00,0
3374,złoto,10.00,0
6329,dzisiejszy,10.00,0
575,wykonywanie,10.00,0
1701,Ukraina,10.00,0
3386,figura,10.00,0
3503,jesień,10.00,0
4130,oczywiście,10.00,0
5407,gęsty,10.00,0
5707,kij,10.00,0
9997,wisieć,10.00,0
6704,ludność,10.00,0
8309,rozmiar,10.00,0
9929,bilet,10.00,0
4502,kontrola,10.00,0
3780,piłka,10.00,0
2538,tor,10.00,0
1479,powietrze,10.00,0
3278,wysłać,10.00,0
3529,według,10.00,0
3127,bieg,10.00,0
2670,chronić,10.00,0
2566,koza,10.00,0
4032,oddać,10.00,0
8348,nauczyciel,10.00,0
890,Ukraina,10.00,0
5671,tłum,10.00,0
3558,dolny,10.00,0
3840,świeży,10.00,0
5923,przebywać,10.00,0
1322,epoka,10.00,0
5938,teatr,10.00,0
3629,następny,10.00,0
168,klient,10.00,0
7914,urodzenie,10.00,0
8852,jej,10.00,0
7777,fizyczny,10.00,0
6334,jadalny,10.00,0
5286,bezpieczeństwo,10.00,0
9021,powiat,10.00,0
115,sok,10.00,0
336,okazja,10.00,0
5685,powierzchnia,10.00,0
8433,osioł,10.00,0
3873,Niemcy,10.00,0
92,ocean,10.00,0
1797,pani,10.00,0
1532,zdrowy,10.00,0
3015,urząd,10.00,0
130,łagodny,10.00,0
5036,oś,10.00,0
226,biskup,10.00,0
9937,nazywać,10.00,0
1859,uprawiać,10.00,0
1591,pojemnik,10.00,0
3141,tysiąc,10.00,0
2729,uciec,10.00,0
2406,zdarzenie,10.00,0
5072,jedzenie,10.00,0
58,fakt,10.00,0
1722,umowa,10.00,0
7382,samiec,10.00,0
4078,pokarm,10.00,0
5219,znak,10.00,0
6865,przeciwnik,10.00,0
5004,płaszcz,10.00,0
6051,mysz,10.00,0
3541,rolnik,10.00,0
9827,zbiór,10.00,0
8312,zaraz,10.00,0
3075,drobny,10.00,0
8112,inaczej,10.00,0
3723,jazda,10.00,0
7171,liczba,10.00,0
9780,biec,10.00,0
204,jeżeli,10.00,0
1875,opowiadać,10.00,0
7191,100,10.00,0
8668,sztuka,10.00,0
9981,ładny,10.00,0
6419,kolumna,10.00,0
5470,właściwy,10.00,0
179,wiele,10.00,0
3316,wojna,10.00,0
9828,urodzenie,10.00,0
2860,długość,10.00,0
5625,znajdować,10.00,0
6296,zachód,10.00,0
9329,poznać,10.00,0
8267,wykorzystywać,10.00,0
1278,rok,10.00,0
7395,zakład,10.00,0
6638,niezwykły,10.00,0
4617,wyrób,10.00,0
3479,powodować,10.00,0
6888,płynąć,10.00,0
7525,chrześcijański,10.00,0
7773,lek,10.00,0
777,zbyt,10.00,0
6182,burza,10.00,0
9405,wojsko,10.00,0
3365,usługa,10.00,0
8924,cierpienie,10.00,0
9645,zupa,10.00,0
8383,inny,10.00,0
1526,chcieć,10.00,0
4940,również,10.00,0
1696,krótki,10.00,0
223,owoc,10.00,0
5248,państwo,10.00,0
4642,zegar,10.00,0
9901,Niemcy,10.00,0
2997,tutaj,10.00,0
4592,następować,10.00,0
5274,papież,10.00,0
1510,cienki,10.00,0
4014,budynek,10.00,0
2915,biec,10.00,0
3797,uderzać,10.00,0
9867,zamiar,10.00,0
5939,operacja,10.00,0
9923,umieszczać,10.00,0
9853,prawie,10.00,0
557,walczyć,10.00,0
7697,łagodny,10.00,0
7016,łąka,10.00,0
7456,ziemski,10.00,0
578,przestać,10.00,0
1110,milion,10.00,0
709,bogactwo,10.00,0
1358,znaczny,10.00,0
5438,studiować,10.00,0
7813,biblioteka,10.00,0
9674,twarz,10.00,0
5853,brzeg,10.00,0
9418,patrzeć,10.00,0
7268,styczeń,10.00,0
8347,ramię,10.00,0
5250,szanowny,10.00,0
343,choć,10.00,0
9599,w.,10.00,0
8956,religijny,10.00,0
7359,kolumna,10.00,0
7955,małpa,10.00,0
5706,przedstawiać,10.00,0
8637,pokryć,10.00,0
9114,zysk,10.00,0
4828,łaciński,9.00,2
5877,gleba,9.00,1
6548,książę,9.00,1
3548,zdolny,9.00,1
2423,obiad,9.00,1
7859,rozwiązanie,9.00,1
610,cena,9.00,1
6579,europejski,9.00,1
770,alfabet,9.00,1
9683,drogi,9.00,1
7160,graniczyć,9.00,1
3598,pogoda,9.00,1
6304,dobrze,9.00,1
7018,widok,9.00,1
2110,panna,9.00,1
4948,ale,9.00,1
7879,brzydki,9.00,1
3569,złożyć,9.00,1
4019,6,9.00,1
6279,usta,9.00,1
7967,minister,9.00,1
719,zarówno,9.00,1
6950,artykuł,9.00,1
2469,użycie,9.00,1
9379,Afryka,9.00,1
7333,wśród,9.00,1
3923,prawie,9.00,1
6203,gdy,9.00,0
1492,narodowość,9.00,0
3178,amerykański,9.00,0
5634,niedźwiedź,9.00,0
3705,stacja,9.00,0
2559,przedsiębiorstwo,9.00,0
6252,fizyczny,9.00,0
194,oddech,9.00,0
4471,obcy,9.00,0
3729,kot,9.00,0
8240,zdanie,9.00,0
420,kapelusz,9.00,0
2975,łóżko,9.00,0
7498,organizm,9.00,0
7224,użyć,9.00,0
3562,ćwiczenie,9.00,0
2355,mieć,9.00,0
8510,kawałek,9.00,0
9304,kieszeń,9.00,0
4954,treść,9.00,0
23,matka,9.00,0
6496,prawdziwy,9.00,0
1827,fałszywy,9.00,0
7166,wobec,9.00,0
8782,niechęć,9.00,0
6852,para,9.00,0
9922,charakter,9.00,0
9384,bar,9.00,0
3109,prawdziwy,9.00,0
7380,żyć,9.00,0
3604,zaczynać,9.00,0
1832,pojechać,9.00,0
4174,wiadomość,9.00,0
85,pisać,9.00,0
9962,radiowy,9.00,0
6911,zawartość,9.00,0
4041,sędzia,9.00,0
2747,dzielić,9.00,0
7378,firma,9.00,0
7817,wy,9.00,0
4329,jądro,9.00,0
5641,wszystko,9.00,0
8467,powoli,9.00,0
8881,ruch,9.00,0
326,Holandia,9.00,0
9142,blisko,9.00,0
2490,świnia,9.00,0
7945,gęsty,9.00,0
1174,usługa,9.00,0
503,ogół,9.00,0
6858,sto,9.00,0
1388,transport,9.00,0
2180,żołnierz,9.00,0
4386,abugida,9.00,0
6435,energia,9.00,0
5193,czwarty,9.00,0
9899,te,9.00,0
5085,autobus,9.00,0
4898,płaszcz,9.00,0
2076,słuchać,9.00,0
6833,określony,9.00,0
6648,masło,9.00,0
5744,zwrot,9.00,0
2996,wchodzić,9.00,0
3965,artysta,9.00,0
7116,sądzić,9.00,0
7113,pierwiastek chemiczny,9.00,0
6340,umieścić,9.00,0
2612,urzędnik,9.00,0
9187,futro,9.00,0
8945,plama,9.00,0
1843,śniadanie,9.00,0
2265,rzucać,9.00,0
1260,piec,9.00,0
8493,obowiązek,9.00,0
6580,badać,9.00,0
201,wolny,9.00,0
6721,okno,9.00,0
9281,poziom,9.00,0
353,pozostawać,9.00,0
6376,azjatycki,9.00,0
9896,mądry,9.00,0
5905,mocny,9.00,0
6037,mój,9.00,0
2263,poziom,9.00,0
2863,organizacja,9.00,0
7134,krok,9.00,0
9585,wrócić,9.00,0
3775,promień,9.00,0
2849,środowisko,9.00,0
282,prawie,9.00,0
1851,oznaczać,9.00,0
6043,zmarły,9.00,0
7035,ptak,9.00,0
3528,grupa,9.00,0
2595,zdobyć,9.00,0
3429,ci,9.00,0
2460,jezioro,9.00,0
6103,spodnie,9.00,0
6439,pomóc,9.00,0
1037,uważać,9.00,0
5642,nauczyciel,9.00,0
7222,kupić,9.00,0
2917,tłumaczyć,9.00,0
7752,chęć,9.00,0
8819,dwadzieścia,9.00,0
7673,złoty,9.00,0
5198,zajęcie,9.00,0
5801,masa,9.00,0
2175,noc,9.00,0
4739,zdolność,9.00,0
1693,ślub,9.00,0
448,południe,9.00,0
4231,powoli,9.00,0
7102,zawierać,9.00,0
6652,ile,9.00,0
8896,usługa,9.00,0
2434,telefon,9.00,0
9344,kierowca,9.00,0
6049,wyrób,9.00,0
289,kochać,9.00,0
3000,ciemny,9.00,0
1400,lewy,9.00,0
9195,nóż,9.00,0
1941,8,9.00,0
7651,lekki,9.00,0
6730,rzadki,9.00,0
140,operacja,9.00,0
4611,rysunek,9.00,0
4826,moc,9.00,0
3056,czerwony,9.00,0
2698,planeta,9.00,0
6810,sklep,9.00,0
3847,poziom,9.00,0
2242,istota,9.00,0
8691,środkowy,9.00,0
7662,nieść,9.00,0
6870,własny,9.00,0
8349,wynik,9.00,0
7122,pacjent,9.00,0
4906,dziadek,9.00,0
3766,pełnić,9.00,0
3888,trzydzieści,9.00,0
6467,głupi,9.00,0
6065,szkoła,9.00,0
2305,wszystek,9.00,0
1066,fotografia,9.00,0
8745,trwać,9.00,0
3781,społeczny,9.00,0
8457,pałac,9.00,0
2525,pożar,9.00,0
2560,rada,9.00,0
7925,no,9.00,0
9825,następować,9.00,0
4347,wieś,9.00,0
2924,publiczny,9.00,0
6624,dolina,9.00,0
5417,talerz,9.00,0
8223,artykuł,9.00,0
1978,rzeczownik,9.00,0
1789,łuk,9.00,0
6761,nazywać,9.00,0
844,poziom,9.00,0
9913,aż,9.00,0
8721,oznaczać,9.00,0
4227,broda,9.00,0
3128,bieda,9.00,0
3501,reakcja,9.00,0
3364,związany,9.00,0
357,wieża,9.00,0
4125,policzek,9.00,0
6019,nowy,9.00,0
3160,już,9.00,0
1005,uczeń,9.00,0
1991,gotowy,9.00,0
3790,dno,9.00,0
1210,powstanie,9.00,0
7838,powstawać,9.00,0
6150,błąd,9.00,0
5688,medycyna,9.00,0
6972,masa,9.00,0
5464,składać się,9.00,0
9059,z krwi i kości,9.00,0
3701,ubranie,9.00,0
5488,wierny,9.00,0
8887,stały,9.00,0
8344,liczny,9.00,0
3,budynek,9.00,0
9358,cierpieć,9.00,0
1753,obowiązek,9.00,0
7252,Szwajcaria,9.00,0
6775,pięć,9.00,0
8906,w wyniku,9.00,0
6478,pokój,9.00,0
245,jakiś,9.00,0
7000,trawa,9.00,0
7818,noga,9.00,0
1754,biuro,9.00,0
8696,długość,9.00,0
483,mieszkanie,9.00,0
3814,spowodować,9.00,0
2520,średni,9.00,0
3611,ryzyko,9.00,0
4139,pojechać,9.00,0
4560,zajmować się,9.00,0
8302,finansowy,9.00,0
3287,korzeń,9.00,0
1190,próbować,9.00,0
5667,dolny,9.00,0
3145,ostatni,9.00,0
6970,gwiazdozbiór,9.00,0
6351,znosić,9.00,0
5985,choć,9.00,0
3148,środa,9.00,0
4154,krew,9.00,0
6458,mieszkanie,9.00,0
7084,grzech,9.00,0
1749,lecieć,9.00,0
9303,para,9.00,0
5404,dokonać,9.00,0
9362,aktywny,9.00,0
4951,czasownik,9.00,0
7064,przejść,9.00,0
390,ze,9.00,0
1688,zmieniać,9.00,0
1128,kościół,9.00,0
1420,cebula,9.00,0
3914,sposób,9.00,0
743,praca,9.00,0
1243,dziób,9.00,0
4330,wizyta,9.00,0
1738,charakter,9.00,0
893,długość,9.00,0
5711,powoli,9.00,0
851,wewnątrz,9.00,0
960,danie,9.00,0
7012,-,9.00,0
1516,np.,9.00,0
5136,księżyc,9.00,0
5143,rzeczownik,9.00,0
3754,Holandia,9.00,0
3831,?,9.00,0
7480,scena,9.00,0
7869,oko,9.00,0
1730,bezpośrednio,9.00,0
9692,łatwo,9.00,0
339,nieść,9.00,0
8110,pisać,9.00,0
8897,jakość,9.00,0
5753,hotel,9.00,0
8471,wybrzeże,9.00,0
6311,autobus,9.00,0
8460,taniec,9.00,0
4124,zgodnie,9.00,0
6472,kościół,9.00,0
4644,artysta,9.00,0
4573,być,9.00,0
7568,związać,9.00,0
112,istotny,9.00,0
1214,ten sam,9.00,0
6754,Egipt,9.00,0
9757,pracownik,9.00,0
5897,muzyk,9.00,0
7251,okręt,9.00,0
772,byk,9.00,0
5975,kupić,9.00,0
2978,muzyka,9.00,0
2587,rozumieć,9.00,0
1186,piątek,9.00,0
8786,uczyć się,9.00,0
9542,uczyć,9.00,0
5532,talerz,9.00,0
4423,zaraz,9.00,0
4172,wiersz,9.00,0
5763,składać się,9.00,0
4789,nóż,9.00,0
105,krzyż,9.00,0
6338,ojciec,9.00,0
337,czy,9.00,0
5457,przeciwnik,9.00,0
8587,podać,9.00,0
4413,ku,9.00,0
6592,sztuczny,9.00,0
3017,wieczór,9.00,0
7196,słoneczny,9.00,0
6662,wrzesień,9.00,0
7305,waluta,9.00,0
7792,wspaniały,9.00,0
7203,wieczorem,9.00,0
2871,Azja,9.00,0
7412,drobny,9.00,0
819,europejski,9.00,0
1026,telewizja,9.00,0
9639,olej,9.00,0
5334,biuro,9.00,0
2095,zawsze,9.00,0
2805,siedem,9.00,0
7738,obiad,9.00,0
2009,ciało,9.00,0
6569,dym,9.00,0
7021,natura,9.00,0
3066,sądzić,9.00,0
5910,30,9.00,0
5829,kartka,9.00,0
3964,jedzenie,9.00,0
894,powodować,9.00,0
6068,określenie,9.00,0
9183,orzeł,9.00,0
4711,ulegać,9.00,0
1041,strach,9.00,0
457,społeczny,9.00,0
8742,zajmować się,9.00,0
9959,spór,9.00,0
6949,żołądek,9.00,0
7201,różny,9.00,0
1242,piłka,9.00,0
2610,miejsce,9.00,0
2896,powoli,9.00,0
9025,mebel,9.00,0
4625,dać się,9.00,0
6191,muzeum,9.00,0
8167,Boże Narodzenie,9.00,0
285,majątek,9.00,0
7816,jesień,9.00,0
7489,wielkość,9.00,0
6446,grunt,9.00,0
8166,przed,9.00,0
1628,moment,9.00,0
9503,(…),9.00,0
9143,mieszkaniec,9.00,0
4104,narząd,9.00,0
3366,terytorium,9.00,0
9001,złożony,9.00,0
5918,słoneczny,9.00,0
5783,chwila,9.00,0
1507,ściana,9.00,0
5108,odpowiedni,9.00,0
7916,postawić,9.00,0
5469,grupa,9.00,0
9950,częściowo,9.00,0
2829,świnia,9.00,0
7255,zawsze,9.00,0
5123,brat,9.00,0
1687,wyraz,9.00,0
9773,oraz,9.00,0
5207,powód,9.00,0
1781,jakość,9.00,0
7158,zamek,9.00,0
4138,zgadzać się,9.00,0
8823,członek,9.00,0
3404,państwowy,9.00,0
7276,mecz,9.00,0
6242,córka,9.00,0
5871,tani,9.00,0
6583,wzdłuż,9.00,0
5684,wskazywać,9.00,0
4554,wina,9.00,0
6677,niektóry,9.00,0
7145,ja,9.00,0
453,mieć,9.00,0
6364,krzew,9.00,0
7173,prędkość,9.00,0
8239,tłum,9.00,0
1188,psychiczny,9.00,0
39,dotyczyć,9.00,0
8413,właśnie,9.00,0
9731,sok,9.00,0
9123,często,9.00,0
2281,bezpośrednio,9.00,0
2135,90,9.00,0
2804,widoczny,9.00,0
6585,farba,9.00,0
3690,ciemny,9.00,0
1257,stanowić,9.00,0
6527,pokazywać,9.00,0
3771,lecz,9.00,0
3845,źle,9.00,0
7219,oczywiście,9.00,0
3384,otwarty,9.00,0
8339,duński,9.00,0
6247,koszt,9.00,0
9441,wino,9.00,0
490,bitwa,9.00,0
9378,pełnić,9.00,0
6729,przedstawiać,9.00,0
1414,jesień,9.00,0
710,dostać,9.00,0
1600,piąty,9.00,0
3982,mąż,9.00,0
585,członek,9.00,0
9966,fragment,9.00,0
1077,siedemdziesiąt,9.00,0
6719,kolejowy,9.00,0
6878,lód,9.00,0
9141,Węgry,9.00,0
5216,uczyć się,9.00,0
5290,mapa,9.00,0
4616,ani,9.00,0
8237,wóz,9.00,0
3136,rozwiązanie,9.00,0
5689,do,9.00,0
829,obecnie,9.00,0
6368,krew,9.00,0
3846,w.,9.00,0
8585,koza,9.00,0
7854,trwały,9.00,0
1911,tydzień,9.00,0
4045,obszar,9.00,0
8641,rynek,9.00,0
6133,szklanka,9.00,0
711,korona,9.00,0
5031,odkryć,9.00,0
4947,podatek,9.00,0
5270,cisza,9.00,0
7780,polityka,9.00,0
5773,telewizyjny,9.00,0
2830,Stany Zjednoczone,9.00,0
6996,biec,9.00,0
7341,hałas,9.00,0
1792,większy,9.00,0
9742,od,9.00,0
4993,polityczny,9.00,0
3572,babcia,9.00,0
2476,obejmować,9.00,0
2650,głupiec,9.00,0
4515,policja,9.00,0
6617,brązowy,9.00,0
1956,wcześnie,9.00,0
4510,żeby,9.00,0
7704,wzrost,9.00,0
5362,czerwiec,9.00,0
9463,praktyka,9.00,0
74,trwały,9.00,0
4901,złodziej,9.00,0
2605,przestać,9.00,0
7664,pierwszy,9.00,0
589,relacja,9.00,0
5289,robić,9.00,0
9210,pokonać,9.00,0
45,otworzyć,9.00,0
5777,leczenie,9.00,0
4698,czeski,9.00,0
8182,rząd,9.00,0
9910,ogon,9.00,0
4903,jazda,9.00,0
9295,sprawiać,9.00,0
2393,telefon,9.00,0
6570,własność,9.00,0
4461,kapelusz,9.00,0
7504,wino,9.00,0
4769,mąka,9.00,0
6718,zwykle,9.00,0
4885,chyba,9.00,0
3746,wyraz,9.00,0
5053,łagodny,9.00,0
3643,osioł,9.00,0
2920,podatek,9.00,0
692,ciecz,9.00,0
8597,mocz,9.00,0
8821,gruby,9.00,0
8246,relacja,9.00,0
3179,włożyć,9.00,0
1144,piłka nożna,9.00,0
3018,naczynie,9.00,0
3561,one,9.00,0
1312,wtedy,9.00,0
9292,szkoda,9.00,0
9909,szkło,9.00,0
5875,zajmować,9.00,0
4066,słyszeć,9.00,0
2661,reguła,9.00,0
8050,zgodnie,9.00,0
1857,diabeł,9.00,0
3140,próbować,9.00,0
4417,szkło,9.00,0
8563,komputer,9.00,0
4188,różny,9.00,0
9905,potrzebny,9.00,0
6625,zmiana,9.00,0
728,bawić się,9.00,0
3770,przyjechać,9.00,0
2125,znajdować,9.00,0
6983,znaczyć,9.00,0
6245,wojskowy,9.00,0
5113,ciężki,9.00,0
5752,wóz,9.00,0
1468,nadmierny,9.00,0
6912,finansowy,9.00,0
1464,bogactwo,9.00,0
7086,sklep,9.00,0
9369,ból,9.00,0
5311,powietrze,9.00,0
7996,50,9.00,0
2335,męski,9.00,0
6062,klient,9.00,0
8487,prawie,9.00,0
3795,dziadek,9.00,0
1327,urodziny,9.00,0
4034,kieszeń,9.00,0
3024,słońce,9.00,0
1381,radiowy,9.00,0
9331,wybrać,9.00,0
2251,biskup,9.00,0
5988,nic,9.00,0
3045,woda,9.00,0
3201,napisać,9.00,0
5561,lustro,9.00,0
882,uderzenie,9.00,0
6799,epoka,9.00,0
5966,sen,9.00,0
4362,pisać,9.00,0
1824,droga,9.00,0
5098,litera,9.00,0
2926,węgiel,9.00,0
9169,obwód,9.00,0
5870,głupek,9.00,0
4952,strata,9.00,0
3926,typowy,9.00,0
9250,wschodni,9.00,0
7417,ziemniak,9.00,0
7074,r.,9.00,0
2798,uczeń,9.00,0
5858,świeży,9.00,0
2260,pijany,9.00,0
5972,mało,9.00,0
7783,port,9.00,0
2717,wolno,9.00,0
4296,także,9.00,0
9578,Unia Europejska,9.00,0
8520,fotografia,9.00,0
8957,ilość,9.00,0
1134,lecz,9.00,0
8710,ostatni,9.00,0
2237,budzić,9.00,0
2503,złożony,9.00,0
8489,zawód,9.00,0
2325,za,9.00,0
3866,urodziny,9.00,0
8377,dusza,9.00,0
46,sobie,9.00,0
1988,blisko,9.00,0
9133,Włochy,9.00,0
6026,nie,9.00,0
7605,ten,9.00,0
9525,stawiać,9.00,0
2436,dotyczyć,9.00,0
765,północ,9.00,0
9193,niebezpieczeństwo,9.00,0
6682,więcej,9.00,0
53,transport,9.00,0
8366,widok,9.00,0
1003,one,9.00,0
4551,męski,9.00,0
5426,energia,9.00,0
1842,po prostu,9.00,0
1761,pomarańcza,9.00,0
9653,niski,9.00,0
4458,krzew,9.00,0
9324,rodzina,9.00,0
9173,akcja,9.00,0
705,pracownik,9.00,0
1926,różny,9.00,0
2294,one,9.00,0
5010,ludność,9.00,0
5904,waluta,9.00,0
9397,świadczyć,9.00,0
170,uczyć się,9.00,0
1506,kolej,9.00,0
2818,ogromny,9.00,0
9931,mój,9.00,0
7244,centrum,9.00,0
886,muzyk,9.00,0
6288,to,9.00,0
1386,korzeń,9.00,0
8159,robota,9.00,0
5358,pusty,9.00,0
5327,mózg,9.00,0
6400,poniedziałek,9.00,0
8988,większy,9.00,0
9207,zakon,9.00,0
7985,babka,9.00,0
5007,trwały,9.00,0
798,dodatkowy,9.00,0
4425,nosić,9.00,0
2696,miłość,9.00,0
3577,atmosfera,9.00,0
9543,okres,9.00,0
2895,muzeum,9.00,0
8624,archipelag,9.00,0
6009,rower,9.00,0
9472,klasztor,9.00,0
1116,alkohol,9.00,0
404,wóz,9.00,0
7094,deszcz,9.00,0
888,bar,9.00,0
4036,jakiś,9.00,0
6552,ślub,9.00,0
4316,popularny,9.00,0
4959,suchy,9.00,0
7750,półwysep,9.00,0
5044,północ,9.00,0
1876,wracać,9.00,0
6680,ból,9.00,0
4790,religijny,9.00,0
111,pokój,9.00,0
8276,światło,9.00,0
1731,słodki,9.00,0
8523,las,9.00,0
2364,papież,9.00,0
9620,mózg,9.00,0
8439,powiat,9.00,0
5411,studia,9.00,0
3624,waga,9.00,0
6137,doświadczenie,9.00,0
4105,ozdoba,9.00,0
3557,nasiono,9.00,0
6144,teoria,9.00,0
2064,poeta,9.00,0
975,8,9.00,0
1375,połowa,9.00,0
3817,drewno,9.00,0
9149,słoń,9.00,0
4955,podatek,9.00,0
4637,oddać,9.00,0
4337,piętro,9.00,0
3904,kierowca,9.00,0
7473,zawodowy,9.00,0
8247,pogląd,9.00,0
5447,Niemiec,9.00,0
3761,żyć,9.00,0
7290,korzystać,9.00,0
1662,krzew,9.00,0
2796,styl,9.00,0
4298,stawać się,9.00,0
6096,nadzieja,9.00,0
2891,oddawać,9.00,0
865,odpowiadać,9.00,0
4856,teatr,9.00,0
9076,odcień,9.00,0
9134,liść,9.00,0
3891,przepis,9.00,0
7314,przecież,9.00,0
8725,płakać,9.00,0
3186,przyjaciel,9.00,0
2668,zawodowy,9.00,0
723,nie,9.00,0
3144,lew,9.00,0
8610,!,9.00,0
2731,lampa,9.00,0
2161,potrawa,9.00,0
1247,wy,9.00,0
1896,z powodu,9.00,0
9054,czekać,9.00,0
1050,radio,9.00,0
6928,płaski,9.00,0
4140,kultura,9.00,0
8114,sprzedawać,9.00,0
2037,sprawiać,9.00,0
3998,używać,9.00,0
6216,cześć,9.00,0
9704,korona,9.00,0
7400,dotyczyć,9.00,0
9532,samica,9.00,0
1306,park,9.00,0
3692,pracować,9.00,0
1434,uczeń,9.00,0
1296,90,9.00,0
4666,szczęście,9.00,0
3539,kościół,9.00,0
1477,nauka,9.00,0
3646,lina,9.00,0
7731,córka,9.00,0
3168,połączenie,9.00,0
1561,szwedzki,9.00,0
4837,śpiewać,9.00,0
5317,sto,9.00,0
1249,małżeństwo,9.00,0
7769,pracować,9.00,0
9516,gospodarczy,9.00,0
4322,cierpieć,9.00,0
4984,odbywać się,9.00,0
6789,organizm,9.00,0
9970,relacja,9.00,0
1793,żeński,9.00,0
6052,umrzeć,9.00,0
4049,pole,9.00,0
2626,pisanie,9.00,0
8839,z powodu,9.00,0
8584,już,9.00,0
8407,teren,9.00,0
675,bo,9.00,0
1460,budować,9.00,0
9939,pojemnik,9.00,0
1762,tańczyć,9.00,0
8889,dziadek,9.00,0
7857,wczoraj,9.00,0
7720,przemysł,9.00,0
9380,narzędzie,9.00,0
4566,seks,9.00,0
2581,zegar,9.00,0
9614,uchodzić,9.00,0
4323,opowiadać,9.00,0
7863,wyglądać,9.00,0
4751,gleba,9.00,0
2441,czy,9.00,0
1046,ale,9.00,0
2164,stowarzyszenie,9.00,0
1328,anioł,9.00,0
2593,odpowiedni,9.00,0
4716,czas,9.00,0
12,mowa,9.00,0
9321,styl,9.00,0
4325,fala,9.00,0
4974,przedstawiciel,9.00,0
3131,zainteresowanie,9.00,0
9447,dzięki,9.00,0
643,piętro,9.00,0
7548,bieg,9.00,0
8007,komputerowy,9.00,0
5679,ludowy,9.00,0
7232,czasownik,9.00,0
1097,miękki,9.00,0
9273,produkt,9.00,0
3693,słoń,9.00,0
856,tkanina,9.00,0
6388,bułgarski,9.00,0
7808,utwór,9.00,0
8535,instrument,9.00,0
2933,miara,9.00,0
2602,Ukraina,9.00,0
9874,but,9.00,0
6129,bydło,9.00,0
3839,przygotować,9.00,0
1937,po prostu,9.00,0
7398,doświadczenie,9.00,0
2751,obrona,9.00,0
8128,siedziba,9.00,0
6077,łatwo,9.00,0
8232,bieg,9.00,0
1230,strumień,9.00,0
5166,inny,9.00,0
3471,tam,9.00,0
6140,wieczorem,9.00,0
1834,zupełnie,9.00,0
6213,ciepły,9.00,0
9004,padać,9.00,0
590,wybrać,9.00,0
3511,przechodzić,9.00,0
7404,niż,9.00,0
9317,deska,9.00,0
323,strumień,9.00,0
1764,ponad,9.00,0
2720,wielkość,9.00,0
3157,ojczyzna,9.00,0
4831,spaść,9.00,0
4956,doskonały,9.00,0
7071,Węgry,9.00,0
8101,tysiąc,9.00,0
8293,słoń,9.00,0
9505,prawie,9.00,0
2477,ziemia,9.00,0
5294,Chrystus,9.00,0
8404,terytorium,9.00,0
880,skłonność,9.00,0
3348,patrzeć,9.00,0
8963,charakter,9.00,0
5961,obcy,9.00,0
49,mi,9.00,0
9197,ból,9.00,0
7460,kilometr,9.00,0
1969,klucz,9.00,0
9701,stawiać,9.00,0
9084,amharski,9.00,0
5425,włożyć,9.00,0
5701,Żyd,9.00,0
2813,8,9.00,0
4803,poruszać,9.00,0
9870,srebrny,9.00,0
4978,chemiczny,9.00,0
3135,medycyna,9.00,0
9000,poruszać,9.00,0
125,powinien,9.00,0
1805,temat,9.00,0
1426,budzić,9.00,0
43,łóżko,9.00,0
5620,jednocześnie,9.00,0
7313,maj,9.00,0
3619,popularny,9.00,0
7057,list,9.00,0
5427,rozmiar,9.00,0
4793,sukienka,9.00,0
8962,pomieszczenie,9.00,0
1533,herbata,9.00,0
5703,rzadki,9.00,0
3712,głód,9.00,0
8008,50,9.00,0
7283,kierowca,9.00,0
8395,wiatr,9.00,0
9136,obóz,9.00,0
1868,intensywny,9.00,0
8886,skład,9.00,0
1060,drewniany,9.00,0
5885,uciekać,9.00,0
4934,kuchnia,9.00,0
1968,koza,9.00,0
7392,wreszcie,9.00,0
553,trudność,9.00,0
2488,most,9.00,0
6661,Ukraina,9.00,0
7802,klucz,9.00,0
1329,lina,9.00,0
6936,turecki,9.00,0
6675,różowy,9.00,0
52,sukces,9.00,0
9311,liczba,9.00,0
6264,grzech,9.00,0
2845,praktyka,9.00,0
1737,luty,9.00,0
4995,zwrot,9.00,0
4156,urodziny,9.00,0
1073,łaciński,9.00,0
5323,służba,9.00,0
7610,społeczeństwo,9.00,0
7492,dźwięk,9.00,0
9458,samochód,9.00,0
3453,list,9.00,0
4051,odpowiadać,9.00,0
9047,katolicki,9.00,0
6921,policzek,9.00,0
9663,pieśń,9.00,0
558,czwartek,9.00,0
6164,jeździć,9.00,0
8206,śniadanie,9.00,0
5096,uderzyć,9.00,0
1444,oznaczać,9.00,0
3585,czwarty,9.00,0
8764,sprawiać,9.00,0
9860,ponownie,9.00,0
5424,szkodliwy,9.00,0
3010,tablica,9.00,0
2431,pomieszczenie,9.00,0
7272,dotyczyć,9.00,0
5564,kość,9.00,0
6728,lista,9.00,0
5807,korona,9.00,0
3281,jutro,9.00,0
5810,prawy,9.00,0
5176,chronić,9.00,0
8864,lato,9.00,0
7730,wódka,9.00,0
1180,forma,9.00,0
4115,bawić się,9.00,0
7581,drewno,9.00,0
5177,ludzki,9.00,0
6202,widoczny,9.00,0
5837,wiadomość,9.00,0
7749,zwrot,9.00,0
660,ulica,9.00,0
8652,maj,9.00,0
3710,stać się,9.00,0
7294,głowa,9.00,0
9533,po,9.00,0
7930,kamień,9.00,0
4821,mur,9.00,0
3676,publiczny,9.00,0
7455,paliwo,9.00,0
3188,wnętrze,9.00,0
627,położony,9.00,0
1462,konstrukcja,9.00,0
3852,przeciwny,9.00,0
4766,więc,9.00,0
2762,cisza,9.00,0
3813,przestrzeń,9.00,0
6005,40,9.00,0
1928,żaden,9.00,0
3686,niewolnik,9.00,0
1852,budzić,9.00,0
4434,zwolennik,9.00,0
8664,cały,9.00,0
3346,głos,9.00,0
7951,wojna,9.00,0
9568,słoń,9.00,0
3187,zawodowy,9.00,0
2932,dziewiąty,9.00,0
230,opieka,9.00,0
5285,spór,9.00,0
7742,ziemia,9.00,0
4310,bezpośrednio,9.00,0
1401,odległość,9.00,0
8871,godność,9.00,0
5115,pragnienie,9.00,0
6700,wyrażać,9.00,0
4902,powiat,9.00,0
4232,marzec,9.00,0
6142,służyć,9.00,0
159,strumień,9.00,0
7245,złapać,9.00,0
8067,znosić,9.00,0
2243,zdjęcie,9.00,0
855,zapalenie,9.00,0
129,kościół,9.00,0
4114,niewielki,9.00,0
7713,dotyczyć,9.00,0
4340,prowincja,9.00,0
6932,chociaż,9.00,0
4404,możliwy,9.00,0
7615,dzień,9.00,0
2426,mgła,9.00,0
6791,wysoki,9.00,0
9217,imię,9.00,0
1340,posiadać,9.00,0
8445,jutro,9.00,0
4391,gwałtowny,9.00,0
7075,4,9.00,0
2974,internetowy,9.00,0
510,udać się,9.00,0
6535,niech,9.00,0
6256,kochać,9.00,0
6944,prawdziwy,9.00,0
2760,napisać,9.00,0
2205,wojna,9.00,0
2836,kształt,9.00,0
3257,koło,9.00,0
7502,brać,9.00,0
694,jak,9.00,0
1585,Chrystus,9.00,0
2925,przeciwny,9.00,0
4808,roślina,9.00,0
8964,stary,9.00,0
5371,archipelag,9.00,0
2575,pewien,9.00,0
9821,sieć,9.00,0
3735,jądro,9.00,0
8452,zamieszkiwać,9.00,0
2468,podróż,9.00,0
8767,zamek,9.00,0
8667,położony,9.00,0
2922,po,9.00,0
5619,nawet,9.00,0
2740,zgoda,9.00,0
1175,dziewiąty,9.00,0
4669,szukać,9.00,0
9960,ocean,9.00,0
2686,głowa,9.00,0
7898,pomysł,9.00,0
3460,książka,9.00,0
5018,owoc,9.00,0
2983,ozdobny,9.00,0
4544,zawsze,9.00,0
1589,samolot,9.00,0
1331,związek,9.00,0
5540,krótki,9.00,0
9253,domowy,9.00,0
3984,grecki,9.00,0
4788,letni,9.00,0
9161,jego,9.00,0
9629,klient,9.00,0
2787,poprzez,9.00,0
5263,umieszczać,9.00,0
6698,stać,9.00,0
9741,gęś,9.00,0
6451,babcia,9.00,0
8086,zajęcie,9.00,0
2183,istota,9.00,0
1321,szybki,9.00,0
5588,październik,9.00,0
9327,dziewięćdziesiąt,9.00,0
5504,czyjś,9.00,0
8629,płaski,9.00,0
9779,wyłącznie,9.00,0
8498,urodzić,9.00,0
1211,całkiem,9.00,0
1925,mądry,9.00,0
977,wy,9.00,0
3900,praktyka,9.00,0
1895,łaciński,9.00,0
2733,4,9.00,0
8256,należeć,9.00,0
1629,kupić,9.00,0
6455,środek,9.00,0
685,restauracja,9.00,0
5677,dostać,9.00,0
5029,wybór,9.00,0
2043,drzewo,9.00,0
3196,Chiny,9.00,0
6200,wszystkie,9.00,0
5991,ładny,9.00,0
1582,ważny,9.00,0
7766,przyjmować,9.00,0
8657,jeśli,9.00,0
7325,kura,9.00,0
8943,spodnie,8.00,1
2442,złoto,8.00,1
1081,szybko,8.00,1
9367,studiować,8.00,1
992,szary,8.00,1
9816,Białoruś,8.00,1
2904,dziewiąty,8.00,1
9434,mało,8.00,1
4981,100,8.00,1
8258,przygotować,8.00,1
1750,budzić,8.00,1
4784,duży,8.00,1
7126,róg,8.00,1
862,samica,8.00,1
5576,wstyd,8.00,1
7601,5,8.00,1
8089,sprawa,8.00,0
4762,więcej,8.00,0
8952,wszystek,8.00,0
7695,pięć,8.00,0
6261,czuć,8.00,0
5866,spokojny,8.00,0
8792,kontynent,8.00,0
8362,postępować,8.00,0
815,przechodzić,8.00,0
9046,potrafić,8.00,0
2082,przeciwnik,8.00,0
8521,stopień,8.00,0
1610,kobiecy,8.00,0
7790,dzień,8.00,0
3673,spodnie,8.00,0
8790,układ,8.00,0
2799,niektóry,8.00,0
4350,piłka,8.00,0
3164,pole,8.00,0
9795,spowodować,8.00,0
5996,księga,8.00,0
7254,ćwiczenie,8.00,0
6550,wynik,8.00,0
789,podróżować,8.00,0
1858,trzy,8.00,0
3875,zachowywać się,8.00,0
9790,zamek,8.00,0
5172,zespół,8.00,0
8669,Boże Narodzenie,8.00,0
449,organizm,8.00,0
986,żaden,8.00,0
6267,spokojny,8.00,0
1391,starać się,8.00,0
4300,dlatego,8.00,0
6056,elektryczny,8.00,0
2287,słodki,8.00,0
2498,w.,8.00,0
881,w formie,8.00,0
7619,rodzic,8.00,0
5341,znosić,8.00,0
5088,muzyka,8.00,0
5888,drużyna,8.00,0
8188,złoty,8.00,0
4301,tłuszcz,8.00,0
807,łóżko,8.00,0
8300,koszula,8.00,0
6867,atmosfera,8.00,0
545,liczny,8.00,0
7890,pływać,8.00,0
2190,własny,8.00,0
6899,chleb,8.00,0
4431,miejsce,8.00,0
1470,odwaga,8.00,0
2659,leczenie,8.00,0
5571,robić,8.00,0
7891,pomysł,8.00,0
8303,słaby,8.00,0
4519,Hiszpania,8.00,0
316,do,8.00,0
1664,Jezus,8.00,0
50,po,8.00,0
3779,pszczoła,8.00,0
9842,złodziej,8.00,0
2128,okazja,8.00,0
1496,miecz,8.00,0
753,pytać,8.00,0
4314,podział,8.00,0
1502,minuskuła,8.00,0
875,większy,8.00,0
4056,występować,8.00,0
8685,także,8.00,0
2383,rzeczownik,8.00,0
2955,alkoholowy,8.00,0
9456,dziadek,8.00,0
5431,określony,8.00,0
7265,jeżeli,8.00,0
6175,stan,8.00,0
662,przepis,8.00,0
3216,zewnętrzny,8.00,0
6307,rzymski,8.00,0
2969,pytanie,8.00,0
2584,anioł,8.00,0
8803,kupować,8.00,0
6509,francuski,8.00,0
4024,9,8.00,0
384,Afganistan,8.00,0
9824,kiedy,8.00,0
9974,ciepły,8.00,0
7918,wydawać,8.00,0
4997,osioł,8.00,0
2743,tańczyć,8.00,0
1040,sztuka,8.00,0
3494,godność,8.00,0
5812,stopień,8.00,0
4344,łuk,8.00,0
9470,stosować,8.00,0
9666,przynieść,8.00,0
5446,literacki,8.00,0
5028,rząd,8.00,0
1093,opowiadać,8.00,0
9760,styczeń,8.00,0
6160,projekt,8.00,0
4664,dobrze,8.00,0
2049,bogactwo,8.00,0
9118,wspaniały,8.00,0
3826,obrót,8.00,0
7020,ale,8.00,0
7040,autor,8.00,0
9787,obywatel,8.00,0
4175,przyrząd,8.00,0
1960,artysta,8.00,0
1433,obóz,8.00,0
6360,niebezpieczeństwo,8.00,0
6528,zajmować się,8.00,0
2713,dół,8.00,0
7981,właściwy,8.00,0
2394,prosić,8.00,0
288,!,8.00,0
8443,cześć,8.00,0
5141,6,8.00,0
7240,amharski,8.00,0
8458,zeszły,8.00,0
3985,rodzinny,8.00,0
8746,tam,8.00,0
2582,uzyskać,8.00,0
9612,historyczny,8.00,0
8199,produkt,8.00,0
2808,chcieć,8.00,0
8692,papież,8.00,0
4491,toponim,8.00,0
3622,córka,8.00,0
9977,Hiszpania,8.00,0
644,obecnie,8.00,0
7718,osiągnąć,8.00,0
2759,świątynia,8.00,0
8268,wodny,8.00,0
9489,ściana,8.00,0
3149,m.in.,8.00,0
3193,Niemiec,8.00,0
6369,górny,8.00,0
3389,należy,8.00,0
6946,angielski,8.00,0
5400,mnóstwo,8.00,0
4841,zeszły,8.00,0
5058,sobie,8.00,0
7536,widzieć,8.00,0
1259,czoło,8.00,0
7734,koza,8.00,0
6498,ciecz,8.00,0
5225,skóra,8.00,0
8073,pomysł,8.00,0
2973,powód,8.00,0
4437,spokojny,8.00,0
3997,uznawać,8.00,0
7761,taki,8.00,0
1576,wolno,8.00,0
5694,imię,8.00,0
8216,metr,8.00,0
1621,stworzyć,8.00,0
1407,czwartek,8.00,0
5956,piąty,8.00,0
2462,odwaga,8.00,0
529,bilet,8.00,0
4878,typowy,8.00,0
9948,stać,8.00,0
8750,Włochy,8.00,0
2573,dom,8.00,0
9738,prasa,8.00,0
2568,wpływ,8.00,0
1778,bar,8.00,0
4587,przyjąć,8.00,0
3832,szybki,8.00,0
2121,kartka,8.00,0
3568,japoński,8.00,0
2092,nawet,8.00,0
9285,podział,8.00,0
9754,dla,8.00,0
3327,brat,8.00,0
9835,znaleźć,8.00,0
8307,palić,8.00,0
2199,nos,8.00,0
6102,kąt,8.00,0
1652,dobrze,8.00,0
3003,ulica,8.00,0
3837,przyjaciel,8.00,0
1641,artysta,8.00,0
5903,dolina,8.00,0
7407,minuskuła,8.00,0
4381,zbiornik,8.00,0
4699,niedziela,8.00,0
7104,Chrystus,8.00,0
9591,ściana,8.00,0
2911,gęsty,8.00,0
6042,sprzedawać,8.00,0
7362,przestrzeń,8.00,0
9580,Unia Europejska,8.00,0
1354,sala,8.00,0
1803,własność,8.00,0
5184,rzadki,8.00,0
4072,jego,8.00,0
2641,łódź,8.00,0
2986,dziadek,8.00,0
5692,podłoga,8.00,0
7246,składnik,8.00,0
684,plaża,8.00,0
9798,cmentarz,8.00,0
5672,wstyd,8.00,0
5047,upadek,8.00,0
9140,królowa,8.00,0
7363,naprawdę,8.00,0
1984,działanie,8.00,0
4271,jako,8.00,0
9442,cień,8.00,0
8920,(…),8.00,0
9341,prasa,8.00,0
451,taniec,8.00,0
8442,Bóg,8.00,0
8944,nikt,8.00,0
7837,diabeł,8.00,0
2540,śmiać się,8.00,0
8530,towar,8.00,0
424,kilometr,8.00,0
3016,niektóry,8.00,0
113,ostatni,8.00,0
1552,Jan,8.00,0
7973,osiemdziesiąt,8.00,0
3584,ponad,8.00,0
8368,urzędnik,8.00,0
3878,ogień,8.00,0
4169,lek,8.00,0
1539,szkło,8.00,0
892,poczta,8.00,0
8036,zimno,8.00,0
325,morski,8.00,0
9393,butelka,8.00,0
2617,ich,8.00,0
623,olej,8.00,0
4195,młody,8.00,0
6293,iść,8.00,0
6687,internetowy,8.00,0
2495,potrzebny,8.00,0
5521,panna,8.00,0
2837,szósty,8.00,0
559,odcień,8.00,0
3483,ślad,8.00,0
3021,zakładać,8.00,0
1971,wysłać,8.00,0
9768,wyłącznie,8.00,0
1245,postawić,8.00,0
996,grób,8.00,0
1854,pająk,8.00,0
6437,zarówno,8.00,0
217,biec,8.00,0
2295,usługa,8.00,0
3641,miłość,8.00,0
2786,potrzeba,8.00,0
895,imię,8.00,0
3776,silny,8.00,0
1559,zgodnie,8.00,0
9052,całkowicie,8.00,0
5615,polityka,8.00,0
3865,szanowny,8.00,0
878,budzić,8.00,0
8421,nosić,8.00,0
7369,poprzedni,8.00,0
9814,towar,8.00,0
9956,jezioro,8.00,0
1721,dziura,8.00,0
1511,zimny,8.00,0
6479,poeta,8.00,0
6006,istota,8.00,0
3689,twój,8.00,0
6032,o,8.00,0
9347,czekać,8.00,0
1519,niszczyć,8.00,0
2876,użytkownik,8.00,0
5235,zwrot,8.00,0
3750,położyć,8.00,0
6310,projekt,8.00,0
3209,pierwiastek chemiczny,8.00,0
8244,trochę,8.00,0
247,płyta,8.00,0
4118,panować,8.00,0
4500,sześć,8.00,0
5820,punkt,8.00,0
6547,podobny,8.00,0
6466,miesiąc,8.00,0
2504,zakończyć,8.00,0
1826,zaufanie,8.00,0
3498,podatek,8.00,0
8201,herb,8.00,0
1705,teren,8.00,0
1152,przygotować,8.00,0
8625,—,8.00,0
1565,skala,8.00,0
4629,wzgórze,8.00,0
7214,ocean,8.00,0
8264,mózg,8.00,0
7626,numer,8.00,0
5351,robić,8.00,0
6482,gaz,8.00,0
8257,gleba,8.00,0
6134,rozmiar,8.00,0
2266,kierowca,8.00,0
6604,lecieć,8.00,0
2772,chory,8.00,0
8390,szczyt,8.00,0
8208,lata,8.00,0
3989,dopiero,8.00,0
5962,zachowywać się,8.00,0
8117,właśnie,8.00,0
3556,kolejowy,8.00,0
4665,rozumieć,8.00,0
9508,cesarz,8.00,0
2057,ubranie,8.00,0
8177,szanowny,8.00,0
1924,Rzym,8.00,0
6374,wąż,8.00,0
4369,80,8.00,0
2374,termin,8.00,0
5163,prasa,8.00,0
4127,główny,8.00,0
368,wprowadzać,8.00,0
7484,widok,8.00,0
8985,artykuł,8.00,0
4202,ząb,8.00,0
6426,piłka,8.00,0
5522,operacja,8.00,0
6640,miłość,8.00,0
6896,poprzez,8.00,0
7402,model,8.00,0
9877,pytanie,8.00,0
2272,łaciński,8.00,0
2793,świadczyć,8.00,0
6253,przed,8.00,0
2994,niebieski,8.00,0
3920,płyta,8.00,0
2748,sposób,8.00,0
48,norma,8.00,0
3725,Białoruś,8.00,0
597,kult,8.00,0
2066,chyba,8.00,0
8934,Ukraina,8.00,0
1732,gazeta,8.00,0
8830,średni,8.00,0
2385,stały,8.00,0
4031,obiad,8.00,0
3385,punkt,8.00,0
9861,statek,8.00,0
5687,niechęć,8.00,0
1541,krzew,8.00,0
3077,pijany,8.00,0
9784,policjant,8.00,0
7570,średni,8.00,0
538,ogień,8.00,0
3533,silnik,8.00,0
8094,warstwa,8.00,0
4929,ciało,8.00,0
6060,niewielki,8.00,0
2440,zwolennik,8.00,0
7845,dolny,8.00,0
164,grzech,8.00,0
6795,pomiędzy,8.00,0
7090,oko,8.00,0
5644,śpiewać,8.00,0
9879,tłum,8.00,0
5027,bycie,8.00,0
3415,kraj,8.00,0
1523,przedstawiciel,8.00,0
980,przyjechać,8.00,0
3995,pragnienie,8.00,0
8399,ciotka,8.00,0
4511,różny,8.00,0
153,mnóstwo,8.00,0
7721,gęś,8.00,0
4086,który,8.00,0
3284,południe,8.00,0
1365,wąski,8.00,0
9017,pająk,8.00,0
2989,np.,8.00,0
4525,sztuka,8.00,0
2267,niebezpieczeństwo,8.00,0
8207,rzucać,8.00,0
581,lew,8.00,0
7434,dwudziesty,8.00,0
3957,człowiek,8.00,0
1267,silny,8.00,0
8255,badanie,8.00,0
6040,pracownik,8.00,0
4530,widok,8.00,0
6734,pozwalać,8.00,0
9286,średniowieczny,8.00,0
8097,sportowy,8.00,0
9251,dusza,8.00,0
8579,wojsko,8.00,0
4949,po prostu,8.00,0
5851,przez,8.00,0
301,siebie,8.00,0
4541,centrum,8.00,0
6539,czapka,8.00,0
2742,przynosić,8.00,0
8711,okoliczność,8.00,0
6940,dzień,8.00,0
5105,podnosić,8.00,0
7694,jedenaście,8.00,0
1307,dzisiejszy,8.00,0
8229,społeczny,8.00,0
8047,głowa,8.00,0
3315,skóra,8.00,0
8682,jabłko,8.00,0
4038,powierzchnia,8.00,0
4503,również,8.00,0
9290,metoda,8.00,0
5631,kontynent,8.00,0
8144,flaga,8.00,0
1724,komputerowy,8.00,0
1039,wzgórze,8.00,0
785,mięso,8.00,0
9572,nadawać,8.00,0
3579,warzywo,8.00,0
6905,literacki,8.00,0
7575,czeski,8.00,0
2956,korzystać,8.00,0
6913,tkanina,8.00,0
1405,diabeł,8.00,0
3231,treść,8.00,0
8061,waluta,8.00,0
9601,widzieć,8.00,0
9958,postępowanie,8.00,0
1389,handel,8.00,0
5465,kino,8.00,0
8580,na,8.00,0
278,ostry,8.00,0
5364,związany,8.00,0
5616,dusza,8.00,0
1735,słoneczny,8.00,0
1692,Unia Europejska,8.00,0
9396,poziom,8.00,0
1520,budynek,8.00,0
8517,kurs,8.00,0
858,rozmiar,8.00,0
1624,administracyjny,8.00,0
3680,gęś,8.00,0
1028,Polak,8.00,0
2130,również,8.00,0
9072,posiadać,8.00,0
6228,wniosek,8.00,0
4844,litera,8.00,0
3052,staw,8.00,0
9951,posiłek,8.00,0
519,otrzymywać,8.00,0
8152,pan,8.00,0
2330,brudny,8.00,0
4682,proces,8.00,0
7861,chleb,8.00,0
3456,noga,8.00,0
4835,Francja,8.00,0
8041,charakter,8.00,0
2965,kura,8.00,0
8926,związek,8.00,0
8593,waluta,8.00,0
984,dorosły,8.00,0
5518,temat,8.00,0
9079,część,8.00,0
4122,powstać,8.00,0
673,tarcza,8.00,0
5805,rower,8.00,0
7180,pogoda,8.00,0
5543,krew,8.00,0
1091,pozycja,8.00,0
9208,tablica,8.00,0
7176,wartość,8.00,0
1665,tańczyć,8.00,0
8858,Anglia,8.00,0
957,ośrodek,8.00,0
6117,otaczać,8.00,0
2962,niedźwiedź,8.00,0
9374,związany,8.00,0
4438,ogród,8.00,0
1231,prowincja,8.00,0
5124,głośny,8.00,0
3545,łódź,8.00,0
3445,zmienić,8.00,0
1569,bez,8.00,0
5467,kwiat,8.00,0
8848,wokół,8.00,0
6860,strach,8.00,0
4084,znajdować,8.00,0
9559,operacja,8.00,0
2726,sól,8.00,0
1951,wyścig,8.00,0
8320,nocny,8.00,0
2123,jaki,8.00,0
2127,bawić się,8.00,0
8939,kierować,8.00,0
3682,dół,8.00,0
4735,dokument,8.00,0
6571,brudny,8.00,0
6891,tarcza,8.00,0
1337,bajka,8.00,0
8762,północny,8.00,0
8220,smak,8.00,0
4633,oko,8.00,0
3108,barwa,8.00,0
3580,r.,8.00,0
1849,wyścig,8.00,0
471,wiosna,8.00,0
3276,siódmy,8.00,0
4663,połowa,8.00,0
2734,nieszczęście,8.00,0
1107,jakby,8.00,0
2409,rzucić,8.00,0
9707,babka,8.00,0
6649,królestwo,8.00,0
3233,list,8.00,0
3763,nagle,8.00,0
4589,żywy,8.00,0
5347,zawód,8.00,0
9043,zgromadzenie,8.00,0
9545,piąty,8.00,0
4390,pięćdziesiąt,8.00,0
6647,gospodarczy,8.00,0
4920,centrum,8.00,0
8931,tyle,8.00,0
3426,potrzebny,8.00,0
537,nadawać,8.00,0
1958,złodziej,8.00,0
748,złodziej,8.00,0
3272,koza,8.00,0
2953,szyja,8.00,0
4361,mieszkać,8.00,0
6551,kwestia,8.00,0
3597,funkcja,8.00,0
197,zespół,8.00,0
2761,Polska,8.00,0
7993,czoło,8.00,0
5369,robić,8.00,0
7229,drewno,8.00,0
7452,szlachetny,8.00,0
5284,rządzić,8.00,0
2936,wiek,8.00,0
8402,muzyk,8.00,0
2945,gość,8.00,0
576,ubogi,8.00,0
8013,potrawa,8.00,0
3881,organizacja,8.00,0
9106,duński,8.00,0
2019,mieć na imię,8.00,0
8564,morski,8.00,0
4818,Niemcy,8.00,0
5740,czwarty,8.00,0
3266,tak,8.00,0
7884,mieć na imię,8.00,0
3001,obecnie,8.00,0
9889,strefa,8.00,0
2144,rana,8.00,0
5995,Hiszpania,8.00,0
2627,błoto,8.00,0
2131,polityczny,8.00,0
8490,pszczoła,8.00,0
691,nieszczęście,8.00,0
3345,mieszkać,8.00,0
5476,okręt,8.00,0
3359,policzek,8.00,0
2446,chłop,8.00,0
6294,zbiornik,8.00,0
532,dusza,8.00,0
7833,częściowo,8.00,0
8294,w.,8.00,0
227,zostać,8.00,0
6869,aktor,8.00,0
505,produkować,8.00,0
3782,oni,8.00,0
8975,lipiec,8.00,0
1168,domowy,8.00,0
2835,stopień,8.00,0
143,artysta,8.00,0
5454,ktoś,8.00,0
2157,wobec,8.00,0
4382,małpa,8.00,0
1318,potrzebować,8.00,0
8345,plan,8.00,0
827,przechodzić,8.00,0
8734,obiekt,8.00,0
4251,ciotka,8.00,0
7599,pacjent,8.00,0
2930,gdzieś,8.00,0
1734,rodowity,8.00,0
421,gwiazdozbiór,8.00,0
2133,zdanie,8.00,0
541,opowiadać,8.00,0
1609,ostatni,8.00,0
9345,ksiądz,8.00,0
5353,ludzie,8.00,0
8843,żona,8.00,0
9883,wybuch,8.00,0
2959,szczęście,8.00,0
4367,język,8.00,0
256,wrzesień,8.00,0
7852,pojemnik,8.00,0
9296,tradycja,8.00,0
5180,około,8.00,0
8400,Morze Śródziemne,8.00,0
1456,obecny,8.00,0
580,zdolny,8.00,0
5202,odpowiedź,8.00,0
9575,pasek,8.00,0
793,lipiec,8.00,0
3742,próba,8.00,0
8911,jeżeli,8.00,0
845,żelazo,8.00,0
8181,żółty,8.00,0
8134,motyl,8.00,0
9301,pierwiastek,8.00,0
4141,lecz,8.00,0
2653,myśl,8.00,0
2810,pamiętać,8.00,0
1613,silnik,8.00,0
7486,pora,8.00,0
8315,głupota,8.00,0
749,duży,8.00,0
7312,pod,8.00,0
8627,tylko,8.00,0
4577,naprawdę,8.00,0
25,godny,8.00,0
9254,ciągnąć,8.00,0
1945,gołąb,8.00,0
3005,8,8.00,0
961,minuskuła,8.00,0
8102,znany,8.00,0
5382,dziwny,8.00,0
86,szósty,8.00,0
7717,jako,8.00,0
9479,brzuch,8.00,0
9443,przedstawiać,8.00,0
9437,matka,8.00,0
8596,starożytny,8.00,0
1741,naukowy,8.00,0
6041,dotyczyć,8.00,0
6449,energia,8.00,0
1360,telewizyjny,8.00,0
3889,miejscowość,8.00,0
1086,przestać,8.00,0
8759,otwór,8.00,0
6836,pokarm,8.00,0
8056,by,8.00,0
9037,telewizyjny,8.00,0
7524,Belgia,8.00,0
9761,i,8.00,0
7103,Ziemia,8.00,0
2678,specjalista,8.00,0
4916,chiński,8.00,0
884,telefon,8.00,0
5244,świat,8.00,0
4111,maszyna,8.00,0
2396,twarz,8.00,0
1489,niechęć,8.00,0
8367,zajmować się,8.00,0
5651,na,8.00,0
4645,ogród,8.00,0
6576,dzielnica,8.00,0
2073,Słowacja,8.00,0
2589,taniec,8.00,0
5275,całość,8.00,0
5695,dawny,8.00,0
2061,sobie,8.00,0
9455,leżeć,8.00,0
6830,niech,8.00,0
2403,czysty,8.00,0
3333,skłonność,8.00,0
6186,wracać,8.00,0
2746,spać,8.00,0
5432,w wyniku,8.00,0
7019,odkryć,8.00,0
1639,Azja,8.00,0
8582,ulegać,8.00,0
9075,mnóstwo,8.00,0
4863,wypowiedź,8.00,0
7285,gość,8.00,0
9924,kalendarz,8.00,0
5501,gardło,8.00,0
5509,okres,8.00,0
1713,charakterystyczny,8.00,0
3853,profesor,8.00,0
7534,piętnaście,8.00,0
1176,trzeci,8.00,0
7095,moneta,8.00,0
4097,Austria,8.00,0
4472,nieprzyjemny,8.00,0
4403,usta,8.00,0
4312,3,8.00,0
485,miejscowość,8.00,0
9150,musieć,8.00,0
8214,finansowy,8.00,0
9233,część,8.00,0
219,rola,8.00,0
1213,prosty,8.00,0
3810,oczekiwać,8.00,0
1548,dolny,8.00,0
2654,deszcz,8.00,0
9266,spać,8.00,0
8130,słuchać,8.00,0
6230,umieszczać,8.00,0
2515,turecki,8.00,0
9139,dawać,8.00,0
5768,wiosna,8.00,0
8919,zwykle,8.00,0
8993,lecieć,8.00,0
8951,żelazo,8.00,0
4899,partia,8.00,0
8556,wykorzystywać,8.00,0
9595,herbata,8.00,0
609,śmierć,8.00,0
4194,zgodnie,8.00,0
4287,uwaga,8.00,0
9560,Boże Narodzenie,8.00,0
916,zapis,8.00,0
4815,zawierać,8.00,0
3896,dotyczyć,8.00,0
3552,herbata,8.00,0
279,biuro,8.00,0
7928,staw,8.00,0
2948,z powodu,8.00,0
3092,lubić,8.00,0
1786,zysk,8.00,0
6492,gospodarczy,8.00,0
3499,wszystkie,8.00,0
2513,Wielka Brytania,8.00,0
1685,szklanka,8.00,0
7680,japoński,8.00,0
5401,połączenie,8.00,0
8950,broń,8.00,0
1719,stado,8.00,0
4966,postępowanie,8.00,0
8615,uniwersytet,8.00,0
9921,kończyć,8.00,0
2250,hodować,8.00,0
7105,owad,8.00,0
906,rower,8.00,0
1055,rzeczownik,8.00,0
5787,złoto,8.00,0
8196,bieda,8.00,0
7956,robotnik,8.00,0
7935,zobaczyć,8.00,0
2867,oznaczać,8.00,0
4770,wioska,8.00,0
7227,paliwo,8.00,0
2418,wczesny,8.00,0
4876,mówić,8.00,0
4893,natura,8.00,0
3434,Belgia,8.00,0
8642,liczba,8.00,0
6510,punkt,8.00,0
2789,wschód,8.00,0
943,poza,8.00,0
6895,wygrać,8.00,0
2682,1000,8.00,0
60,jeżeli,8.00,0
3567,chcieć,8.00,0
7964,przemysł,8.00,0
9765,Australia,8.00,0
4965,tutaj,8.00,0
5804,pozostać,8.00,0
4545,odzież,8.00,0
4379,stary,8.00,0
4767,zero,8.00,0
5914,kolacja,8.00,0
4628,prosty,8.00,0
9154,element,8.00,0
2033,złożyć,8.00,0
7060,więcej,8.00,0
1471,zgromadzenie,8.00,0
5552,wydawać,8.00,0
6914,wiersz,8.00,0
8599,treść,8.00,0
1829,krótki,8.00,0
8170,powstawać,8.00,0
1821,moment,8.00,0
9930,z,8.00,0
1647,sala,8.00,0
9098,sól,8.00,0
4377,trwały,8.00,0
2361,skóra,8.00,0
1368,spodnie,8.00,0
3640,znany,8.00,0
389,pisarz,8.00,0
6075,wykonywanie,8.00,0
9555,Piotr,8.00,0
7530,różowy,8.00,0
3927,zamykać,8.00,0
2660,częściowo,8.00,0
6469,tarcza,8.00,0
7248,kobiecy,8.00,0
9539,ostry,8.00,0
4148,nawet,8.00,0
385,wysoko,8.00,0
8071,wielkość,8.00,0
9322,zachowywać się,8.00,0
7465,zwykle,8.00,0
1772,opuścić,8.00,0
9786,przygotować,8.00,0
8900,surowy,8.00,0
4415,minister,8.00,0
461,—,8.00,0
4017,dodawać,8.00,0
4887,trudny,8.00,0
3054,lew,8.00,0
7275,milion,8.00,0
36,dopływ,8.00,0
5848,długi,8.00,0
2558,koniec,8.00,0
3171,jeszcze,8.00,0
3199,maszyna,8.00,0
3527,kara,8.00,0
8006,słoneczny,8.00,0
9623,brzuch,8.00,0
9487,owad,8.00,0
8291,medycyna,8.00,0
3152,futro,8.00,0
9597,dziecko,8.00,0
7674,postępowanie,8.00,0
2778,siebie,8.00,0
9621,dzielić,8.00,0
1999,ostatni,8.00,0
9778,państwowy,8.00,0
9297,rzucać,8.00,0
6575,kwiecień,8.00,0
1518,siedzieć,8.00,0
2964,źródło,8.00,0
5507,wnętrze,8.00,0
1996,narodowość,8.00,0
9353,dany,8.00,0
6726,biedny,8.00,0
8914,typowy,8.00,0
8968,jednostka,8.00,0
8103,4,8.00,0
8173,uzyskać,8.00,0
8890,ciotka,8.00,0
5278,pozbawić,8.00,0
329,Turcja,8.00,0
6066,kościół,8.00,0
7264,dorosły,8.00,0
7564,wyglądać,8.00,0
3620,córka,8.00,0
2031,liczba atomowa,8.00,0
5822,przygotowywać,8.00,0
6373,bycie,8.00,0
5043,dłoń,8.00,0
7274,zwolennik,8.00,0
5712,lista,8.00,0
1349,imię,8.00,0
4060,otwór,8.00,0
2461,zaufanie,8.00,0
3432,poziom,8.00,0
2197,tam,8.00,0
7052,zajmować się,8.00,0
3921,stały,8.00,0
3062,szósty,8.00,0
7129,budzić,8.00,0
1135,starać się,8.00,0
3096,czerwiec,8.00,0
1256,obok,8.00,0
1316,otrzymać,8.00,0
5331,towar,8.00,0
222,ziemia,8.00,0
3535,wysiłek,8.00,0
5800,kochać,8.00,0
3856,płeć,8.00,0
2949,firma,8.00,0
2647,kierować,8.00,0
612,trzy,8.00,0
6908,głupota,8.00,0
7841,zamiast,8.00,0
8683,litera,8.00,0
2015,odnosić się,8.00,0
9354,przyczyna,8.00,0
3616,linia,8.00,0
9567,moc,8.00,0
438,zgromadzenie,8.00,0
7561,łóżko,8.00,0
8948,dziewięćdziesiąt,8.00,0
5821,otrzymać,8.00,0
1948,herbata,8.00,0
2341,dno,8.00,0
8560,rok,8.00,0
854,swój,8.00,0
5092,żółty,8.00,0
5714,bogaty,8.00,0
3789,zaraz,8.00,0
804,aktywny,8.00,0
5054,ulica,8.00,0
2684,koło,8.00,0
1800,sylaba,8.00,0
7076,dział,8.00,0
3823,ciemność,8.00,0
6762,korzyść,8.00,0
9459,flaga,8.00,0
5882,początek,8.00,0
5523,bać się,8.00,0
7800,lecz,8.00,0
6303,francuski,8.00,0
8461,3,8.00,0
4177,więzienie,8.00,0
7327,mysz,8.00,0
8807,studia,8.00,0
5194,krok,8.00,0
4470,nadzieja,8.00,0
3576,mierzyć,8.00,0
5455,wyjść,8.00,0
2297,wysokość,8.00,0
5020,instrument,8.00,0
2464,wiatr,8.00,0
8202,-,8.00,0
8612,ukraiński,8.00,0
3516,przechodzić,8.00,0
6676,30,8.00,0
2523,umieć,8.00,0
101,temu,8.00,0
6022,żona,8.00,0
509,te,8.00,0
5934,kura,8.00,0
1448,owca,8.00,0
2256,kobiecy,8.00,0
6123,cecha,8.00,0
42,żołnierz,8.00,0
7256,płakać,8.00,0
2300,niechęć,8.00,0
8888,twarz,8.00,0
7995,kierowca,8.00,0
8874,określać,8.00,0
4976,fotografia,8.00,0
7199,znajdować się,8.00,0
4102,twardy,8.00,0
3601,60,8.00,0
3265,noc,8.00,0
4563,przecież,8.00,0
549,wrogość,8.00,0
5487,oznaczać,8.00,0
2697,brat,8.00,0
2642,budynek,8.00,0
1499,pisarz,8.00,0
7872,plac,8.00,0
4775,jedenaście,8.00,0
3143,ćwiczenie,8.00,0
8397,kieszeń,8.00,0
5140,toponim,8.00,0
3206,naprawdę,8.00,0
6596,specjalista,8.00,0
3427,cichy,8.00,0
968,mowa,8.00,0
2885,zjeść,8.00,0
1512,zniszczyć,8.00,0
1032,znowu,8.00,0
462,ciąża,8.00,0
4328,obywatel,8.00,0
2179,zgodny,8.00,0
5508,dopływ,8.00,0
9095,kult,8.00,0
3669,pierś,8.00,0
3280,akcja,8.00,0
944,wycieczka,8.00,0
7061,Ukraina,8.00,0
7141,lato,8.00,0
4366,Afryka,8.00,0
8108,czy,8.00,0
3924,siódmy,8.00,0
2120,układ,8.00,0
1192,raz,8.00,0
5973,przyjechać,8.00,0
3472,traktować,8.00,0
7594,mieszkanie,8.00,0
9837,chłopiec,8.00,0
715,nie-,8.00,0
7406,zaufanie,8.00,0
5090,powieść,8.00,0
5710,osiem,8.00,0
5328,urząd,8.00,0
958,dlaczego,8.00,0
9399,łąka,8.00,0
1627,tysiąc,8.00,0
9737,Austria,8.00,0
2472,obiad,8.00,0
2927,kolumna,8.00,0
9412,róża,8.00,0
4936,wejście,8.00,0
9552,krowa,8.00,0
9178,pokazywać,8.00,0
7702,kiedyś,8.00,0
1555,reakcja,8.00,0
4937,naj-,8.00,0
9604,mięso,8.00,0
3288,operacja,8.00,0
8813,składać się,8.00,0
2289,Czechy,8.00,0
2219,ptak,8.00,0
5151,strach,8.00,0
5947,słowacki,8.00,0
6744,inny,8.00,0
9237,klucz,8.00,0
9840,ciągle,8.00,0
1879,atmosfera,8.00,0
639,szkoła,7.00,1
4030,ptak,7.00,1
1573,służyć,7.00,1
3981,średni,7.00,1
6618,chłopak,7.00,1
8317,otoczenie,7.00,1
434,przyjemny,7.00,1
9994,informacja,7.00,1
9920,pracować,7.00,1
8084,rzeczownik,7.00,1
1196,metoda,7.00,0
465,pojęcie,7.00,0
64,posiłek,7.00,0
3612,Chiny,7.00,0
2946,trzymać,7.00,0
1867,wypowiedź,7.00,0
8121,tylko,7.00,0
8219,na,7.00,0
8470,wysyłać,7.00,0
5137,podać,7.00,0
7787,wydać,7.00,0
150,należy,7.00,0
5265,czynnik,7.00,0
536,taniec,7.00,0
5500,fala,7.00,0
5520,zadanie,7.00,0
6538,pisarz,7.00,0
4596,ciemność,7.00,0
8337,stado,7.00,0
941,podobny,7.00,0
3805,wywodzić się,7.00,0
6562,przeciw,7.00,0
1635,dziać się,7.00,0
8116,nauczyciel,7.00,0
4441,róg,7.00,0
9987,ziemia,7.00,0
5798,wrażenie,7.00,0
7055,sala,7.00,0
8558,myśleć,7.00,0
1274,mężczyzna,7.00,0
5071,kij,7.00,0
1415,pomieszczenie,7.00,0
9451,wisieć,7.00,0
6143,zwyczaj,7.00,0
9527,one,7.00,0
3639,sylaba,7.00,0
9156,nosić,7.00,0
7871,wywoływać,7.00,0
3118,niebo,7.00,0
7085,południe,7.00,0
4085,ból,7.00,0
6630,kolano,7.00,0
7632,mieszkanie,7.00,0
1246,zakład,7.00,0
7803,wzgórze,7.00,0
8655,tańczyć,7.00,0
8431,kultura,7.00,0
9159,nieść,7.00,0
1504,warzywo,7.00,0
8634,wierny,7.00,0
7030,naród,7.00,0
6520,wzrost,7.00,0
7834,męski,7.00,0
4972,tor,7.00,0
68,postać,7.00,0
7877,obowiązek,7.00,0
9968,wracać,7.00,0
2241,przedstawiać,7.00,0
3267,pierwiastek chemiczny,7.00,0
2695,udział,7.00,0
1672,miecz,7.00,0
1182,istnienie,7.00,0
4029,strój,7.00,0
5567,choć,7.00,0
8590,związek,7.00,0
4399,naród,7.00,0
8289,z powodu,7.00,0
1794,następować,7.00,0
7292,święty,7.00,0
4293,hasło,7.00,0
9128,brać,7.00,0
6053,wolno,7.00,0
6619,kiedyś,7.00,0
2898,niedźwiedź,7.00,0
3255,składnik,7.00,0
342,prawy,7.00,0
2456,państwo,7.00,0
6495,m.in.,7.00,0
7205,artysta,7.00,0
6443,wejście,7.00,0
9424,rzeczywistość,7.00,0
4621,nad,7.00,0
6445,ciecz,7.00,0
2317,gorączka,7.00,0
3774,piętro,7.00,0
1252,bawić się,7.00,0
2271,sierpień,7.00,0
6909,stworzyć,7.00,0
4073,piękny,7.00,0
5355,zwyczaj,7.00,0
6811,polegać,7.00,0
6605,gatunek,7.00,0
2752,ciężar,7.00,0
8017,organizm,7.00,0
4080,literacki,7.00,0
9449,oddawać,7.00,0
8042,zamiar,7.00,0
364,członek,7.00,0
2801,sukces,7.00,0
5354,znaczny,7.00,0
2072,skład,7.00,0
1123,wcześnie,7.00,0
5131,milion,7.00,0
7444,bać się,7.00,0
998,na przykład,7.00,0
7073,szkolny,7.00,0
139,chrześcijaństwo,7.00,0
5599,jakby,7.00,0
5307,pierwiastek chemiczny,7.00,0
2624,zawierać,7.00,0
6926,Australia,7.00,0
311,noga,7.00,0
740,bać się,7.00,0
4839,uczucie,7.00,0
3874,dodawać,7.00,0
4280,język,7.00,0
6826,dlatego,7.00,0
7237,dno,7.00,0
7653,nauczycielka,7.00,0
1453,ludzie,7.00,0
6473,łagodny,7.00,0
5073,wydawać się,7.00,0
7711,czekać,7.00,0
1777,wspólnota,7.00,0
9625,dar,7.00,0
144,obrót,7.00,0
291,spadać,7.00,0
2376,bok,7.00,0
3147,bohater,7.00,0
8912,chrześcijaństwo,7.00,0
9655,łatwy,7.00,0
1285,słaby,7.00,0
1747,być,7.00,0
2851,tytuł,7.00,0
8143,wyspa,7.00,0
5463,pozostać,7.00,0
4764,no,7.00,0
6313,piątek,7.00,0
3076,składnik,7.00,0
8032,latać,7.00,0
1729,niemiecki,7.00,0
3049,pociąg,7.00,0
9162,nadawać,7.00,0
388,dzień,7.00,0
9394,20,7.00,0
2615,czynnik,7.00,0
8609,charakter,7.00,0
1473,oznaczać,7.00,0
5759,głównie,7.00,0
5481,kiedyś,7.00,0
8435,uniwersytet,7.00,0
1704,kolej,7.00,0
5705,słoneczny,7.00,0
109,szlachetny,7.00,0
2343,powiat,7.00,0
6782,niech,7.00,0
3334,królestwo,7.00,0
8814,trzymać,7.00,0
415,wspaniały,7.00,0
2519,dzieło,7.00,0
2188,możliwość,7.00,0
8002,latać,7.00,0
8298,bronić,7.00,0
5376,przeciwnik,7.00,0
9735,rzucać,7.00,0
8966,te,7.00,0
9938,odpowiedź,7.00,0
4824,bronić,7.00,0
9234,żołądek,7.00,0
432,do,7.00,0
4493,ślub,7.00,0
3392,80,7.00,0
8124,tradycyjny,7.00,0
3684,po,7.00,0
2101,przyprawa,7.00,0
810,moralny,7.00,0
8527,głowa,7.00,0
9232,rząd,7.00,0
6681,r.,7.00,0
4027,lecz,7.00,0
7579,rzymski,7.00,0
5129,dowód,7.00,0
6352,zazwyczaj,7.00,0
9699,sól,7.00,0
3978,wybrzeże,7.00,0
9377,oddawać,7.00,0
8694,niezwykły,7.00,0
8802,prezydent,7.00,0
410,trudność,7.00,0
1153,kierowca,7.00,0
6501,tydzień,7.00,0
7628,płaski,7.00,0
3667,skóra,7.00,0
8632,centralny,7.00,0
8659,nigdy,7.00,0
5652,działanie,7.00,0
840,osiem,7.00,0
2238,rodzinny,7.00,0
5429,piłka,7.00,0
3653,właściwy,7.00,0
5473,wszyscy,7.00,0
9057,umowa,7.00,0
9747,wydawać,7.00,0
1870,zarówno,7.00,0
3694,wykonywać,7.00,0
8607,letni,7.00,0
8476,ogon,7.00,0
3115,muzyka,7.00,0
5664,dzieło,7.00,0
4295,opłata,7.00,0
3382,odbywać się,7.00,0
266,jeśli,7.00,0
6886,kultura,7.00,0
641,malować,7.00,0
1408,zobaczyć,7.00,0
6168,uchodzić,7.00,0
4234,w końcu,7.00,0
8001,pewny,7.00,0
7791,numer,7.00,0
4777,dziwny,7.00,0
9085,wchodzić,7.00,0
669,wyrażenie,7.00,0
1103,pytać,7.00,0
352,hiszpański,7.00,0
6629,prosić,7.00,0
6172,powodować,7.00,0
4226,ksiądz,7.00,0
688,ty,7.00,0
978,nowy,7.00,0
427,naukowy,7.00,0
6163,40,7.00,0
5717,opinia,7.00,0
5041,mistrz,7.00,0
2052,krew,7.00,0
9302,uczeń,7.00,0
7233,symbol,7.00,0
7377,służyć,7.00,0
3380,koszula,7.00,0
8730,ucho,7.00,0
3225,drzewo,7.00,0
7671,rano,7.00,0
8263,znowu,7.00,0
9375,tył,7.00,0
7686,życie,7.00,0
7789,zamiast,7.00,0
3274,Boże Narodzenie,7.00,0
8665,główny,7.00,0
4043,pociąg,7.00,0
2359,pomoc,7.00,0
3687,pływać,7.00,0
5122,on,7.00,0
148,pomóc,7.00,0
7080,szanowny,7.00,0
4173,spotkanie,7.00,0
2103,handlowy,7.00,0
979,dany,7.00,0
51,90,7.00,0
5517,pieśń,7.00,0
3971,tysiąc,7.00,0
9932,budzić,7.00,0
6429,akt,7.00,0
174,energia,7.00,0
1136,prawda,7.00,0
3906,jaki,7.00,0
7566,święty,7.00,0
899,ciemność,7.00,0
1654,jechać,7.00,0
8999,rzeka,7.00,0
1910,państwowy,7.00,0
1963,rachunek,7.00,0
8198,powiedzieć,7.00,0
351,strumień,7.00,0
3968,5,7.00,0
4654,rejon,7.00,0
9561,niż,7.00,0
1132,dziecko,7.00,0
5846,według,7.00,0
8359,zdarzenie,7.00,0
98,hotel,7.00,0
5769,pojedynczy,7.00,0
9179,kto,7.00,0
5624,ten sam,7.00,0
8356,uderzenie,7.00,0
3768,władca,7.00,0
4478,wojsko,7.00,0
3488,zgoda,7.00,0
2308,ocena,7.00,0
3053,ciasto,7.00,0
2877,tłumaczyć,7.00,0
6471,talerz,7.00,0
4270,dobro,7.00,0
6036,znajdować się,7.00,0
9364,pragnąć,7.00,0
3633,dym,7.00,0
2410,bohater,7.00,0
8351,wszystek,7.00,0
9961,mgła,7.00,0
8151,zespół,7.00,0
5117,badać,7.00,0
771,poeta,7.00,0
8231,Wielka Brytania,7.00,0
9115,żółty,7.00,0
2366,ludność,7.00,0
9415,bądź,7.00,0
2677,prędkość,7.00,0
7722,zamiar,7.00,0
6223,śmiech,7.00,0
3819,gardło,7.00,0
8113,łyżka,7.00,0
1936,bieg,7.00,0
1404,telefon,7.00,0
3461,obywatelka,7.00,0
3041,letni,7.00,0
7611,listopad,7.00,0
8910,węgiel,7.00,0
3195,wypadek,7.00,0
4349,złoty,7.00,0
7874,zaraz,7.00,0
635,budowa,7.00,0
4531,produkować,7.00,0
1383,wciąż,7.00,0
5919,temat,7.00,0
5585,(…),7.00,0
5437,kula,7.00,0
2252,właściwość,7.00,0
2586,nauczycielka,7.00,0
2768,gniew,7.00,0
8972,but,7.00,0
4780,zimno,7.00,0
8332,cień,7.00,0
482,następny,7.00,0
4892,tytoń,7.00,0
3730,minister,7.00,0
999,prosić,7.00,0
458,Rumunia,7.00,0
4907,róża,7.00,0
7464,tracić,7.00,0
5734,wrzesień,7.00,0
8502,polegać,7.00,0
4157,informacja,7.00,0
6132,a,7.00,0
4810,otrzymywać,7.00,0
7893,ktoś,7.00,0
3051,opuścić,7.00,0
7931,wokół,7.00,0
1272,niektóry,7.00,0
1823,przychodzić,7.00,0
2181,godność,7.00,0
2388,niemiecki,7.00,0
1856,dzięki,7.00,0
567,sądzić,7.00,0
116,zabić,7.00,0
8446,gardło,7.00,0
7322,wychodzić,7.00,0
5254,dawno,7.00,0
9199,uwaga,7.00,0
419,bogactwo,7.00,0
1336,Ukraina,7.00,0
1645,nawet,7.00,0
5205,powodować,7.00,0
824,okręt,7.00,0
4455,moralny,7.00,0
620,nauka,7.00,0
9590,na,7.00,0
3821,70,7.00,0
7143,rodzinny,7.00,0
303,ta,7.00,0
9664,przychodzić,7.00,0
8588,bułgarski,7.00,0
7079,Holandia,7.00,0
8990,ważny,7.00,0
2303,Australia,7.00,0
8772,rodzic,7.00,0
6969,60,7.00,0
9002,dobry,7.00,0
2280,ich,7.00,0
4368,składnik,7.00,0
9797,azjatycki,7.00,0
1774,przyszłość,7.00,0
3232,park,7.00,0
8135,mi,7.00,0
7830,drugi,7.00,0
3110,restauracja,7.00,0
5760,widoczny,7.00,0
1796,wierzyć,7.00,0
2960,na zewnątrz,7.00,0
8794,granica,7.00,0
2329,wizyta,7.00,0
9073,jedenaście,7.00,0
209,zgadzać się,7.00,0
6277,wypowiedź,7.00,0
5618,kula,7.00,0
3251,ziemia,7.00,0
2370,odpowiedź,7.00,0
6408,głupiec,7.00,0
1071,panować,7.00,0
6159,jedynie,7.00,0
8284,kieszeń,7.00,0
6119,wyjście,7.00,0
5423,zawodnik,7.00,0
7882,zysk,7.00,0
4912,śpiewać,7.00,0
2916,średniowieczny,7.00,0
1619,pora,7.00,0
8132,polityka,7.00,0
4761,pytanie,7.00,0
9841,u,7.00,0
607,wzdłuż,7.00,0
936,studiować,7.00,0
5106,pod,7.00,0
9181,pisanie,7.00,0
5547,róża,7.00,0
1739,literatura,7.00,0
496,królowa,7.00,0
3626,stworzyć,7.00,0
5525,Kraków,7.00,0
6059,plan,7.00,0
2215,firma,7.00,0
5751,choć,7.00,0
6561,byk,7.00,0
6180,związać,7.00,0
8526,skala,7.00,0
7712,róg,7.00,0
6874,Azja,7.00,0
4164,umiejętność,7.00,0
5604,40,7.00,0
5049,wiadomość,7.00,0
258,sądowy,7.00,0
5038,rodzaj,7.00,0
6623,Holandia,7.00,0
3685,szkło,7.00,0
8720,dotyczyć,7.00,0
3728,lud,7.00,0
2327,Ziemia,7.00,0
6998,połowa,7.00,0
2254,tablica,7.00,0
2416,znosić,7.00,0
3451,dlatego,7.00,0
7426,wzór,7.00,0
9783,poduszka,7.00,0
849,doprowadzić,7.00,0
4650,istnienie,7.00,0
6290,stawiać,7.00,0
4798,szczęśliwy,7.00,0
3012,teatr,7.00,0
9186,przyszły,7.00,0
1708,robota,7.00,0
5421,zboże,7.00,0
1554,pomagać,7.00,0
470,górny,7.00,0
1173,Białoruś,7.00,0
370,ani,7.00,0
846,dziewięćdziesiąt,7.00,0
4729,ser,7.00,0
6024,kaczka,7.00,0
1558,ryba,7.00,0
7827,przestrzeń,7.00,0
2448,kawa,7.00,0
7315,pracownik,7.00,0
5206,święty,7.00,0
5819,kawałek,7.00,0
6603,naukowy,7.00,0
2675,zły,7.00,0
5388,wolność,7.00,0
9288,jeździć,7.00,0
901,most,7.00,0
3071,dokonywać,7.00,0
429,tradycyjny,7.00,0
481,wieża,7.00,0
3602,grać,7.00,0
3877,rynek,7.00,0
6114,postawa,7.00,0
8724,niedźwiedź,7.00,0
2869,zazwyczaj,7.00,0
8915,rozmiar,7.00,0
614,świątynia,7.00,0
7115,krzyż,7.00,0
6127,tworzyć,7.00,0
5986,drapieżny,7.00,0
4649,uważać,7.00,0
2545,burza,7.00,0
4153,jechać,7.00,0
2724,itp.,7.00,0
132,potrzebować,7.00,0
9062,jaki,7.00,0
4783,pole,7.00,0
5770,barwa,7.00,0
4006,złoto,7.00,0
6845,między,7.00,0
9576,odpowiedni,7.00,0
4658,skład,7.00,0
8983,sprzęt,7.00,0
3111,wobec,7.00,0
2938,lub,7.00,0
8820,coraz,7.00,0
9638,tarcza,7.00,0
4653,warzywo,7.00,0
77,towarzystwo,7.00,0
1147,powinien,7.00,0
2702,okręt,7.00,0
6765,szkoda,7.00,0
8417,ono,7.00,0
8977,aktywny,7.00,0
6930,jedzenie,7.00,0
3252,zaburzenie,7.00,0
2000,wracać,7.00,0
2413,słodki,7.00,0
9264,wyglądać,7.00,0
3963,rzadki,7.00,0
173,sprawa,7.00,0
333,coraz,7.00,0
7668,wyścig,7.00,0
7235,płaski,7.00,0
7706,obok,7.00,0
2113,szczególnie,7.00,0
2140,kolacja,7.00,0
6486,klasztor,7.00,0
9231,dla,7.00,0
8798,płaszcz,7.00,0
9900,policzek,7.00,0
8970,mało,7.00,0
1183,kobiecy,7.00,0
1351,obywatelka,7.00,0
3751,gałąź,7.00,0
2277,samica,7.00,0
1884,stać,7.00,0
2637,odległość,7.00,0
1483,hiszpański,7.00,0
3547,mi,7.00,0
2648,w celu,7.00,0
725,Węgry,7.00,0
5306,słodki,7.00,0
3388,model,7.00,0
9546,spokojny,7.00,0
9947,pewny,7.00,0
6271,zasada,7.00,0
7607,8,7.00,0
7941,krótki,7.00,0
3332,chronić,7.00,0
7466,więcej,7.00,0
2706,akcja,7.00,0
3459,mama,7.00,0
4353,zmienić,7.00,0
2210,przedstawiać,7.00,0
550,lato,7.00,0
1437,go,7.00,0
7899,klimat,7.00,0
5169,srebrny,7.00,0
9633,wino,7.00,0
2379,aktor,7.00,0
4062,głośny,7.00,0
6071,bezpośrednio,7.00,0
5019,umowa,7.00,0
4288,naczynie,7.00,0
5880,powiat,7.00,0
3371,syn,7.00,0
7008,upadek,7.00,0
5337,w formie,7.00,0
6072,mówić,7.00,0
1691,jutro,7.00,0
1353,noc,7.00,0
239,zakończenie,7.00,0
1273,rak,7.00,0
1193,ważny,7.00,0
1702,budzić,7.00,0
5941,następować,7.00,0
1113,mebel,7.00,0
6668,dotyczyć,7.00,0
6281,Polska,7.00,0
7620,stacja,7.00,0
9526,koncert,7.00,0
6503,błąd,7.00,0
7908,sto,7.00,0
7453,ciągnąć,7.00,0
6554,zwierzę,7.00,0
5461,pomidor,7.00,0
3581,przecież,7.00,0
5645,niedziela,7.00,0
9662,drapieżny,7.00,0
506,angielski,7.00,0
701,stary,7.00,0
4357,częściowo,7.00,0
5372,kurs,7.00,0
5498,odpowiedni,7.00,0
4142,wyrażać,7.00,0
4614,pojęcie,7.00,0
466,coś,7.00,0
2068,obywatelka,7.00,0
9815,wykonać,7.00,0
3772,gniazdo,7.00,0
4400,cienki,7.00,0
852,klimat,7.00,0
6023,ale,7.00,0
2169,sytuacja,7.00,0
320,w celu,7.00,0
5338,owad,7.00,0
3446,przebywać,7.00,0
9808,Niemiec,7.00,0
4281,rysunek,7.00,0
7848,gotować,7.00,0
2211,oczywiście,7.00,0
5930,poniedziałek,7.00,0
5927,system,7.00,0
7652,nasz,7.00,0
2564,doświadczenie,7.00,0
9175,zmieniać,7.00,0
8578,film,7.00,0
3934,szereg,7.00,0
5890,teraz,7.00,0
5932,w ciągu,7.00,0
1212,granica,7.00,0
1625,rola,7.00,0
9,gotowy,7.00,0
1187,wóz,7.00,0
6450,farba,7.00,0
1079,1000,7.00,0
2758,ryzyko,7.00,0
4221,wyjść,7.00,0
1251,mieć,7.00,0
8423,stolica,7.00,0
4701,przeciwnik,7.00,0
5064,lecz,7.00,0
7772,ulica,7.00,0
3182,akt,7.00,0
4726,maj,7.00,0
2204,przyjęcie,7.00,0
3542,wysłać,7.00,0
4311,typowy,7.00,0
8161,mapa,7.00,0
8148,jabłko,7.00,0
4016,każdy,7.00,0
2692,drapieżny,7.00,0
7159,klasztor,7.00,0
9484,bilet,7.00,0
679,zimno,7.00,0
7435,szkolny,7.00,0
9262,mysz,7.00,0
4964,wysłać,7.00,0
1459,jednostka,7.00,0
408,Żyd,7.00,0
2658,kwiecień,7.00,0
6846,wymagać,7.00,0
8779,Europa,7.00,0
1150,położenie,7.00,0
7606,energia,7.00,0
4309,zdolność,7.00,0
3008,zakład,7.00,0
9903,pewien,7.00,0
1330,tłumaczyć,7.00,0
7600,choroba,7.00,0
7617,przyszłość,7.00,0
8981,grzyb,7.00,0
450,czoło,7.00,0
861,terytorium,7.00,0
4482,piłka,7.00,0
8171,głowa,7.00,0
304,rak,7.00,0
1189,dziewczynka,7.00,0
4648,tyle,7.00,0
5583,towarzystwo,7.00,0
2921,impreza,7.00,0
5925,brzydki,7.00,0
6139,wychodzić,7.00,0
5587,trudno,7.00,0
1332,pałac,7.00,0
5156,polityk,7.00,0
6751,początek,7.00,0
8826,bezpieczeństwo,7.00,0
7895,pomagać,7.00,0
2063,mleko,7.00,0
7003,ryzyko,7.00,0
1241,się,7.00,0
3703,(…),7.00,0
9615,układ,7.00,0
275,go,7.00,0
6414,zachód,7.00,0
8384,pusty,7.00,0
8210,się,7.00,0
3442,trzymać,7.00,0
4473,bać się,7.00,0
331,północny,7.00,0
924,pięć,7.00,0
3190,procent,7.00,0
8638,strój,7.00,0
1266,szkło,7.00,0
6807,ziemia,7.00,0
2040,kąt,7.00,0
6432,odcień,7.00,0
2351,sześćdziesiąt,7.00,0
7595,źródło,7.00,0
4725,szeroki,7.00,0
4333,królewski,7.00,0
3424,Niemiec,7.00,0
4246,głowa,7.00,0
4230,umieszczać,7.00,0
9587,dźwięk,7.00,0
8480,kara,7.00,0
3154,ze,7.00,0
9130,mocz,7.00,0
4539,nadawać,7.00,0
3773,stawiać,7.00,0
1578,student,7.00,0
5700,nos,7.00,0
6332,księżyc,7.00,0
3642,kupować,7.00,0
7940,szkło,7.00,0
7822,uwaga,7.00,0
2146,otwór,7.00,0
1883,pismo,7.00,0
242,kartka,7.00,0
7204,żyć,7.00,0
8333,zamykać,7.00,0
7161,minuta,7.00,0
1816,obejmować,7.00,0
7317,wydawać się,7.00,0
2200,przestać,7.00,0
5264,ilość,7.00,0
3848,amharski,7.00,0
2452,całkowicie,7.00,0
1458,stać się,7.00,0
7701,poprzedni,7.00,0
3169,oba,7.00,0
2298,element,7.00,0
9278,dłoń,7.00,0
5813,Słowacja,7.00,0
3046,spaść,7.00,0
5921,niedźwiedź,7.00,0
7028,pismo,7.00,0
2645,okres,7.00,0
7451,produkcja,7.00,0
4215,miękki,7.00,0
5771,deszcz,7.00,0
9066,metalowy,7.00,0
1108,klucz,7.00,0
5478,dno,7.00,0
5678,specjalny,7.00,0
539,pełny,7.00,0
8949,uczyć,7.00,0
1955,znaleźć,7.00,0
7403,zwrot,7.00,0
3739,sobie,7.00,0
4411,praktyka,7.00,0
9884,pojedynczy,7.00,0
2669,kosztować,7.00,0
7538,użyć,7.00,0
2005,wycieczka,7.00,0
4900,amharski,7.00,0
2977,odcinek,7.00,0
7546,wiedzieć,7.00,0
5377,głupi,7.00,0
3666,zaufanie,7.00,0
6468,gaz,7.00,0
5990,powolny,7.00,0
1989,instrument,7.00,0
1579,zostać,7.00,0
1095,właściwość,7.00,0
1538,to,7.00,0
1146,obszar,7.00,0
5584,rachunek,7.00,0
8723,zdanie,7.00,0
8512,dzisiejszy,7.00,0
4009,restauracja,7.00,0
848,choć,7.00,0
918,uchodzić,7.00,0
5909,on,7.00,0
7924,bezpieczeństwo,7.00,0
5793,osoba,7.00,0
2942,złoty,7.00,0
8883,biuro,7.00,0
9611,liczba,7.00,0
2485,działać,7.00,0
1766,piłka nożna,7.00,0
7221,wspólny,7.00,0
167,pióro,7.00,0
8066,pamiętać,7.00,0
3699,sędzia,7.00,0
7007,w formie,7.00,0
349,urodzić się,7.00,0
5878,uciec,7.00,0
8960,zanim,7.00,0
1977,zachodni,7.00,0
5208,Bóg,7.00,0
4159,rodzaj,7.00,0
9366,bić,7.00,0
180,0,7.00,0
925,zrobić,7.00,0
6669,symbol,7.00,0
1751,pora,7.00,0
7508,jakby,7.00,0
8893,narkotyk,7.00,0
9863,potrzebny,7.00,0
5843,mapa,7.00,0
4218,hałas,7.00,0
5502,azjatycki,7.00,0
9267,bieda,7.00,0
4351,kraina,7.00,0
7154,piąty,7.00,0
768,maj,7.00,0
568,flaga,7.00,0
9430,skłonność,7.00,0
7409,czasem,7.00,0
1861,arabski,7.00,0
4641,oddawać,7.00,0
3317,ty,7.00,0
9684,dział,7.00,0
6560,umieszczać,7.00,0
9917,uczucie,7.00,0
8557,księga,7.00,0
9676,uzyskać,7.00,0
8570,treść,7.00,0
6757,zgoda,7.00,0
7150,rana,7.00,0
2841,niewolnik,7.00,0
8740,zostać,7.00,0
4346,parlament,7.00,0
3575,dolny,7.00,0
1370,krok,7.00,0
4352,kierowca,7.00,0
4044,słoneczny,7.00,0
4935,dobrze,7.00,0
6715,zwycięstwo,7.00,0
3261,zasada,7.00,0
467,oznaczać,7.00,0
1177,przybyć,7.00,0
2013,złoto,7.00,0
9916,pamiętać,7.00,0
2322,tak,7.00,0
7,liczba,7.00,0
6199,polować,7.00,0
8360,tracić,7.00,0
383,armia,7.00,0
7156,sądzić,7.00,0
843,kura,7.00,0
8192,jesień,7.00,0
2966,średni,7.00,0
8081,most,7.00,0
2824,kurs,7.00,0
5638,minuskuła,7.00,0
3727,kontrola,7.00,0
923,dno,7.00,0
335,wisieć,7.00,0
7242,głupek,7.00,0
8618,park,7.00,0
4619,włos,7.00,0
7078,granica,7.00,0
6157,płacić,7.00,0
9110,owca,7.00,0
6012,tyle,7.00,0
3518,wysoko,7.00,0
5876,pochodzić,7.00,0
7429,prawy,7.00,0
5709,teatr,7.00,0
2782,wychodzić,7.00,0
4743,może,7.00,0
6714,pora,7.00,0
7467,wszystek,7.00,0
8095,zespół,7.00,0
864,profesor,7.00,0
754,ściana,7.00,0
6690,ogon,7.00,0
8619,stawiać,7.00,0
6581,koszula,7.00,0
8243,Wielka Brytania,7.00,0
6532,dziewięćdziesiąt,7.00,0
1311,panować,7.00,0
3025,biec,7.00,0
3532,zapis,7.00,0
2730,włos,7.00,0
3860,w ciągu,7.00,0
4339,znać,7.00,0
7642,ramię,7.00,0
9926,opłata,7.00,0
9201,kwestia,7.00,0
1838,róg,7.00,0
4527,studiować,7.00,0
7303,palec,7.00,0
5698,scena,7.00,0
3618,złożony,7.00,0
4090,lekcja,7.00,0
8997,Unia Europejska,7.00,0
2900,reguła,7.00,0
4076,ze,7.00,0
6365,rzymski,7.00,0
584,uciec,7.00,0
138,wakacje,7.00,0
4439,rok,7.00,0
8140,siedziba,7.00,0
7162,malować,7.00,0
2371,artystyczny,7.00,0
9564,ciekawy,7.00,0
6194,planeta,7.00,0
4836,świat,7.00,0
6963,klimat,7.00,0
6380,szkoła,7.00,0
3002,męski,7.00,0
8817,wyspa,7.00,0
6863,jeszcze,7.00,0
3297,Ukraina,7.00,0
1588,czynność,7.00,0
6877,podatek,7.00,0
3151,dziura,7.00,0
5418,okrągły,7.00,0
5283,wyścig,7.00,0
9607,stały,7.00,0
276,dyrektor,7.00,0
3910,przeznaczyć,7.00,0
7124,zgromadzenie,7.00,0
1074,piętro,7.00,0
4590,znaczenie,7.00,0
6848,wiosna,7.00,0
678,pociąg,7.00,0
3803,straszny,7.00,0
2098,sieć,7.00,0
5155,słodki,7.00,0
1817,Dania,7.00,0
3999,choroba,7.00,0
3807,potrawa,7.00,0
8713,pracownik,7.00,0
6225,dorosły,7.00,0
4646,60,7.00,0
6107,wrogi,7.00,0
6016,trwać,7.00,0
3068,epoka,7.00,0
6013,członek,7.00,0
2599,dolny,7.00,0
591,ćwiczenie,7.00,0
2312,sędzia,7.00,0
4748,z powodu,7.00,0
4018,osiągnąć,7.00,0
5732,malować,7.00,0
9474,płakać,7.00,0
6212,ciecz,7.00,0
7819,siedziba,7.00,0
9313,student,7.00,0
1882,koszt,7.00,0
1025,tańczyć,7.00,0
1636,wada,7.00,0
6401,kaczka,7.00,0
833,instytucja,7.00,0
7608,badać,7.00,0
8437,niewielki,7.00,0
5093,bać się,7.00,0
7939,ktoś,7.00,0
4819,kłopot,7.00,0
1435,sportowy,7.00,0
1297,zwykle,7.00,0
9549,księga,7.00,0
6010,narodowość,7.00,0
795,Rzym,7.00,0
6389,świat,7.00,0
1987,budzić,7.00,0
2970,obywatelka,7.00,0
5582,ludność,7.00,0
8851,zmienić,7.00,0
9440,ósmy,7.00,0
1742,drobny,7.00,0
9698,napisać,7.00,0
4968,niewielki,7.00,0
6544,tył,7.00,0
602,dolina,7.00,0
7054,program,7.00,0
8961,problem,7.00,0
3720,komputer,7.00,0
4520,Rumunia,7.00,0
5539,handlowy,7.00,0
1501,wrażenie,7.00,0
9299,wzór,7.00,0
73,dolny,7.00,0
6399,ani,7.00,0
8334,termin,7.00,0
989,skutek,7.00,0
4855,on,7.00,0
6308,motyl,7.00,0
4370,naukowy,7.00,0
6372,towar,7.00,0
2711,przedstawiciel,7.00,0
8174,900,7.00,0
5084,cichy,7.00,0
6229,bądź,7.00,0
4191,obiekt,7.00,0
70,około,7.00,0
5834,oczywiście,7.00,0
889,broń,7.00,0
1962,przyczyna,6.00,1
2621,literatura,6.00,1
6801,układ,6.00,1
7583,lato,6.00,1
4207,suma,6.00,1
2850,liczba,6.00,0
273,azjatycki,6.00,0
2784,żołądek,6.00,0
1373,sztuczny,6.00,0
7499,urządzenie,6.00,0
4289,zasada,6.00,0
3150,odkryć,6.00,0
1287,pełny,6.00,0
91,miejscowość,6.00,0
8630,minuta,6.00,0
2773,rasa,6.00,0
8647,dwa,6.00,0
1603,piłka nożna,6.00,0
1967,tytoń,6.00,0
6015,pół,6.00,0
8613,przyjaciel,6.00,0
6716,szybko,6.00,0
3378,związek,6.00,0
9647,masa,6.00,0
2601,widzieć,6.00,0
8118,numer,6.00,0
5628,poznać,6.00,0
3890,dodawać,6.00,0
7372,kolor,6.00,0
9018,podnosić,6.00,0
9282,od,6.00,0
2906,kłopot,6.00,0
4705,ogień,6.00,0
8766,władza,6.00,0
7108,Kraków,6.00,0
826,angielski,6.00,0
9506,oczywiście,6.00,0
2126,partia,6.00,0
1467,zawierać,6.00,0
2428,zakon,6.00,0
6339,aktor,6.00,0
9571,godzina,6.00,0
4607,studia,6.00,0
4516,wzrost,6.00,0
6249,kontakt,6.00,0
7010,działać,6.00,0
5607,pióro,6.00,0
6844,fałszywy,6.00,0
5572,gęś,6.00,0
5779,zakończyć,6.00,0
5964,potrafić,6.00,0
8469,tekst,6.00,0
1159,owca,6.00,0
9100,pojawiać się,6.00,0
832,związać,6.00,0
4615,łąka,6.00,0
4636,liczny,6.00,0
1305,nad,6.00,0
2679,klient,6.00,0
3079,Turcja,6.00,0
158,seks,6.00,0
6463,wnętrze,6.00,0
8203,szacunek,6.00,0
9452,2,6.00,0
6404,około,6.00,0
9014,kolorowy,6.00,0
6398,koniec,6.00,0
9654,sześć,6.00,0
919,księżyc,6.00,0
3743,umysł,6.00,0
2592,obecny,6.00,0
3849,spaść,6.00,0
29,komputer,6.00,0
4915,męski,6.00,0
1148,nóż,6.00,0
2628,lew,6.00,0
4123,własny,6.00,0
872,na przykład,6.00,0
3678,brudny,6.00,0
7014,teraz,6.00,0
6897,krótki,6.00,0
1445,nauka,6.00,0
1141,jakość,6.00,0
659,wiersz,6.00,0
9493,instrument,6.00,0
8681,gorączka,6.00,0
6393,wracać,6.00,0
1885,-,6.00,0
1930,dzielić,6.00,0
2497,otrzymać,6.00,0
6355,robota,6.00,0
4939,chmura,6.00,0
5575,kolejowy,6.00,0
9577,krew,6.00,0
3361,polegać,6.00,0
9767,muzyka,6.00,0
2253,sól,6.00,0
6793,organizacja,6.00,0
2433,odpowiadać,6.00,0
755,polityk,6.00,0
2062,urodziny,6.00,0
5119,zgadzać się,6.00,0
6069,jeżeli,6.00,0
9745,coś,6.00,0
3802,prasa,6.00,0
7344,niewielki,6.00,0
8184,zrozumieć,6.00,0
5635,obejmować,6.00,0
4866,nie ma,6.00,0
511,dokonywać,6.00,0
8222,1,6.00,0
6116,zarówno,6.00,0
5412,jazda,6.00,0
6110,ja,6.00,0
9691,stopień,6.00,0
8818,przejaw,6.00,0
7526,strumień,6.00,0
7491,rolnik,6.00,0
8880,dziewiąty,6.00,0
1655,dawno,6.00,0
7495,tradycja,6.00,0
9548,usługa,6.00,0
6853,żołnierz,6.00,0
9220,kupować,6.00,0
3230,strata,6.00,0
4007,palec,6.00,0
5484,jedynie,6.00,0
1018,ciało,6.00,0
9818,akt,6.00,0
1682,reguła,6.00,0
7386,włożyć,6.00,0
9953,oficjalny,6.00,0
3952,lecieć,6.00,0
2116,ciało,6.00,0
4931,papier,6.00,0
7515,określony,6.00,0
84,fala,6.00,0
1535,wysłać,6.00,0
7736,lew,6.00,0
778,ludność,6.00,0
2273,palić,6.00,0
4342,jutro,6.00,0
868,społeczny,6.00,0
1887,futro,6.00,0
5394,myśl,6.00,0
4918,obóz,6.00,0
2680,różnica,6.00,0
9348,zamiar,6.00,0
9728,zmieniać,6.00,0
2685,dwa,6.00,0
4303,pamięć,6.00,0
6176,łaciński,6.00,0
4904,Piotr,6.00,0
6081,czyjś,6.00,0
3122,pismo,6.00,0
2530,spodnie,6.00,0
9252,całkowity,6.00,0
4100,warunek,6.00,0
7329,ich,6.00,0
416,pierwiastek chemiczny,6.00,0
9055,książka,6.00,0
3931,granica,6.00,0
4331,nigdy,6.00,0
2620,obserwować,6.00,0
4720,prowincja,6.00,0
3933,grób,6.00,0
3606,praca,6.00,0
3474,swój,6.00,0
2349,sport,6.00,0
2634,oglądać,6.00,0
9697,smak,6.00,0
3842,który,6.00,0
831,hasło,6.00,0
9088,zamknąć,6.00,0
891,król,6.00,0
9326,nastrój,6.00,0
4914,myśleć,6.00,0
5195,dźwięk,6.00,0
5360,gleba,6.00,0
7603,gorący,6.00,0
7462,pokonać,6.00,0
4930,następny,6.00,0
3443,oba,6.00,0
1478,litera,6.00,0
8141,otrzymywać,6.00,0
6598,oddawać,6.00,0
5860,nazwa,6.00,0
5261,temat,6.00,0
4559,wieczór,6.00,0
2071,robota,6.00,0
7289,kamień,6.00,0
8703,zmienić,6.00,0
8978,ciecz,6.00,0
2439,mapa,6.00,0
3153,wieża,6.00,0
3338,głupiec,6.00,0
1117,mecz,6.00,0
5669,powinien,6.00,0
5145,policjant,6.00,0
6092,osiągnąć,6.00,0
3303,bank,6.00,0
8611,przynosić,6.00,0
6590,naturalny,6.00,0
5580,domowy,6.00,0
2378,wiadomość,6.00,0
2874,królewski,6.00,0
3496,róg,6.00,0
2261,charakter,6.00,0
5042,wysłać,6.00,0
586,pająk,6.00,0
4422,chleb,6.00,0
486,wyraz,6.00,0
887,centralny,6.00,0
8129,wola,6.00,0
2372,uznawać,6.00,0
1255,całkowicie,6.00,0
4763,pomóc,6.00,0
6543,chłop,6.00,0
196,hodować,6.00,0
6737,bar,6.00,0
61,zielony,6.00,0
636,ziarno,6.00,0
7048,przypominać,6.00,0
2248,okolica,6.00,0
133,niech,6.00,0
6316,zdolność,6.00,0
6317,niski,6.00,0
2484,rada,6.00,0
6224,zbiornik,6.00,0
3104,nauczycielka,6.00,0
1347,pani,6.00,0
9850,amerykański,6.00,0
146,szef,6.00,0
4851,teren,6.00,0
2258,–,6.00,0
8922,archipelag,6.00,0
5980,użytkownik,6.00,0
3551,parlament,6.00,0
8137,w czasie,6.00,0
9630,lud,6.00,0
2909,kij,6.00,0
616,połączenie,6.00,0
2437,prawda,6.00,0
8019,obowiązywać,6.00,0
3004,specjalny,6.00,0
8551,oddawać,6.00,0
1225,linia,6.00,0
6505,miecz,6.00,0
929,siódmy,6.00,0
4518,przeciw,6.00,0
9238,musieć,6.00,0
1644,dać,6.00,0
1990,długi,6.00,0
4332,staw,6.00,0
699,metalowy,6.00,0
5794,bułgarski,6.00,0
5296,strumień,6.00,0
6122,symbol,6.00,0
9416,imię,6.00,0
3362,ocean,6.00,0
3047,uderzać,6.00,0
6156,elektryczny,6.00,0
6611,spokój,6.00,0
8506,spadek,6.00,0
172,wracać,6.00,0
4200,żaden,6.00,0
2591,jedenaście,6.00,0
8946,siedem,6.00,0
1145,ciepły,6.00,0
2447,bać się,6.00,0
9574,imię,6.00,0
7338,prawda,6.00,0
5118,pić,6.00,0
3664,społeczny,6.00,0
1844,potrzebować,6.00,0
3607,czekolada,6.00,0
149,kwestia,6.00,0
650,prawo,6.00,0
1684,Australia,6.00,0
6020,Hiszpania,6.00,0
8991,cebula,6.00,0
9338,granica,6.00,0
6177,szukać,6.00,0
5450,orzeł,6.00,0
1917,chemiczny,6.00,0
4933,niebezpieczeństwo,6.00,0
1382,wśród,6.00,0
4460,spowodować,6.00,0
6796,struktura,6.00,0
65,kaczka,6.00,0
7660,gleba,6.00,0
7737,układ okresowy,6.00,0
8429,podróż,6.00,0
3305,tylko,6.00,0
248,październik,6.00,0
2725,istnieć,6.00,0
4986,osiem,6.00,0
2069,jedenaście,6.00,0
477,zwycięstwo,6.00,0
6342,ryż,6.00,0
5094,zgadzać się,6.00,0
3437,Azja,6.00,0
261,produkować,6.00,0
1908,łaciński,6.00,0
3214,otrzymać,6.00,0
3175,miesiąc,6.00,0
5433,gęsty,6.00,0
1163,wywodzić się,6.00,0
4058,tył,6.00,0
142,toponim,6.00,0
9152,stanowić,6.00,0
3247,język,6.00,0
2551,Litwa,6.00,0
633,wstyd,6.00,0
6402,deska,6.00,0
8037,rynek,6.00,0
4426,wynosić,6.00,0
6784,z,6.00,0
7512,nagle,6.00,0
7228,zawierać,6.00,0
8052,samiec,6.00,0
903,istnienie,6.00,0
1490,produkt,6.00,0
5077,szklanka,6.00,0
9164,zakończyć,6.00,0
1385,czeski,6.00,0
1726,górny,6.00,0
8308,pieniądze,6.00,0
4492,utrzymywać,6.00,0
8732,państwo,6.00,0
598,elektryczny,6.00,0
7679,gardło,6.00,0
4868,Pan,6.00,0
617,kanał,6.00,0
6101,układ,6.00,0
3181,sala,6.00,0
3213,ty,6.00,0
169,jedyny,6.00,0
2561,zajmować,6.00,0
6405,butelka,6.00,0
4273,fizyczny,6.00,0
2386,czasownik,6.00,0
8901,natura,6.00,0
4594,kształt,6.00,0
3223,bycie,6.00,0
9854,ważny,6.00,0
1487,dźwięk,6.00,0
6633,rozumieć,6.00,0
7266,pełny,6.00,0
6586,na zewnątrz,6.00,0
7550,broń,6.00,0
3578,Afryka,6.00,0
1425,poeta,6.00,0
212,móc,6.00,0
956,połączenie,6.00,0
2111,że,6.00,0
1498,letni,6.00,0
7909,łączyć,6.00,0
2664,Turcja,6.00,0
4184,wydać,6.00,0
2185,but,6.00,0
3726,Kraków,6.00,0
2108,płyn,6.00,0
2541,opinia,6.00,0
4883,odległość,6.00,0
8459,bitwa,6.00,0
2025,szczęście,6.00,0
4999,róża,6.00,0
5209,skład,6.00,0
487,wobec,6.00,0
1920,Polska,6.00,0
3285,gdzie,6.00,0
9906,przez,6.00,0
1952,pustynia,6.00,0
4602,uczyć się,6.00,0
228,dokonywać,6.00,0
2178,cierpieć,6.00,0
6654,usuwać,6.00,0
5842,płaski,6.00,0
1836,radość,6.00,0
8016,przeznaczyć,6.00,0
7519,korzeń,6.00,0
2987,stanowisko,6.00,0
3467,wśród,6.00,0
8602,odpowiedź,6.00,0
1209,przynosić,6.00,0
9998,gorączka,6.00,0
2557,czynność,6.00,0
9077,pożar,6.00,0
3634,wyglądać,6.00,0
4553,małpa,6.00,0
2703,próba,6.00,0
4795,narodowy,6.00,0
8702,powietrze,6.00,0
6262,kaczka,6.00,0
1993,sport,6.00,0
8675,obwód,6.00,0
3067,w postaci,6.00,0
6760,piłka nożna,6.00,0
4224,stół,6.00,0
6904,kłaść,6.00,0
8483,wytwarzać,6.00,0
1888,wino,6.00,0
3234,jedzenie,6.00,0
1690,drzewo,6.00,0
7862,latać,6.00,0
6519,drapieżny,6.00,0
8242,ściana,6.00,0
6746,słownik,6.00,0
8393,słownik,6.00,0
4848,kierowca,6.00,0
8343,nosić,6.00,0
1527,żywy,6.00,0
3064,jedyny,6.00,0
4568,chociaż,6.00,0
1344,promień,6.00,0
102,Warszawa,6.00,0
5234,łatwy,6.00,0
7443,zaraz,6.00,0
1736,pająk,6.00,0
3722,sukces,6.00,0
6211,tysiąc,6.00,0
2443,spokój,6.00,0
8088,wróg,6.00,0
5066,narodowość,6.00,0
4239,cukier,6.00,0
5836,piec,6.00,0
8927,herbata,6.00,0
7036,ściana,6.00,0
6321,zdrowy,6.00,0
920,waga,6.00,0
6241,Afryka,6.00,0
9791,możliwość,6.00,0
9878,nagle,6.00,0
9902,wspomnienie,6.00,0
5774,po prostu,6.00,0
7270,sylaba,6.00,0
8824,kostka,6.00,0
727,zbiornik,6.00,0
4556,postępowanie,6.00,0
5287,każdy,6.00,0
1806,żółty,6.00,0
2613,wewnątrz,6.00,0
1094,wierzyć,6.00,0
1130,miód,6.00,0
8984,spokojny,6.00,0
4380,miecz,6.00,0
3155,skutek,6.00,0
9708,termin,6.00,0
9520,plama,6.00,0
7454,babka,6.00,0
9732,szyja,6.00,0
2480,zielony,6.00,0
4359,nigdy,6.00,0
6731,koszula,6.00,0
1855,wyłącznie,6.00,0
5913,wyrażenie,6.00,0
3628,narzędzie,6.00,0
9390,zbiornik,6.00,0
1536,wracać,6.00,0
4728,zbierać,6.00,0
7286,szklanka,6.00,0
6556,żółty,6.00,0
9101,prosić,6.00,0
3718,100,6.00,0
6073,charakter,6.00,0
6692,okrągły,6.00,0
9300,Jezus,6.00,0
9325,iść,6.00,0
3205,wakacje,6.00,0
8369,kostka,6.00,0
6957,słaby,6.00,0
582,ludowy,6.00,0
2832,szczęśliwy,6.00,0
5533,metalowy,6.00,0
3166,biały,6.00,0
6195,duch,6.00,0
3376,przeciwny,6.00,0
3555,toponim,6.00,0
6813,Litwa,6.00,0
3663,mecz,6.00,0
4678,użytkownik,6.00,0
3540,piłka nożna,6.00,0
8514,przyjemność,6.00,0
8394,stawiać,6.00,0
9082,środowisko,6.00,0
9008,problem,6.00,0
3097,czynić,6.00,0
8941,pojedynczy,6.00,0
6124,sala,6.00,0
5237,otrzymywać,6.00,0
3582,program,6.00,0
7393,projekt,6.00,0
7288,piłka,6.00,0
6090,znosić,6.00,0
2099,bogaty,6.00,0
1474,więc,6.00,0
2579,lotnisko,6.00,0
6910,zakład,6.00,0
3786,rzeczownik,6.00,0
4150,jeździć,6.00,0
4533,wśród,6.00,0
2149,średni,6.00,0
9866,sędzia,6.00,0
6325,ilość,6.00,0
1084,olej,6.00,0
4343,cierpieć,6.00,0
629,jajo,6.00,0
8797,dziś,6.00,0
2736,byk,6.00,0
5924,Czechy,6.00,0
1283,sądowy,6.00,0
2894,opuścić,6.00,0
431,próbować,6.00,0
7361,rano,6.00,0
2160,port,6.00,0
7396,historia,6.00,0
5366,kiedy,6.00,0
1878,nóż,6.00,0
9776,być,6.00,0
9116,białoruski,6.00,0
5908,kiedy,6.00,0
8809,narkotyk,6.00,0
7983,pisarz,6.00,0
7428,pić,6.00,0
3246,trawa,6.00,0
7901,mebel,6.00,0
863,pytać,6.00,0
6824,jesień,6.00,0
376,należeć,6.00,0
5840,ku,6.00,0
2656,spać,6.00,0
3645,tkanina,6.00,0
8867,kosztować,6.00,0
7990,seks,6.00,0
9342,nauczyciel,6.00,0
1783,stanowić,6.00,0
7490,mózg,6.00,0
606,spór,6.00,0
5817,surowy,6.00,0
4421,dziób,6.00,0
4514,fala,6.00,0
2982,marka,6.00,0
3925,taki,6.00,0
3344,nie,6.00,0
6512,słyszeć,6.00,0
6088,południowy,6.00,0
2311,mecz,6.00,0
9603,łóżko,6.00,0
4161,postępować,6.00,0
1432,Australia,6.00,0
9566,pięćdziesiąt,6.00,0
1140,futro,6.00,0
7684,samochodowy,6.00,0
1706,bieda,6.00,0
6197,jądro,6.00,0
4508,pasek,6.00,0
2546,według,6.00,0
2264,powiedzieć,6.00,0
9636,uniwersytet,6.00,0
6568,posiłek,6.00,0
5396,zero,6.00,0
7182,pozostawać,6.00,0
2510,kiedyś,6.00,0
7269,motyl,6.00,0
3975,zawsze,6.00,0
2417,tracić,6.00,0
8425,oznaczać,6.00,0
41,małżeństwo,6.00,0
9401,wolność,6.00,0
7483,podział,6.00,0
3268,niebieski,6.00,0
877,Unia Europejska,6.00,0
9027,jeździć,6.00,0
9121,papież,6.00,0
3085,wszelki,6.00,0
3440,stopa,6.00,0
1171,palec,6.00,0
8265,sztuczny,6.00,0
8801,50,6.00,0
9468,bezpośrednio,6.00,0
786,trochę,6.00,0
6697,centralny,6.00,0
2844,ozdoba,6.00,0
724,Rzym,6.00,0
1323,jakby,6.00,0
4707,przyszłość,6.00,0
5643,średniowieczny,6.00,0
2732,jedenaście,6.00,0
6221,przeciwny,6.00,0
1660,rozmiar,6.00,0
1333,muzyczny,6.00,0
8757,abugida,6.00,0
7135,mleko,6.00,0
7093,telewizyjny,6.00,0
7797,cień,6.00,0
7111,możliwy,6.00,0
7646,płaszcz,6.00,0
2588,kierować,6.00,0
9510,głównie,6.00,0
5490,podróżować,6.00,0
6058,ciotka,6.00,0
4862,deska,6.00,0
2165,mieszkaniec,6.00,0
2039,zachód,6.00,0
7654,wszelki,6.00,0
4201,czasownik,6.00,0
4674,pojawiać się,6.00,0
9534,100,6.00,0
4008,ślad,6.00,0
8375,drewniany,6.00,0
9355,relacja,6.00,0
8995,często,6.00,0
8105,porządek,6.00,0
9739,świnia,6.00,0
1030,zapalenie,6.00,0
803,składać,6.00,0
8690,nie-,6.00,0
8043,zdobyć,6.00,0
714,szkoda,6.00,0
6018,muzyk,6.00,0
3040,żaden,6.00,0
5116,minerał,6.00,0
2333,siódmy,6.00,0
7597,pozostać,6.00,0
5299,nie-,6.00,0
5482,szkło,6.00,0
9425,wiek,6.00,0
5375,wyrób,6.00,0
5847,Morze Śródziemne,6.00,0
4259,cel,6.00,0
7427,w ciągu,6.00,0
4302,handel,6.00,0
6901,bar,6.00,0
7844,liczba atomowa,6.00,0
2919,doprowadzić,6.00,0
8743,oko,6.00,0
7835,odcinek,6.00,0
1961,kontakt,6.00,0
1700,ci,6.00,0
1810,obóz,6.00,0
2722,przyszły,6.00,0
2979,myśleć,6.00,0
5321,czynić,6.00,0
5067,obok,6.00,0
3167,przyprawa,6.00,0
5357,wysyłać,6.00,0
3340,bydło,6.00,0
2766,rosyjski,6.00,0
7622,ani,6.00,0
796,słoneczny,6.00,0
546,6,6.00,0
5154,siedem,6.00,0
6991,dno,6.00,0
4228,czekolada,6.00,0
497,wątpliwość,6.00,0
7744,żona,6.00,0
809,prowincja,6.00,0
4753,widzieć,6.00,0
1935,naczynie,6.00,0
2097,zupa,6.00,0
7649,dziki,6.00,0
5272,ryba,6.00,0
574,wyrok,6.00,0
7907,brzuch,6.00,0
871,dziki,6.00,0
8646,angielski,6.00,0
475,śniadanie,6.00,0
5632,Piotr,6.00,0
9319,stopień,6.00,0
2547,podatek,6.00,0
7733,dobro,6.00,0
4091,znajdować,6.00,0
2814,bohater,6.00,0
446,ludzki,6.00,0
8408,żołądek,6.00,0
1452,wejść,6.00,0
9679,ciepło,6.00,0
6868,wrogość,6.00,0
2045,dobry,6.00,0
6934,święty,6.00,0
9211,1,6.00,0
9228,dane,6.00,0
2710,raz,6.00,0
5152,ostry,6.00,0
4466,wzrost,6.00,0
5422,strona,6.00,0
8501,budować,6.00,0
2457,pytać,6.00,0
1765,70,6.00,0
4888,cebula,6.00,0
2085,kiedy,6.00,0
9307,świat,6.00,0
1109,rzymski,6.00,0
4622,Włochy,6.00,0
300,gwiazdozbiór,6.00,0
9431,lotnisko,6.00,0
6214,mocny,6.00,0
9385,krótki,6.00,0
6305,tworzyć,6.00,0
4064,szyja,6.00,0
5595,wieś,6.00,0
3829,zrobić,6.00,0
9785,opuścić,6.00,0
2888,postępowanie,6.00,0
3615,dolina,6.00,0
9713,potem,6.00,0
4842,wokół,6.00,0
5192,we,6.00,0
1,stworzyć,6.00,0
7999,nawet,6.00,0
5221,rozmiar,6.00,0
9547,żart,6.00,0
3343,łódź,6.00,0
547,jedyny,6.00,0
818,ziarno,6.00,0
5556,ręka,6.00,0
7948,wybór,6.00,0
2020,trwały,6.00,0
5048,trzydzieści,6.00,0
9782,wobec,6.00,0
3574,zbierać,6.00,0
1207,wykonywanie,6.00,0
2340,gałąź,6.00,0
2304,hotel,6.00,0
3283,płaski,6.00,0
8860,czerwony,6.00,0
5497,pomieszczenie,6.00,0
1798,jeździć,6.00,0
1831,drogi,6.00,0
6431,wydać,6.00,0
5733,zachodni,6.00,0
8670,drewno,6.00,0
658,owoc,6.00,0
6113,nóż,6.00,0
3301,trzymać,6.00,0
8444,ustawa,6.00,0
637,rządzić,6.00,0
922,nauczycielka,6.00,0
4206,szybki,6.00,0
5917,luty,6.00,0
7557,ryba,6.00,0
9287,utwór,6.00,0
3660,głupek,6.00,0
6871,Belgia,6.00,0
1221,gniew,6.00,0
7764,posiłek,6.00,0
8497,ziarno,6.00,0
1428,pas,6.00,0
7207,kto,6.00,0
2999,prawie,6.00,0
5529,Austria,6.00,0
8158,oddech,6.00,0
4785,niebezpieczny,6.00,0
3398,gmina,6.00,0
837,bezpieczeństwo,6.00,0
911,materiał,6.00,0
1248,ból,6.00,0
9029,klasa,6.00,0
8885,wniosek,6.00,0
1932,kolacja,6.00,0
6504,tablica,6.00,0
298,znowu,6.00,0
2129,wzdłuż,6.00,0
4033,niezwykły,6.00,0
7127,Chrystus,6.00,0
9763,rezultat,6.00,0
8870,rodzaj,6.00,0
1374,partia,6.00,0
243,powszechny,6.00,0
6044,w wyniku,6.00,0
8372,trudny,6.00,0
8846,bronić,6.00,0
5562,martwy,6.00,0
1775,grzyb,6.00,0
930,terytorium,6.00,0
322,wynosić,6.00,0
1953,wtedy,6.00,0
860,szereg,6.00,0
7602,zgromadzenie,6.00,0
4832,przyprawa,6.00,0
5138,telefon,6.00,0
746,wśród,6.00,0
8215,żołnierz,6.00,0
6410,poruszać,6.00,0
4057,tak,6.00,0
2051,nikt,6.00,0
8432,900,6.00,0
1586,archipelag,6.00,0
4345,nie-,6.00,0
8895,sposób,6.00,0
8087,stać,6.00,0
6171,przebywać,6.00,0
9481,seks,6.00,0
733,przyszłość,6.00,0
4446,funkcja,6.00,0
700,90,6.00,0
5368,zwyczaj,6.00,0
7887,grecki,6.00,0
7612,pogląd,6.00,0
6787,paliwo,6.00,0
9777,epoka,6.00,0
2823,zboże,6.00,0
1160,okrągły,6.00,0
7471,dziesięć,6.00,0
5895,prezydent,6.00,0
9147,niebieski,6.00,0
6309,użycie,6.00,0
8083,zamykać,6.00,0
8850,naczynie,6.00,0
3662,promień,6.00,0
4005,rzucać,6.00,0
4050,prąd,6.00,0
1275,Hiszpania,6.00,0
5887,budowla,6.00,0
3014,pytać,6.00,0
3296,strój,6.00,0
817,też,6.00,0
3240,maj,6.00,0
9148,stanowisko,6.00,0
9145,połowa,6.00,0
500,wobec,6.00,0
121,tor,6.00,0
4484,sędzia,6.00,0
6974,dziewięć,6.00,0
5055,fragment,6.00,0
4960,nasz,6.00,0
1455,paliwo,6.00,0
7528,słuchać,6.00,0
6125,samochodowy,6.00,0
1695,dno,6.00,0
9122,charakterystyczny,6.00,0
7521,krok,6.00,0
1873,mówić,6.00,0
7374,chwila,6.00,0
5132,dziedzina,6.00,0
1023,piłka nożna,6.00,0
9971,biuro,6.00,0
1034,statek,6.00,0
9268,typ,6.00,0
5950,ulica,6.00,0
198,koncert,6.00,0
9023,chemiczny,6.00,0
720,przyczyna,6.00,0
3917,czasownik,6.00,0
1605,banknot,6.00,0
3310,dane,6.00,0
9914,po prostu,6.00,0
1899,biec,6.00,0
4120,kościół,6.00,0
6251,drzewo,6.00,0
7373,hotel,6.00,0
8111,Boże Narodzenie,6.00,0
2152,drzewo,6.00,0
9428,mama,6.00,0
2006,niszczyć,6.00,0
9414,w,6.00,0
6238,biały,6.00,0
1162,przestać,6.00,0
1841,żona,6.00,0
6017,plemię,6.00,0
4910,pytanie,6.00,0
2609,hałas,6.00,0
6381,noc,6.00,0
1325,film,6.00,0
18,przeciwko,6.00,0
9690,można,6.00,0
8754,blady,6.00,0
7700,leczenie,6.00,0
1447,nauczyciel,6.00,0
8639,liść,6.00,0
6089,cześć,6.00,0
2012,właściwy,6.00,0
3469,ogół,6.00,0
6855,cichy,6.00,0
2531,dlaczego,6.00,0
5243,radość,6.00,0
7724,król,6.00,0
3419,potrzebować,6.00,0
3563,rolnik,6.00,0
9477,tracić,6.00,0
5415,kraj,6.00,0
6226,uderzyć,6.00,0
9337,wyścig,6.00,0
2398,zdjęcie,6.00,0
7253,pies,6.00,0
9894,płeć,6.00,0
1658,ślad,6.00,0
2570,szczęśliwy,6.00,0
5630,nos,6.00,0
3399,śnieg,6.00,0
3512,godzina,6.00,0
2177,noc,6.00,0
3614,około,6.00,0
6422,czas,6.00,0
4971,kula,6.00,0
8907,zająć,6.00,0
4809,ptak,6.00,0
5670,tłuszcz,6.00,0
2467,gdyby,6.00,0
7633,gwiazdozbiór,6.00,0
2090,policja,6.00,0
4651,otrzymać,6.00,0
7978,tylko,6.00,0
2640,wykorzystywać,6.00,0
4684,wysokość,6.00,0
309,bohater,6.00,0
9091,siedemdziesiąt,6.00,0
117,prawdziwy,6.00,0
8804,po,6.00,0
1617,urodziny,6.00,0
5356,cmentarz,6.00,0
8695,więzienie,6.00,0
548,struktura,6.00,0
7425,poza,6.00,0
2763,przeciwnik,6.00,0
341,złoty,6.00,0
5579,zdobyć,6.00,0
6915,uprawiać,6.00,0
9200,wszystkie,6.00,0
8777,okropny,6.00,0
2449,minuskuła,6.00,0
3023,mgła,6.00,0
5161,przyjechać,6.00,0
3759,wiedza,6.00,0
5303,dawno,6.00,0
5032,duży,6.00,0
4275,słodki,6.00,0
9845,szybki,6.00,0
2802,leżeć,6.00,0
5675,władca,6.00,0
5153,aktor,6.00,0
7867,wysoko,6.00,0
1651,członek,6.00,0
2100,bajka,6.00,0
3939,dzielić,6.00,0
7876,powstawać,6.00,0
8398,władza,6.00,0
4908,powietrze,6.00,0
8275,pojedynczy,6.00,0
8169,chwila,6.00,0
9081,np.,6.00,0
8389,jajo,6.00,0
6265,wybór,6.00,0
2337,strata,6.00,0
8688,moneta,6.00,0
83,urządzenie,6.00,0
9229,USA,6.00,0
801,dziewczyna,6.00,0
9521,obecnie,6.00,0
8422,klimat,6.00,0
8355,pierś,6.00,0
3022,budowla,6.00,0
790,przechodzić,6.00,0
7077,komórka,5.00,0
9616,rosnąć,5.00,0
7472,miejski,5.00,0
3945,most,5.00,0
3372,burza,5.00,0
3707,zajmować się,5.00,0
5602,lek,5.00,0
6220,sygnał,5.00,0
9943,poeta,5.00,0
707,lot,5.00,0
4354,kuchnia,5.00,0
6837,przyczyna,5.00,0
1067,wejście,5.00,0
9912,po prostu,5.00,0
3859,zbierać,5.00,0
7860,więzienie,5.00,0
7072,nad,5.00,0
1709,przeszłość,5.00,0
938,włos,5.00,0
2707,20,5.00,0
9675,położony,5.00,0
6705,kąt,5.00,0
4524,sądzić,5.00,0
4575,związek,5.00,0
188,dopływ,5.00,0
3262,rodzaj,5.00,0
879,on,5.00,0
9160,istnienie,5.00,0
7636,jedynie,5.00,0
4905,osiągnąć,5.00,0
5856,okres,5.00,0
915,dno,5.00,0
350,papier,5.00,0
6108,rysunek,5.00,0
7381,samiec,5.00,0
6524,grać,5.00,0
2619,wyścig,5.00,0
6046,robić,5.00,0
4146,byk,5.00,0
2937,poważny,5.00,0
7922,kino,5.00,0
253,ktoś,5.00,0
1184,broda,5.00,0
3033,–,5.00,0
5762,stanowić,5.00,0
72,odważny,5.00,0
9387,bank,5.00,0
9339,trzydziesty,5.00,0
4877,twarz,5.00,0
8329,grupa,5.00,0
7355,działać,5.00,0
823,pytać,5.00,0
6257,założyć,5.00,0
767,wyjść,5.00,0
406,lek,5.00,0
2651,kolejny,5.00,0
1143,brat,5.00,0
4697,dziewięć,5.00,0
4696,zespół,5.00,0
9984,one,5.00,0
9667,sąsiad,5.00,0
1156,marzec,5.00,0
8522,japoński,5.00,0
6341,zając,5.00,0
6545,całkiem,5.00,0
8060,tytuł,5.00,0
3769,współczesny,5.00,0
1235,iść,5.00,0
5253,drzwi,5.00,0
9454,brać,5.00,0
6021,gdyby,5.00,0
8271,w postaci,5.00,0
8604,stowarzyszenie,5.00,0
1078,ludowy,5.00,0
1345,telewizyjny,5.00,0
233,wrogość,5.00,0
3932,telefon,5.00,0
4846,one,5.00,0
7468,słaby,5.00,0
9673,letni,5.00,0
4709,nadawać,5.00,0
5037,liść,5.00,0
156,pragnienie,5.00,0
5181,wino,5.00,0
9102,miesiąc,5.00,0
3028,ojciec,5.00,0
3635,metal,5.00,0
531,więc,5.00,0
2145,trzymać,5.00,0
1366,klasa,5.00,0
1542,gotowy,5.00,0
4240,polski,5.00,0
991,medycyna,5.00,0
7565,graniczyć,5.00,0
161,idea,5.00,0
9260,strefa,5.00,0
8338,wy,5.00,0
7598,grudzień,5.00,0
9967,łyżka,5.00,0
8485,wywodzić się,5.00,0
717,zachodni,5.00,0
4238,palić,5.00,0
6189,wykonywanie,5.00,0
2034,dziecko,5.00,0
9588,człowiek,5.00,0
3447,umysł,5.00,0
8933,wojna,5.00,0
1567,przedstawiać,5.00,0
9041,daleki,5.00,0
97,duński,5.00,0
7544,samolot,5.00,0
6268,choroba,5.00,0
1785,90,5.00,0
2819,zbiór,5.00,0
6653,różowy,5.00,0
6109,można,5.00,0
2438,pracować,5.00,0
5391,potrawa,5.00,0
9709,gleba,5.00,0
7316,literacki,5.00,0
1746,korzyść,5.00,0
5215,grzyb,5.00,0
5316,żółty,5.00,0
95,4,5.00,0
4896,poruszać,5.00,0
2918,lubić,5.00,0
5704,wisieć,5.00,0
6521,gatunek,5.00,0
3357,łatwy,5.00,0
1966,sala,5.00,0
2988,wszystek,5.00,0
654,popularny,5.00,0
8808,uczucie,5.00,0
4092,intensywny,5.00,0
2292,czwartek,5.00,0
5713,społeczny,5.00,0
857,chyba,5.00,0
6237,nawet,5.00,0
9887,staw,5.00,0
1411,specjalista,5.00,0
7881,miara,5.00,0
2840,wobec,5.00,0
2872,zachód,5.00,0
464,mrówka,5.00,0
8700,dokładnie,5.00,0
9826,charakterystyczny,5.00,0
246,wyrób,5.00,0
7997,mięsień,5.00,0
7655,system,5.00,0
9144,dzielić,5.00,0
5229,koza,5.00,0
5040,kult,5.00,0
6045,oczywiście,5.00,0
6834,znajdować się,5.00,0
7723,szkoła,5.00,0
2198,szczególnie,5.00,0
8876,więc,5.00,0
4528,czyli,5.00,0
2232,podać,5.00,0
313,sport,5.00,0
7297,tytuł,5.00,0
7050,straszny,5.00,0
3500,autobus,5.00,0
3055,deska,5.00,0
6927,większość,5.00,0
4416,że,5.00,0
6727,przechodzić,5.00,0
3409,zupa,5.00,0
8299,poważny,5.00,0
6300,bohater,5.00,0
2807,kwestia,5.00,0
9117,otworzyć,5.00,0
1900,wszystko,5.00,0
5050,zgromadzenie,5.00,0
9573,ze,5.00,0
4667,wyścig,5.00,0
8194,kolej,5.00,0
7547,przyjąć,5.00,0
157,obok,5.00,0
9873,dzieło,5.00,0
3505,nigdy,5.00,0
5665,Unia Europejska,5.00,0
3117,słońce,5.00,0
9320,mąż,5.00,0
4394,budowla,5.00,0
5232,zająć,5.00,0
3258,wyjść,5.00,0
9419,lek,5.00,0
6425,wprowadzać,5.00,0
4099,krowa,5.00,0
4497,grać,5.00,0
2576,każdy,5.00,0
4574,wybór,5.00,0
5811,każdy,5.00,0
3275,film,5.00,0
8488,stowarzyszenie,5.00,0
8478,norma,5.00,0
5538,Rzym,5.00,0
794,przyszłość,5.00,0
8185,zachowanie,5.00,0
3922,gmina,5.00,0
7414,przy,5.00,0
4923,wymagać,5.00,0
2473,północ,5.00,0
695,powszechny,5.00,0
3441,obóz,5.00,0
4420,ciągnąć,5.00,0
6481,uchodzić,5.00,0
3211,wywoływać,5.00,0
7710,piwo,5.00,0
1595,nad,5.00,0
9283,zamiar,5.00,0
1557,ciasto,5.00,0
2074,!,5.00,0
1869,zasada,5.00,0
8509,martwy,5.00,0
2182,państwowy,5.00,0
9650,przyjemność,5.00,0
9093,Boże Narodzenie,5.00,0
4348,substancja,5.00,0
2299,prosty,5.00,0
5460,psychiczny,5.00,0
1757,jezioro,5.00,0
5335,siła,5.00,0
439,jaki,5.00,0
7609,hiszpański,5.00,0
2207,górski,5.00,0
2142,wpaść,5.00,0
6456,abugida,5.00,0
8735,wrogość,5.00,0
4538,centralny,5.00,0
5859,igła,5.00,0
3554,podnieść,5.00,0
1293,podatek,5.00,0
6353,koncert,5.00,0
3403,potrzebny,5.00,0
8426,utrzymywać,5.00,0
4817,100,5.00,0
62,poznać,5.00,0
8546,most,5.00,0
7391,pożar,5.00,0
7992,pożar,5.00,0
3596,znajdować,5.00,0
7778,lub,5.00,0
1667,wydawać się,5.00,0
2683,Hiszpania,5.00,0
413,kierunek,5.00,0
9050,projekt,5.00,0
9756,przeprowadzać,5.00,0
6753,z,5.00,0
6584,nadzieja,5.00,0
9584,rachunek,5.00,0
2571,90,5.00,0
2941,muzyczny,5.00,0
730,pióro,5.00,0
4272,ostry,5.00,0
9807,zakończyć,5.00,0
5926,tarcza,5.00,0
6670,tłuszcz,5.00,0
7485,rezultat,5.00,0
6620,np.,5.00,0
4942,albo,5.00,0
4053,ciąża,5.00,0
5271,wielkość,5.00,0
4131,list,5.00,0
5197,sen,5.00,0
9725,znajdować,5.00,0
7906,krowa,5.00,0
8974,źródło,5.00,0
7690,jednocześnie,5.00,0
1804,zapis,5.00,0
9753,klucz,5.00,0
2320,pytać,5.00,0
1905,pora,5.00,0
4886,srebrny,5.00,0
1047,kawa,5.00,0
2201,zająć,5.00,0
5479,kamień,5.00,0
7858,chronić,5.00,0
6184,punkt,5.00,0
7335,potrzebny,5.00,0
1302,znaczny,5.00,0
89,zwycięstwo,5.00,0
7760,ziemia,5.00,0
4480,literatura,5.00,0
3834,w czasie,5.00,0
6884,szybko,5.00,0
7551,usługa,5.00,0
1650,trzydziesty,5.00,0
3260,dostęp,5.00,0
8863,szlachetny,5.00,0
4079,całość,5.00,0
3816,usta,5.00,0
2470,przyprawa,5.00,0
8603,diabeł,5.00,0
8842,myśl,5.00,0
5298,okoliczność,5.00,0
4179,wieczór,5.00,0
5405,nie ma,5.00,0
5795,farba,5.00,0
9078,wąski,5.00,0
3893,inny,5.00,0
7950,mówić,5.00,0
7556,sos,5.00,0
213,według,5.00,0
4714,hasło,5.00,0
7650,świeży,5.00,0
9976,siedziba,5.00,0
267,kalendarz,5.00,0
2693,produkować,5.00,0
1974,pomarańcza,5.00,0
9356,połowa,5.00,0
970,zachowywać się,5.00,0
8982,pustynia,5.00,0
3785,wejść,5.00,0
551,bogini,5.00,0
1601,stać się,5.00,0
4871,ani,5.00,0
4732,krowa,5.00,0
1819,mgła,5.00,0
9726,wydawać,5.00,0
7645,wybierać,5.00,0
1575,może,5.00,0
30,Rumunia,5.00,0
9180,napój,5.00,0
7569,istnienie,5.00,0
374,pełny,5.00,0
2156,długość,5.00,0
702,chłop,5.00,0
6920,osiem,5.00,0
183,rozmawiać,5.00,0
2380,rysunek,5.00,0
9891,siebie,5.00,0
7337,gdy,5.00,0
3858,owad,5.00,0
2967,rzadki,5.00,0
2597,pozostawać,5.00,0
3587,pokarm,5.00,0
2676,towar,5.00,0
1678,czy,5.00,0
8680,zbudować,5.00,0
5330,wyrób,5.00,0
7584,waluta,5.00,0
9799,przyjechać,5.00,0
4624,centrum,5.00,0
7179,głos,5.00,0
9885,babka,5.00,0
3492,pieśń,5.00,0
8904,działanie,5.00,0
566,rządzić,5.00,0
9605,uderzenie,5.00,0
7056,włosy,5.00,0
9438,mleko,5.00,0
4059,hasło,5.00,0
3638,śmiech,5.00,0
165,moralny,5.00,0
5865,1,5.00,0
2096,świeży,5.00,0
7937,obywatel,5.00,0
9270,fala,5.00,0
484,pozostawać,5.00,0
8917,teoria,5.00,0
769,niebezpieczny,5.00,0
4632,30,5.00,0
4606,grupa,5.00,0
1224,informacja,5.00,0
7532,wnętrze,5.00,0
7591,ostry,5.00,0
5109,ssak,5.00,0
601,wśród,5.00,0
8221,model,5.00,0
6397,to,5.00,0
5984,sportowy,5.00,0
9083,rzucać,5.00,0
5806,dokument,5.00,0
647,rodzaj,5.00,0
4220,zewnętrzny,5.00,0
6008,poprzez,5.00,0
1265,sylaba,5.00,0
4991,odważny,5.00,0
4686,polityka,5.00,0
1048,problem,5.00,0
2543,państwowy,5.00,0
1042,żaden,5.00,0
3184,chleb,5.00,0
3057,dopływ,5.00,0
6258,dzisiejszy,5.00,0
391,widoczny,5.00,0
6758,wokół,5.00,0
8908,tor,5.00,0
2533,pogoda,5.00,0
963,rano,5.00,0
3749,telewizja,5.00,0
3960,zwłaszcza,5.00,0
2313,dusza,5.00,0
7200,wisieć,5.00,0
5458,ze,5.00,0
2224,majuskuła,5.00,0
79,plama,5.00,0
426,uciec,5.00,0
6683,Słońce,5.00,0
971,stanowić,5.00,0
7821,konflikt,5.00,0
189,dziać się,5.00,0
4752,zamknąć,5.00,0
9570,pojawić się,5.00,0
4822,bitwa,5.00,0
6301,obóz,5.00,0
5764,żart,5.00,0
9819,gleba,5.00,0
828,technika,5.00,0
8761,czerwony,5.00,0
1031,mięso,5.00,0
842,godzina,5.00,0
3553,rada,5.00,0
9963,krótki,5.00,0
1659,podawać,5.00,0
5409,także,5.00,0
1124,one,5.00,0
3962,rozwiązanie,5.00,0
6530,zakres,5.00,0
8125,wczesny,5.00,0
7026,reakcja,5.00,0
8465,wywołać,5.00,0
594,relacja,5.00,0
3438,lato,5.00,0
4155,umowa,5.00,0
2475,gorący,5.00,0
4895,czarny,5.00,0
9388,sytuacja,5.00,0
8288,skóra,5.00,0
7865,ludzie,5.00,0
10,danie,5.00,0
2358,jakość,5.00,0
4703,akt,5.00,0
8427,przybyć,5.00,0
28,czasem,5.00,0
1399,istotny,5.00,0
4356,Kościół,5.00,0
4562,wieczorem,5.00,0
20,stowarzyszenie,5.00,0
6476,ojciec,5.00,0
2737,dach,5.00,0
1341,oglądać,5.00,0
444,uciec,5.00,0
7920,rzadki,5.00,0
8650,upadek,5.00,0
2482,reguła,5.00,0
1957,taniec,5.00,0
1634,przypominać,5.00,0
4526,sądowy,5.00,0
8249,kawa,5.00,0
5204,czterdzieści,5.00,0
3319,pomiędzy,5.00,0
2630,opłata,5.00,0
9541,zarówno,5.00,0
9749,bieda,5.00,0
7033,osobisty,5.00,0
6780,wyrób,5.00,0
1723,wartość,5.00,0
5395,sztuczny,5.00,0
2817,przeciwnik,5.00,0
3905,chłop,5.00,0
517,owoc,5.00,0
3130,proces,5.00,0
4591,przez,5.00,0
2635,silnik,5.00,0
5112,gęś,5.00,0
8840,statek,5.00,0
1394,doskonały,5.00,0
9871,norma,5.00,0
7044,teraz,5.00,0
7350,wynosić,5.00,0
5222,księżyc,5.00,0
7257,wina,5.00,0
3560,narodowy,5.00,0
3799,metoda,5.00,0
1534,między,5.00,0
2632,moneta,5.00,0
5171,wkrótce,5.00,0
8511,autobus,5.00,0
5937,jesień,5.00,0
5894,dla,5.00,0
5531,wysoko,5.00,0
9803,umowa,5.00,0
9895,nazywać,5.00,0
9689,szczególny,5.00,0
1319,liczba,5.00,0
6208,słoneczny,5.00,0
1379,anioł,5.00,0
7022,bank,5.00,0
3358,materiał,5.00,0
7614,studia,5.00,0
3450,wzgórze,5.00,0
7762,mysz,5.00,0
4021,metoda,5.00,0
2077,kolor,5.00,0
8533,widoczny,5.00,0
1021,policja,5.00,0
4013,minuskuła,5.00,0
6711,straszny,5.00,0
2334,osiągnąć,5.00,0
3838,strumień,5.00,0
6967,spokojny,5.00,0
8827,natychmiast,5.00,0
1840,1000,5.00,0
5068,poeta,5.00,0
835,płynąć,5.00,0
6919,gatunek,5.00,0
2310,ze,5.00,0
3884,okres,5.00,0
4827,praca,5.00,0
8062,ziemniak,5.00,0
7782,dlaczego,5.00,0
4585,wychodzić,5.00,0
3491,łatwo,5.00,0
5749,metal,5.00,0
5120,spotkać,5.00,0
6333,do,5.00,0
2500,układ okresowy,5.00,0
3039,lekki,5.00,0
4802,literacki,5.00,0
3734,taki,5.00,0
8380,oś,5.00,0
5089,prawda,5.00,0
738,gorączka,5.00,0
3880,dziura,5.00,0
6595,zmęczony,5.00,0
5340,stanowisko,5.00,0
6777,ząb,5.00,0
5691,6,5.00,0
3756,rozumieć,5.00,0
9074,liczba,5.00,0
5818,30,5.00,0
6453,pokonać,5.00,0
1424,środa,5.00,0
1051,zachód,5.00,0
1679,pióro,5.00,0
5755,światło,5.00,0
1142,budynek,5.00,0
4475,Japonia,5.00,0
7299,Morze Śródziemne,5.00,0
3020,zamiast,5.00,0
791,połączyć,5.00,0
1830,oś,5.00,0
7277,prawie,5.00,0
4792,siostra,5.00,0
640,padać,5.00,0
6358,krótki,5.00,0
5838,podstawowy,5.00,0
3370,przyjemny,5.00,0
8973,zwolennik,5.00,0
4758,kolej,5.00,0
1270,związać,5.00,0
3943,ciężki,5.00,0
2806,świątynia,5.00,0
7206,opuścić,5.00,0
9335,wysoko,5.00,0
2553,podróżować,5.00,0
1059,artykuł,5.00,0
4265,matematyka,5.00,0
4412,dział,5.00,0
1694,gospodarka,5.00,0
8018,bądź,5.00,0
779,dźwięk,5.00,0
9069,rozmawiać,5.00,0
985,seksualny,5.00,0
4600,niedziela,5.00,0
8191,sklep,5.00,0
7216,przeszłość,5.00,0
6816,istotny,5.00,0
7923,słodki,5.00,0
7840,pić,5.00,0
2453,dokument,5.00,0
2158,finansowy,5.00,0
5228,pojedynczy,5.00,0
8748,wstyd,5.00,0
7367,nie,5.00,0
9153,futro,5.00,0
8992,zawodowy,5.00,0
1572,wąż,5.00,0
1653,miesiąc,5.00,0
8693,kontrola,5.00,0
1092,nauczycielka,5.00,0
4706,wzdłuż,5.00,0
2757,trudność,5.00,0
3489,papież,5.00,0
3321,piąty,5.00,0
1049,wojskowy,5.00,0
9602,poważny,5.00,0
7949,nadawać,5.00,0
9817,Litwa,5.00,0
176,przestrzeń,5.00,0
2220,deszcz,5.00,0
2803,zdobyć,5.00,0
1845,raz,5.00,0
7902,czapka,5.00,0
5304,elektryczny,5.00,0
7168,bo,5.00,0
5976,napój,5.00,0
7630,słowacki,5.00,0
2450,nie ma,5.00,0
8065,dokonać,5.00,0
9092,chrześcijaństwo,5.00,0
1594,wieczorem,5.00,0
7728,but,5.00,0
6717,proces,5.00,0
108,jajko,5.00,0
897,związek,5.00,0
3228,jednak,5.00,0
8162,rasa,5.00,0
8781,dziadek,5.00,0
1862,Chrystus,5.00,0
5553,profesor,5.00,0
147,drzewo,5.00,0
3112,starożytny,5.00,0
3377,francuski,5.00,0
1874,go,5.00,0
6454,my,5.00,0
3788,obrót,5.00,0
6423,cukier,5.00,0
8022,spór,5.00,0
1217,rodzinny,5.00,0
407,materiał,5.00,0
7332,używać,5.00,0
6457,godność,5.00,0
528,1,5.00,0
6148,ciasto,5.00,0
5046,służyć,5.00,0
9996,natura,5.00,0
2134,życie,5.00,0
8898,gdzie,5.00,0
608,wrócić,5.00,0
3094,pojawić się,5.00,0
4149,?,5.00,0
8716,forma,5.00,0
3113,Żyd,5.00,0
9216,region,5.00,0
5657,pas,5.00,0
1743,szósty,5.00,0
6981,biedny,5.00,0
8160,szczęśliwy,5.00,0
9432,złodziej,5.00,0
2455,kupić,5.00,0
756,włoski,5.00,0
1303,mierzyć,5.00,0
3515,wnętrze,5.00,0
873,kończyć,5.00,0
2389,bieg,5.00,0
9640,dom,5.00,0
3484,przestrzeń,5.00,0
3812,Ukraina,5.00,0
9105,plan,5.00,0
5075,mięsień,5.00,0
3864,wioska,5.00,0
2638,piłka,5.00,0
9467,kosz,5.00,0
9834,dobrze,5.00,0
6297,kraina,5.00,0
8045,kłopot,5.00,0
1120,wybitny,5.00,0
4283,—,5.00,0
4778,moment,5.00,0
5515,pracownik,5.00,0
2788,ser,5.00,0
6416,m.in.,5.00,0
6713,królowa,5.00,0
6434,pani,5.00,0
8463,równy,5.00,0
6526,członek,5.00,0
6794,50,5.00,0
6733,ogół,5.00,0
7509,lampa,5.00,0
4276,ciąża,5.00,0
2375,przeciw,5.00,0
689,osiem,5.00,0
7748,wysoko,5.00,0
3627,palić,5.00,0
836,postępowanie,5.00,0
6516,wydawać się,5.00,0
7433,samochodowy,5.00,0
6447,czekać,5.00,0
7328,40,5.00,0
6193,kontakt,5.00,0
9213,płaski,5.00,0
9177,zawartość,5.00,0
2878,który,5.00,0
1099,letni,5.00,0
9872,około,5.00,0
7897,policzek,5.00,0
328,lustro,5.00,0
6379,sos,5.00,0
525,konstrukcja,5.00,0
3194,korzeń,5.00,0
1463,spokojny,5.00,0
8500,wiara,5.00,0
8178,trwały,5.00,0
8153,siedziba,5.00,0
178,złoto,5.00,0
1630,muzyka,5.00,0
210,rzucić,5.00,0
4398,słyszeć,5.00,0
9061,plama,5.00,0
1310,dolina,5.00,0
7839,pająk,5.00,0
3356,użytkownik,5.00,0
1015,promień,5.00,0
9551,stawać się,5.00,0
6384,nazwisko,5.00,0
3420,chwila,5.00,0
8847,modlitwa,5.00,0
9189,człowiek,5.00,0
902,pod,5.00,0
9928,samochodowy,5.00,0
7461,siódmy,5.00,0
9500,chęć,5.00,0
8601,zamek,5.00,0
1799,małżeństwo,5.00,0
663,umieszczać,5.00,0
6371,strach,5.00,0
252,rzeka,5.00,0
1053,usługa,5.00,0
3517,czwartek,5.00,0
2124,trwać,5.00,0
1137,mądry,5.00,0
6284,kiedy,5.00,0
4454,skutek,5.00,0
6602,muzyka,5.00,0
1495,system,5.00,0
800,muzyka,5.00,0
6890,wrócić,5.00,0
5958,pieniądze,5.00,0
4255,mgła,5.00,0
9990,głęboki,5.00,0
1894,wrażenie,5.00,0
447,liczny,5.00,0
9502,przyjaciel,5.00,0
3170,dziać się,5.00,0
4687,budować,5.00,0
7812,skóra,5.00,0
8414,kura,5.00,0
1036,obserwować,5.00,0
5057,naturalny,5.00,0
3671,lot,5.00,0
6954,także,5.00,0
870,staw,5.00,0
436,alkohol,5.00,0
9235,międzynarodowy,5.00,0
4546,pająk,5.00,0
696,szczyt,5.00,0
9648,pojawiać się,5.00,0
7705,mąka,5.00,0
3912,korona,5.00,0
8633,przyszły,5.00,0
3086,przestępstwo,5.00,0
7459,wada,5.00,0
4731,katolicki,5.00,0
763,liść,5.00,0
2785,ozdobny,5.00,0
3841,naczynie,5.00,0
2336,opinia,5.00,0
564,książka,5.00,0
6485,morze,5.00,0
5668,kurs,5.00,0
9733,zatrzymać,5.00,0
6610,dane,5.00,0
8139,zakres,5.00,0
4101,przyjechać,5.00,0
847,obecnie,5.00,0
5974,wąski,5.00,0
3898,ten sam,5.00,0
3994,wywołać,5.00,0
1024,morze,5.00,0
6444,do,5.00,0
8787,komórka,5.00,0
5899,zatrzymać,5.00,0
4693,scena,5.00,0
7045,czterdzieści,5.00,0
2826,ciało,5.00,0
3417,kaczka,5.00,0
6319,niedźwiedź,5.00,0
5867,zatrzymać,5.00,0
5548,wprowadzać,5.00,0
6953,rola,5.00,0
2399,oczywiście,5.00,0
9800,znajdować się,5.00,0
2555,ulegać,5.00,0
4872,powstać,5.00,0
7500,ogon,5.00,0
4917,kontakt,5.00,0
3630,okrągły,5.00,0
2275,równy,5.00,0
4804,blisko,5.00,0
4820,pewien,5.00,0
4410,szkoła,5.00,0
1975,dziób,5.00,0
9206,próba,5.00,0
596,chyba,5.00,0
2825,lew,5.00,0
6771,linia,5.00,0
5472,alkoholowy,5.00,0
7689,składnik,5.00,0
6507,wszelki,5.00,0
9103,spowodować,5.00,0
5312,kieszeń,5.00,0
2764,powód,5.00,0
8577,dno,5.00,0
1919,nadawać,5.00,0
7089,centralny,5.00,0
7846,orzeł,5.00,0
2276,wieża,5.00,0
8085,szczególny,5.00,0
2463,daleko,5.00,0
6035,głęboki,5.00,0
6696,ząb,5.00,0
3698,powiedzieć,5.00,0
7540,urząd,5.00,0
3828,Rumunia,5.00,0
3854,impreza,5.00,0
8674,założyć,5.00,0
6302,dźwięk,5.00,0
1372,poruszać,5.00,0
1122,mój,5.00,0
4603,pokryć,5.00,0
4407,mąż,5.00,0
8954,zdobyć,5.00,0
2631,umrzeć,5.00,0
6097,lód,5.00,0
4741,trzydzieści,5.00,0
698,procent,5.00,0
8938,narodowy,5.00,0
6048,zwykły,5.00,0
5452,zacząć,5.00,0
7436,pełny,5.00,0
8598,napisać,5.00,0
8689,klub,5.00,0
6038,dość,5.00,0
9219,przynosić,5.00,0
6740,smak,5.00,0
9243,wybitny,5.00,0
4443,ozdoba,5.00,0
6511,dolny,5.00,0
2672,wtorek,5.00,0
9579,następować,5.00,0
729,służyć,5.00,0
381,kontakt,5.00,0
945,szybko,5.00,0
8193,żołnierz,5.00,0
5728,zawartość,5.00,0
1087,decyzja,5.00,0
9581,zamykać,5.00,0
4160,urządzenie,5.00,0
2665,postawa,5.00,0
3595,temat,5.00,0
542,dół,5.00,0
395,niech,5.00,0
2001,sto,5.00,0
7311,głupiec,5.00,0
530,niebieski,5.00,0
1290,zajęcie,5.00,0
6003,kosz,5.00,0
7415,spotkać,5.00,0
3394,państwowy,5.00,0
914,te,5.00,0
5223,nadzieja,5.00,0
7184,karta,5.00,0
6011,chyba,5.00,0
3142,tam,5.00,0
3947,poważny,5.00,0
9263,tłumaczyć,5.00,0
4481,czynność,5.00,0
6838,100,5.00,0
5293,układ okresowy,5.00,0
9659,powszechny,5.00,0
3466,jakość,5.00,0
981,ślad,5.00,0
4052,potrawa,5.00,0
9627,metal,5.00,0
8155,no,5.00,0
1997,amerykański,5.00,0
8040,osoba,5.00,0
7146,w ciągu,5.00,0
687,gorący,5.00,0
9946,należy,5.00,0
4385,pod,5.00,0
1346,zdobyć,5.00,0
5622,położyć,5.00,0
2136,dzielić,5.00,0
1002,należy,5.00,0
2373,medycyna,5.00,0
5563,woda,5.00,0
1227,oddać,5.00,0
1402,pogląd,5.00,0
1338,długo,5.00,0
6759,gwałtowny,5.00,0
8473,prawny,5.00,0
2753,wojsko,5.00,0
1359,wykonanie,5.00,0
19,głos,5.00,0
4609,chory,5.00,0
1313,czynnik,5.00,0
7025,komputer,5.00,0
3307,kuchnia,5.00,0
4269,korzystać,5.00,0
7915,dany,5.00,0
2783,narodowość,5.00,0
4564,wczoraj,5.00,0
7667,klucz,5.00,0
8297,wszystkie,5.00,0
7529,los,5.00,0
1611,poeta,5.00,0
6289,dzisiaj,5.00,0
3320,uderzać,5.00,0
9586,posiłek,5.00,0
8789,wygląd,5.00,0
6893,skała,5.00,0
6390,zazwyczaj,5.00,0
3636,posiłek,5.00,0
3661,rzucić,5.00,0
6280,rok,5.00,0
2820,pozostawać,5.00,0
5128,jaki,5.00,0
3197,tu,5.00,0
2270,kanał,5.00,0
8028,w ciągu,5.00,0
3549,klub,5.00,0
1598,czasownik,5.00,0
6349,hotel,5.00,0
4264,wolność,5.00,0
4237,taki,5.00,0
4957,należy,5.00,0
3487,tablica,5.00,0
437,patrzeć,5.00,0
2231,wybierać,5.00,0
820,uważać,5.00,0
1547,kłaść,5.00,0
524,smutny,5.00,0
3311,doprowadzić,5.00,0
704,lot,5.00,0
6464,działać,5.00,0
3431,pacjent,5.00,0
8686,mówić,5.00,0
6347,wojna,5.00,0
9433,itp.,5.00,0
9351,dziecko,5.00,0
3368,narzędzie,5.00,0
3123,plecy,5.00,0
7236,sprzedaż,5.00,0
363,okręt,5.00,0
5511,jeżeli,5.00,0
6684,działanie,5.00,0
205,fragment,5.00,0
4317,wniosek,5.00,0
5107,wolny,5.00,0
171,koncert,5.00,0
4467,cisza,5.00,0
347,budowa,5.00,0
2079,inny,5.00,0
2094,doświadczenie,5.00,0
2625,policzek,5.00,0
1185,wiedza,5.00,0
8875,równy,5.00,0
6723,wina,5.00,0
8386,zamykać,5.00,0
6178,wyłącznie,5.00,0
3946,wesoły,5.00,0
2058,amharski,5.00,0
5639,mowa,5.00,0
3855,stosunek,5.00,0
5332,wywołać,5.00,0
6612,średniowieczny,5.00,0
2004,mąż,5.00,0
6083,ładny,5.00,0
6783,kino,5.00,0
9127,rodzina,5.00,0
9743,podłoga,5.00,0
7665,koza,5.00,0
5384,wielki,5.00,0
4874,szpital,5.00,0
2017,ogół,5.00,0
2226,autobus,5.00,0
6650,czyn,5.00,0
4685,pierwszy,5.00,0
4442,sąsiad,5.00,0
7542,dwudziesty,5.00,0
2088,projekt,5.00,0
4695,dym,5.00,0
9751,prosty,5.00,0
4979,wczoraj,5.00,0
4540,obserwować,5.00,0
6131,szwedzki,5.00,0
1392,forma,5.00,0
8541,zbierać,5.00,0
3390,kończyć,5.00,0
7588,sprawa,5.00,0
1291,wydawać się,5.00,0
8419,gdy,5.00,0
394,obecny,5.00,0
3060,10,5.00,0
3836,grzyb,5.00,0
8322,usuwać,5.00,0
1300,pokój,5.00,0
9843,smutny,5.00,0
7580,rozmawiać,5.00,0
570,wychodzić,5.00,0
6328,gospodarka,5.00,0
8621,Anglia,5.00,0
145,pojawiać się,5.00,0
8753,całkiem,5.00,0
2812,pas,5.00,0
9129,zdrowy,5.00,0
3937,wyglądać,5.00,0
5052,prędkość,5.00,0
314,postępowanie,5.00,0
7083,sąsiad,4.00,1
646,model,4.00,0
3475,palec,4.00,0
7310,własność,4.00,0
3745,Niemcy,4.00,0
973,zapalenie,4.00,0
9865,medycyna,4.00,0
2884,użycie,4.00,0
6149,dolny,4.00,0
3183,podać,4.00,0
3911,czwartek,4.00,0
8666,plemię,4.00,0
7330,urodzić się,4.00,0
1294,biały,4.00,0
1590,bić,4.00,0
8672,technika,4.00,0
3006,Afryka,4.00,0
5325,głupi,4.00,0
745,obchodzić,4.00,0
4867,hotel,4.00,0
4183,strumień,4.00,0
656,muzeum,4.00,0
8053,słowacki,4.00,0
8180,straszny,4.00,0
6087,odcinek,4.00,0
2078,powstanie,4.00,0
7885,budzić,4.00,0
6977,rzeczownik,4.00,0
2574,dziewięćdziesiąt,4.00,0
5723,otrzymywać,4.00,0
6154,termin,4.00,0
876,samolot,4.00,0
2172,sposób,4.00,0
7347,butelka,4.00,0
5660,sieć,4.00,0
1833,mieć,4.00,0
57,krzesło,4.00,0
8063,odpowiadać,4.00,0
1262,przeciwnik,4.00,0
3042,katastrofa,4.00,0
7577,święto,4.00,0
6835,okoliczność,4.00,0
2636,trzymać,4.00,0
1602,pisać,4.00,0
6183,pociąg,4.00,0
6337,30,4.00,0
2512,wypadek,4.00,0
3497,odzież,4.00,0
1139,górny,4.00,0
7994,nie-,4.00,0
5183,zająć,4.00,0
8516,czekolada,4.00,0
5051,pod,4.00,0
1195,określenie,4.00,0
805,skala,4.00,0
4093,mocny,4.00,0
265,poruszać się,4.00,0
8776,piąty,4.00,0
1013,pies,4.00,0
9249,metalowy,4.00,0
5815,poduszka,4.00,0
571,trwać,4.00,0
4430,zmęczony,4.00,0
4028,pewien,4.00,0
9945,może,4.00,0
3107,serce,4.00,0
521,otwierać,4.00,0
1334,graniczyć,4.00,0
296,ponad,4.00,0
1390,opinia,4.00,0
761,treść,4.00,0
9859,procent,4.00,0
9593,dzielić,4.00,0
3809,wskazywać,4.00,0
494,księżyc,4.00,0
4605,jadalny,4.00,0
6462,koniec,4.00,0
5167,różny,4.00,0
330,rower,4.00,0
935,temperatura,4.00,0
2889,ten,4.00,0
1208,kawa,4.00,0
5416,gotować,4.00,0
9813,relacja,4.00,0
3737,Morze Śródziemne,4.00,0
5130,minuta,4.00,0
8350,efekt,4.00,0
5862,Szwecja,4.00,0
4291,pamiętać,4.00,0
1397,gęsty,4.00,0
3872,80,4.00,0
9978,jednak,4.00,0
240,osobisty,4.00,0
4023,występować,4.00,0
81,ciasto,4.00,0
1768,wydać,4.00,0
3406,nie-,4.00,0
361,czterdzieści,4.00,0
9011,widok,4.00,0
4254,główny,4.00,0
1596,ulegać,4.00,0
1921,radiowy,4.00,0
1343,wychodzić,4.00,0
3350,straszny,4.00,0
3621,inaczej,4.00,0
4618,ręka,4.00,0
1927,połączyć,4.00,0
4734,przypadek,4.00,0
9276,używać,4.00,0
4613,nastrój,4.00,0
468,kontakt,4.00,0
9003,środowisko,4.00,0
4168,ściana,4.00,0
8765,klient,4.00,0
9617,zwycięstwo,4.00,0
9677,ojczyzna,4.00,0
642,wspaniały,4.00,0
2153,wybór,4.00,0
8549,dwanaście,4.00,0
8617,wstyd,4.00,0
5945,późny,4.00,0
910,marzec,4.00,0
9410,charakterystyczny,4.00,0
6894,małpa,4.00,0
2943,mówić,4.00,0
7917,połączenie,4.00,0
3744,ciągnąć,4.00,0
6564,produkcja,4.00,0
544,może,4.00,0
7133,księga,4.00,0
2324,zarówno,4.00,0
6828,broń,4.00,0
6167,gdzie,4.00,0
1812,prosty,4.00,0
6739,pszczoła,4.00,0
3087,świeży,4.00,0
9618,towarzystwo,4.00,0
2905,godny,4.00,0
7688,tutaj,4.00,0
2907,oko,4.00,0
5929,wydawać się,4.00,0
8544,strata,4.00,0
8536,kierować,4.00,0
6736,jednocześnie,4.00,0
7759,o,4.00,0
1090,Azja,4.00,0
287,ciepło,4.00,0
5544,stworzyć,4.00,0
2928,sobą,4.00,0
5640,słyszeć,4.00,0
4387,nieprzyjemny,4.00,0
3367,poeta,4.00,0
6994,kolejny,4.00,0
7309,uznawać,4.00,0
6207,lubić,4.00,0
9897,piętnaście,4.00,0
4807,czerwony,4.00,0
7360,lot,4.00,0
821,powstać,4.00,0
3870,pojazd,4.00,0
9858,900,4.00,0
931,wprowadzać,4.00,0
718,znajdować,4.00,0
1364,wkrótce,4.00,0
7209,niebieski,4.00,0
788,wycieczka,4.00,0
6876,moment,4.00,0
6856,wejście,4.00,0
6674,lato,4.00,0
3644,ruch,4.00,0
7357,miejski,4.00,0
1514,między,4.00,0
3328,dokonywać,4.00,0
4691,obiekt,4.00,0
7476,produkcja,4.00,0
3520,oddawać,4.00,0
3292,słońce,4.00,0
792,taniec,4.00,0
4786,rola,4.00,0
4116,opowiadać,4.00,0
3522,tajemnica,4.00,0
3801,wygrać,4.00,0
7027,kościelny,4.00,0
2831,japoński,4.00,0
2217,typ,4.00,0
631,proces,4.00,0
1787,sobie,4.00,0
1377,społeczeństwo,4.00,0
677,wyrób,4.00,0
2083,tydzień,4.00,0
9643,różowy,4.00,0
422,daleki,4.00,0
8474,pogląd,4.00,0
9804,naukowy,4.00,0
3993,słowacki,4.00,0
5756,plama,4.00,0
4257,cesarz,4.00,0
1825,kult,4.00,0
4977,trwać,4.00,0
1064,szeroki,4.00,0
6531,zazwyczaj,4.00,0
5302,gospodarczy,4.00,0
1683,wewnętrzny,4.00,0
3586,kraj,4.00,0
1717,piłka nożna,4.00,0
9714,przeszkoda,4.00,0
5308,zatrzymać,4.00,0
3299,tytoń,4.00,0
8800,temat,4.00,0
866,wyrób,4.00,0
7934,samochód,4.00,0
24,ja,4.00,0
2755,należy,4.00,0
1680,dać się,4.00,0
2041,w czasie,4.00,0
8778,studia,4.00,0
1931,broda,4.00,0
2521,linia,4.00,0
5091,wolny,4.00,0
5483,zrozumieć,4.00,0
9519,musieć,4.00,0
5125,pustynia,4.00,0
4388,tył,4.00,0
1568,zanim,4.00,0
1943,Szwajcaria,4.00,0
277,wyrażenie,4.00,0
3347,słodki,4.00,0
268,dla,4.00,0
4521,bać się,4.00,0
3043,francuski,4.00,0
4286,dziewiąty,4.00,0
4715,mrówka,4.00,0
82,sprzedaż,4.00,0
8573,zapis,4.00,0
1906,zupełnie,4.00,0
9279,daleki,4.00,0
119,sposób,4.00,0
6061,bogactwo,4.00,0
4730,sprzęt,4.00,0
693,zakres,4.00,0
3972,mnóstwo,4.00,0
8799,otrzymywać,4.00,0
1254,pomieszczenie,4.00,0
2346,mieć,4.00,0
7478,noga,4.00,0
499,fizyczny,4.00,0
9203,składać,4.00,0
4742,pociąg,4.00,0
3623,dziewięć,4.00,0
3599,średni,4.00,0
3600,spodnie,4.00,0
8029,w wyniku,4.00,0
3892,osoba,4.00,0
1864,towarzystwo,4.00,0
211,termin,4.00,0
1191,poza,4.00,0
7864,drobny,4.00,0
5310,uzyskać,4.00,0
5503,bóg,4.00,0
6862,kształt,4.00,0
5273,budzić,4.00,0
7302,poważny,4.00,0
4733,słońce,4.00,0
373,piwo,4.00,0
6975,grecki,4.00,0
3306,kaczka,4.00,0
8306,pięćdziesiąt,4.00,0
1289,przynosić,4.00,0
2357,plac,4.00,0
5159,instytucja,4.00,0
3137,łąka,4.00,0
9957,staw,4.00,0
6417,mieszkać,4.00,0
9806,przyrząd,4.00,0
2296,epoka,4.00,0
2397,korzystać,4.00,0
5781,wy,4.00,0
9423,postępować,4.00,0
4570,Azja,4.00,0
491,poznać,4.00,0
5792,dość,4.00,0
4897,kontakt,4.00,0
1098,niechęć,4.00,0
1226,lot,4.00,0
2961,amerykański,4.00,0
4094,pijany,4.00,0
898,filozofia,4.00,0
9334,praca,4.00,0
8606,kupić,4.00,0
926,rezultat,4.00,0
969,zgadzać się,4.00,0
8316,moralny,4.00,0
4054,źle,4.00,0
479,patrzeć,4.00,0
1877,wspaniały,4.00,0
6900,jutro,4.00,0
7002,tańczyć,4.00,0
4143,zupa,4.00,0
5241,jajko,4.00,0
4393,wiersz,4.00,0
2879,zmarły,4.00,0
4433,wyjście,4.00,0
6130,żona,4.00,0
9986,środek,4.00,0
4776,w ciągu,4.00,0
9583,suchy,4.00,0
8788,wokół,4.00,0
7394,ładny,4.00,0
8969,czytać,4.00,0
9857,blady,4.00,0
9544,w ciągu,4.00,0
4532,zająć,4.00,0
5608,centralny,4.00,0
9028,pragnienie,4.00,0
409,strój,4.00,0
8942,modlitwa,4.00,0
3249,trzydziesty,4.00,0
6287,warzywo,4.00,0
1847,Stany Zjednoczone,4.00,0
816,region,4.00,0
6231,bogactwo,4.00,0
8353,dzisiejszy,4.00,0
6748,głośny,4.00,0
6206,język,4.00,0
9316,razem,4.00,0
1767,marka,4.00,0
1811,mocny,4.00,0
8468,charakterystyczny,4.00,0
8770,poziom,4.00,0
7144,uznawać,4.00,0
2506,wzgórze,4.00,0
5814,kończyć,4.00,0
4319,mapa,4.00,0
5951,bliski,4.00,0
8987,rola,4.00,0
4082,tutaj,4.00,0
9772,pewien,4.00,0
1218,blady,4.00,0
7238,na,4.00,0
4547,zespół,4.00,0
6234,stawiać,4.00,0
9312,wskazywać,4.00,0
2395,czwartek,4.00,0
2290,być,4.00,0
3665,wóz,4.00,0
4119,prosić,4.00,0
155,nigdy,4.00,0
2950,my,4.00,0
8340,walczyć,4.00,0
7387,wrócić,4.00,0
6165,powolny,4.00,0
7889,rzymski,4.00,0
5661,zdolność,4.00,0
9693,drogi,4.00,0
241,bieda,4.00,0
1118,samochodowy,4.00,0
7189,Szwecja,4.00,0
3928,jedynie,4.00,0
396,ci,4.00,0
8856,Węgry,4.00,0
5606,mysz,4.00,0
2352,zmęczony,4.00,0
6518,duży,4.00,0
4162,uzyskać,4.00,0
5998,miesiąc,4.00,0
8532,przed,4.00,0
3688,instytucja,4.00,0
4860,strumień,4.00,0
6030,sala,4.00,0
8545,dodać,4.00,0
9907,wyglądać,4.00,0
8011,operacja,4.00,0
440,zdolność,4.00,0
7962,sala,4.00,0
3974,przestępstwo,4.00,0
2038,byk,4.00,0
3793,produkcja,4.00,0
7195,amerykański,4.00,0
2425,bądź,4.00,0
1292,zachodni,4.00,0
1795,produkować,4.00,0
9221,wywołać,4.00,0
8318,operacja,4.00,0
6391,sport,4.00,0
6115,choroba,4.00,0
3408,bez,4.00,0
8861,idea,4.00,0
5239,park,4.00,0
7458,płeć,4.00,0
6622,związać,4.00,0
4384,bądź,4.00,0
8784,drugi,4.00,0
7747,każdy,4.00,0
4555,dwanaście,4.00,0
6903,burza,4.00,0
502,zmęczony,4.00,0
4988,kurs,4.00,0
40,księżyc,4.00,0
5978,pomieszczenie,4.00,0
9490,temu,4.00,0
292,smak,4.00,0
2212,droga,4.00,0
6600,działanie,4.00,0
7349,owad,4.00,0
6502,rosnąć,4.00,0
7247,wieś,4.00,0
399,kiedyś,4.00,0
5673,miesiąc,4.00,0
5788,warzywo,4.00,0
6162,forma,4.00,0
1892,5,4.00,0
6210,piłka nożna,4.00,0
3691,elektryczny,4.00,0
1676,jadalny,4.00,0
1105,bank,4.00,0
3804,jedynie,4.00,0
4864,zaś,4.00,0
1740,piątek,4.00,0
4108,Unia Europejska,4.00,0
7193,głęboki,4.00,0
7805,pijany,4.00,0
14,park,4.00,0
630,powód,4.00,0
8285,szkło,4.00,0
1440,otwór,4.00,0
3295,powinien,4.00,0
1593,czarny,4.00,0
6320,skład,4.00,0
2122,wąż,4.00,0
334,powierzchnia,4.00,0
8923,mieszkać,4.00,0
8024,pozycja,4.00,0
7836,warstwa,4.00,0
2194,chociaż,4.00,0
5016,trwać,4.00,0
9518,wygrać,4.00,0
6418,Indie,4.00,0
6465,dzieło,4.00,0
4152,teraz,4.00,0
6995,oddech,4.00,0
5008,urząd,4.00,0
9649,siedziba,4.00,0
5614,pijany,4.00,0
5874,chwila,4.00,0
9788,otworzyć,4.00,0
8156,także,4.00,0
8591,nazwisko,4.00,0
1277,maszyna,4.00,0
653,jeden,4.00,0
4305,czterdzieści,4.00,0
5981,mysz,4.00,0
5534,składnik,4.00,0
5381,Australia,4.00,0
4702,odcinek,4.00,0
9194,zgoda,4.00,0
4324,ty,4.00,0
4509,zaś,4.00,0
3448,zając,4.00,0
8899,ziemniak,4.00,0
1412,zająć,4.00,0
7442,uderzenie,4.00,0
7621,alfabet,4.00,0
5025,jeszcze,4.00,0
8364,jej,4.00,0
9124,powstawać,4.00,0
2604,bogini,4.00,0
6917,kolacja,4.00,0
7683,herb,4.00,0
9382,wiedza,4.00,0
3119,położony,4.00,0
8310,przyprawa,4.00,0
7578,więc,4.00,0
3161,powierzchnia,4.00,0
104,nazwa,4.00,0
8783,wiek,4.00,0
9450,teraz,4.00,0
5399,dusza,4.00,0
5674,metal,4.00,0
7753,lub,4.00,0
5881,bać się,4.00,0
8092,wzdłuż,4.00,0
9125,centrum,4.00,0
6843,głośny,4.00,0
543,wziąć,4.00,0
8127,lina,4.00,0
3883,pszczoła,4.00,0
2496,wierzyć,4.00,0
6427,wyrok,4.00,0
6808,zawodnik,4.00,0
8324,typowy,4.00,0
2834,stawiać,4.00,0
9985,poruszać się,4.00,0
9999,nieść,4.00,0
5260,przebywać,4.00,0
9163,możliwość,4.00,0
2862,błąd,4.00,0
7384,zdrowie,4.00,0
9949,we,4.00,0
3180,brązowy,4.00,0
516,pracownik,4.00,0
3165,lubić,4.00,0
8373,niektóry,4.00,0
1540,ta,4.00,0
221,powodować,4.00,0
193,kłaść,4.00,0
8327,oddział,4.00,0
5342,jazda,4.00,0
6093,prowadzić,4.00,0
7900,hodować,4.00,0
5831,różowy,4.00,0
5158,?,4.00,0
9619,dotyczyć,4.00,0
2229,duński,4.00,0
6428,filozofia,4.00,0
6430,drewniany,4.00,0
8980,Australia,4.00,0
6002,szacunek,4.00,0
2735,użytkownik,4.00,0
6354,rzymski,4.00,0
4190,rzeczownik,4.00,0
4208,daleki,4.00,0
7618,dziesięć,4.00,0
257,wieczór,4.00,0
8279,brzeg,4.00,0
5808,trudno,4.00,0
9717,miejsce,4.00,0
3550,stopa,4.00,0
3824,smak,4.00,0
5550,wątpliwość,4.00,0
1104,marzec,4.00,0
6621,wkrótce,4.00,0
128,r.,4.00,0
3253,wynosić,4.00,0
7070,radiowy,4.00,0
1515,zgodnie,4.00,0
2791,pusty,4.00,0
760,podział,4.00,0
5512,odległość,4.00,0
1616,zamieszkiwać,4.00,0
1080,trzymać,4.00,0
3827,źródło,4.00,0
7870,żart,4.00,0
9022,kolega,4.00,0
4133,spokój,4.00,0
5297,zrobić,4.00,0
9255,pisanie,4.00,0
4771,pragnienie,4.00,0
3992,nazwisko,4.00,0
2214,most,4.00,0
965,liść,4.00,0
8269,powoli,4.00,0
2598,kolacja,4.00,0
9609,papieros,4.00,0
9132,znaczny,4.00,0
2935,zrobić,4.00,0
8771,budzić,4.00,0
5799,ksiądz,4.00,0
3312,śniadanie,4.00,0
412,znosić,4.00,0
498,zasada,4.00,0
9635,znany,4.00,0
9051,pustynia,4.00,0
5828,płakać,4.00,0
7638,oglądać,4.00,0
4740,dopływ,4.00,0
8305,jeździć,4.00,0
682,składnik,4.00,0
9060,znaczny,4.00,0
7828,instrument,4.00,0
6243,intensywny,4.00,0
6948,pozbawić,4.00,0
3538,książka,4.00,0
7957,pierwiastek chemiczny,4.00,0
5269,gdyby,4.00,0
6631,kino,4.00,0
7942,okrągły,4.00,0
6055,bilet,4.00,0
2402,pojawiać się,4.00,0
7623,w,4.00,0
4975,główny,4.00,0
8424,oglądać,4.00,0
3069,poruszać,4.00,0
9446,szary,4.00,0
5087,kupować,4.00,0
5928,zostać,4.00,0
1044,mysz,4.00,0
7066,chory,4.00,0
2315,wspomnienie,4.00,0
3224,gorący,4.00,0
6407,metal,4.00,0
1508,umieścić,4.00,0
2854,but,4.00,0
3536,spokój,4.00,0
2236,brzydki,4.00,0
7346,budowa,4.00,0
4083,koncert,4.00,0
2387,opinia,4.00,0
4604,zniszczyć,4.00,0
4774,świecić,4.00,0
2776,motyl,4.00,0
6282,udział,4.00,0
7081,decyzja,4.00,0
7888,gorączka,4.00,0
1106,panować,4.00,0
780,dwa,4.00,0
8131,kolumna,4.00,0
3245,w kształcie,4.00,0
480,nieprzyjemny,4.00,0
2608,tam,4.00,0
2432,radio,4.00,0
2314,filozofia,4.00,0
5174,nauczyciel,4.00,0
1549,myśleć,4.00,0
4712,wobec,4.00,0
8727,dziecko,4.00,0
3919,organ,4.00,0
8287,okropny,4.00,0
3428,nie-,4.00,0
7231,wierny,4.00,0
6336,zbyt,4.00,0
208,symbol,4.00,0
5573,warstwa,4.00,0
4180,uniwersytet,4.00,0
7849,włos,4.00,0
9792,deszcz,4.00,0
5505,średni,4.00,0
7239,róg,4.00,0
1362,dłoń,4.00,0
2567,dzielić,4.00,0
9259,niebo,4.00,0
1170,Rosja,4.00,0
6362,radiowy,4.00,0
7698,czasem,4.00,0
1686,szczęśliwy,4.00,0
2704,ciemność,4.00,0
4536,wydarzenie,4.00,0
7469,cebula,4.00,0
3651,poważny,4.00,0
3530,ze,4.00,0
5495,całkowity,4.00,0
8266,święty,4.00,0
7793,umieścić,4.00,0
1543,rozmawiać,4.00,0
5649,łuk,4.00,0
7727,oddział,4.00,0
4626,lód,4.00,0
1008,właściciel,4.00,0
8628,liczny,4.00,0
661,inny,4.00,0
523,daleko,4.00,0
2739,miejski,4.00,0
4277,włożyć,4.00,0
6292,promień,4.00,0
9045,futro,4.00,0
7053,kino,4.00,0
3293,pusty,4.00,0
1913,gleba,4.00,0
5653,50,4.00,0
5796,większy,4.00,0
9703,muzeum,4.00,0
2777,z,4.00,0
6557,postawa,4.00,0
680,dach,4.00,0
4321,chłop,4.00,0
8524,Unia Europejska,4.00,0
7505,pusty,4.00,0
5256,Holandia,4.00,0
1384,łatwy,4.00,0
5083,lęk,4.00,0
3764,poważny,4.00,0
9855,niechęć,4.00,0
9086,moralny,4.00,0
9687,górski,4.00,0
3954,włosy,4.00,0
4692,św.,4.00,0
7641,przyjemność,4.00,0
2952,październik,4.00,0
2859,wielki,4.00,0
6095,w czasie,4.00,0
7424,zatrzymać,4.00,0
9256,kontrola,4.00,0
5725,prasa,4.00,0
7919,jeżeli,4.00,0
8250,drapieżny,4.00,0
1720,jądro,4.00,0
9705,doświadczenie,4.00,0
2326,trochę,4.00,0
3559,miejscowość,4.00,0
9475,rano,4.00,0
8133,autobus,4.00,0
2639,lęk,4.00,0
6573,ubranie,4.00,0
2902,doskonały,4.00,0
8274,pewien,4.00,0
4552,komputer,4.00,0
1942,wyścig,4.00,0
7703,sklep,4.00,0
2539,dziewczynka,4.00,0
236,bilet,4.00,0
4110,zima,4.00,0
9462,stopa,4.00,0
9185,głupota,4.00,0
8078,zrobić,4.00,0
1085,mnóstwo,4.00,0
3436,dziewczynka,4.00,0
5361,bawić się,4.00,0
7883,czuć,4.00,0
9511,morski,4.00,0
1100,biały,4.00,0
4580,miły,4.00,0
7249,szukać,4.00,0
8245,wrogi,4.00,0
8165,instrument,4.00,0
7420,papier,4.00,0
9246,opuścić,4.00,0
3465,odzież,4.00,0
7886,archipelag,4.00,0
9225,państwo,4.00,0
2903,pomarańczowy,4.00,0
2102,kwiecień,4.00,0
1466,siostra,4.00,0
1172,Egipt,4.00,0
1903,dziecięcy,4.00,0
613,punkt,4.00,0
6599,narodowy,4.00,0
5080,jednak,4.00,0
4550,szkoda,4.00,0
8412,białoruski,4.00,0
1581,!,4.00,0
3506,urządzenie,4.00,0
2585,kontrola,4.00,0
3326,nauka,4.00,0
1089,dom,4.00,0
5931,centrum,4.00,0
2405,syn,4.00,0
2262,wywołać,4.00,0
3335,ciepło,4.00,0
8853,znaczenie,4.00,0
7740,cierpieć,4.00,0
752,czapka,4.00,0
8836,system,4.00,0
1553,Francja,4.00,0
8529,wywodzić się,4.00,0
1530,północny,4.00,0
6707,wzór,4.00,0
4805,kierowca,4.00,0
1342,sztuczny,4.00,0
5594,odmiana,4.00,0
2206,słyszeć,4.00,0
5210,pacjent,4.00,0
6000,zmieniać,4.00,0
8038,wolno,4.00,0
859,przyjęcie,4.00,0
6752,straszny,4.00,0
6802,waga,4.00,0
6872,pojęcie,4.00,0
2285,wysoko,4.00,0
4223,7,4.00,0
2795,lud,4.00,0
5436,gaz,4.00,0
5823,Słowacja,4.00,0
8935,u,4.00,0
120,czwarty,4.00,0
8785,istnieć,4.00,0
2259,prawo,4.00,0
5716,cichy,4.00,0
2629,ponownie,4.00,0
3106,obiad,4.00,0
3044,telewizyjny,4.00,0
7558,wynik,4.00,0
7625,pamięć,4.00,0
7741,jedzenie,4.00,0
7972,robota,4.00,0
1880,ziarno,4.00,0
6522,umieścić,4.00,0
4779,literacki,4.00,0
17,wysiłek,4.00,0
5682,zainteresowanie,4.00,0
2186,przejaw,4.00,0
6173,metalowy,4.00,0
9013,mąż,4.00,0
5835,wskazywać,4.00,0
4953,wśród,4.00,0
5566,rozwiązanie,4.00,0
2718,siebie,4.00,0
7675,gdzieś,4.00,0
4121,kosz,4.00,0
3084,obrót,4.00,0
6273,mówić,4.00,0
6386,wiek,4.00,0
5199,parlament,4.00,0
5662,dziś,4.00,0
4759,gmina,4.00,0
7743,lampa,4.00,0
8837,czynność,4.00,0
4285,ząb,4.00,0
8415,wywoływać,4.00,0
7592,piątek,4.00,0
4838,może,4.00,0
2218,potrzebny,4.00,0
4113,Turcja,4.00,0
1203,wydać,4.00,0
4035,katolicki,4.00,0
2233,długość,4.00,0
2716,cesarz,4.00,0
8304,szyja,4.00,0
5385,mówić,4.00,0
8494,cześć,4.00,0
3916,przyszłość,4.00,0
6366,umrzeć,4.00,0
9695,Niemcy,4.00,0
5456,krzyż,4.00,0
593,miód,4.00,0
5506,postawa,4.00,0
8354,publiczny,4.00,0
4071,ziarno,4.00,0
9832,uważać,4.00,0
6126,klasa,4.00,0
5530,motyl,4.00,0
9420,szklanka,4.00,0
732,pomarańczowy,4.00,0
1711,pisarz,4.00,0
5017,powierzchnia,4.00,0
3248,spać,4.00,0
2501,centralny,4.00,0
9444,nowy,4.00,0
2995,wiara,4.00,0
7904,stary,4.00,0
4722,70,4.00,0
2509,także,4.00,0
5451,minister,4.00,0
4187,gospodarczy,4.00,0
766,doskonały,4.00,0
3191,znaczenie,4.00,0
8023,wchodzić,4.00,0
7775,30,4.00,0
1286,wzgórze,4.00,0
3163,4,4.00,0
1698,czynnik,4.00,0
2195,zwykle,4.00,0
9188,aby,4.00,0
2054,herbata,4.00,0
1154,uczeń,4.00,0
9852,lustro,4.00,0
4849,sądzić,4.00,0
2899,niebezpieczny,4.00,0
6490,włosy,4.00,0
7390,operacja,4.00,0
4694,siódmy,4.00,0
8098,statek,4.00,0
5191,rozwój,4.00,0
8387,niedziela,4.00,0
2858,chłopak,4.00,0
5596,kupić,4.00,0
5213,dorosły,4.00,0
3269,miara,4.00,0
2050,też,4.00,0
5373,obiad,4.00,0
7765,koń,4.00,0
4222,linia,4.00,0
4363,strata,4.00,0
6822,lód,4.00,0
5386,siedzieć,4.00,0
9982,zamieszkiwać,4.00,0
134,dany,4.00,0
3120,miecz,4.00,0
7117,ponieważ,4.00,0
6198,słoń,4.00,0
8552,korona,4.00,0
5026,kula,4.00,0
3857,jadalny,4.00,0
5313,ziemniak,4.00,0
535,poznać,4.00,0
191,warunek,4.00,0
3019,archipelag,4.00,0
7088,oś,4.00,0
5343,wieczór,4.00,0
1158,ku,4.00,0
6413,czwartek,4.00,0
4998,przynosić,4.00,0
3402,jeść,4.00,0
6274,przyprawa,4.00,0
1939,park,4.00,0
7988,oba,4.00,0
5741,wysokość,4.00,0
1886,fakt,4.00,0
8554,wzrost,4.00,0
3956,zespół,4.00,0
7121,dokonać,4.00,0
9634,czynność,4.00,0
5493,urodziny,4.00,0
2655,węgiel,4.00,0
1461,wejść,4.00,0
4924,nóż,4.00,0
8331,doskonały,4.00,0
6205,następny,4.00,0
2846,kolega,4.00,0
1612,leżeć,4.00,0
2046,piłka nożna,4.00,0
1442,kostka,4.00,0
8472,oś,4.00,0
3976,położony,4.00,0
9403,seksualny,4.00,0
1430,górski,4.00,0
7497,typ,4.00,0
5778,potrawa,4.00,0
4557,rzeczownik,4.00,0
8645,kura,4.00,0
3862,napisać,4.00,0
8699,wysyłać,4.00,0
6821,śmiech,4.00,0
1488,wzrost,4.00,0
1299,naukowiec,4.00,0
8039,powstanie,4.00,0
611,pustynia,4.00,0
8679,sok,4.00,0
573,rada,4.00,0
9291,samochód,4.00,0
5011,odkryć,4.00,0
5475,zgromadzenie,4.00,0
6841,film,4.00,0
4485,czytać,4.00,0
4873,przeciwnik,4.00,0
5203,sąd,4.00,0
3124,pogląd,4.00,0
3185,wzrost,4.00,0
5060,głęboki,4.00,0
8831,słaby,4.00,0
7017,tradycja,4.00,0
674,skład,4.00,0
195,opłata,4.00,0
9983,wybuch,4.00,0
7487,ciało,4.00,0
3341,układ okresowy,4.00,0
93,kierowca,4.00,0
4486,jedyny,4.00,0
4355,przykład,4.00,0
8379,badać,4.00,0
7842,mężczyzna,4.00,0
954,nasiono,4.00,0
2284,mózg,4.00,0
5201,suchy,4.00,0
6034,skrzydło,4.00,0
4523,oddech,4.00,0
4586,atak,4.00,0
2445,spadek,4.00,0
7666,róg,4.00,0
8227,spadać,4.00,0
8253,dolny,4.00,0
4112,naj-,4.00,0
1019,zabawa,4.00,0
1648,świnia,4.00,0
136,płyn,4.00,0
1219,lampa,4.00,0
5214,łączyć,4.00,0
5789,użytkownik,4.00,0
8822,mocz,4.00,0
3200,dno,4.00,0
1339,wzgórze,4.00,0
5953,ktoś,4.00,0
3657,służba,4.00,0
6027,niewielki,4.00,0
9748,pół,4.00,0
5076,kobieta,4.00,0
5693,rynek,4.00,0
8673,polegać,4.00,0
4109,odpowiedni,4.00,0
293,coraz,4.00,0
7823,armia,4.00,0
8568,miara,4.00,0
5957,fakt,4.00,0
9044,reguła,4.00,0
6187,ryba,4.00,0
8026,autor,4.00,0
9876,w.,4.00,0
4850,gość,4.00,0
7634,polski,4.00,0
6798,kłaść,4.00,0
1620,pamięć,4.00,0
5292,drugi,4.00,0
2569,wolno,4.00,0
2934,pomiędzy,4.00,0
3748,papież,4.00,0
3524,przedstawiciel,4.00,0
5492,tylko,4.00,0
2174,zdjęcie,4.00,0
5033,uczucie,4.00,0
7725,pożar,4.00,0
1902,urodzenie,4.00,0
4210,stały,4.00,0
7794,kij,4.00,0
7439,przecież,3.00,0
54,myśl,3.00,0
783,sztuczny,3.00,0
5977,srebro,3.00,0
5494,zasada,3.00,0
2381,odnosić się,3.00,0
1234,zamiar,3.00,0
9360,ważny,3.00,0
3697,jeśli,3.00,0
6483,-,3.00,0
7389,filmowy,3.00,0
3894,głód,3.00,0
9090,niezwykły,3.00,0
5459,doświadczenie,3.00,0
6356,Holandia,3.00,0
3480,rzucić,3.00,0
869,fabryka,3.00,0
9610,wybrać,3.00,0
315,dziesięć,3.00,0
1801,niski,3.00,0
7470,chcieć,3.00,0
8401,niechęć,3.00,0
4395,lubić,3.00,0
7745,talerz,3.00,0
6348,złoto,3.00,0
9892,bezpieczeństwo,3.00,0
3277,obowiązek,3.00,0
9856,talerz,3.00,0
3289,oznaczać,3.00,0
667,70,3.00,0
2230,powiedzieć,3.00,0
2843,kolor,3.00,0
5650,mocno,3.00,0
625,upadek,3.00,0
3463,grób,3.00,0
3716,niedziela,3.00,0
9436,rząd,3.00,0
366,publiczny,3.00,0
2030,oznaczać,3.00,0
5721,kolorowy,3.00,0
9988,wiersz,3.00,0
2411,wspaniały,3.00,0
8082,dwanaście,3.00,0
8411,dzieło,3.00,0
1671,historyczny,3.00,0
8998,brązowy,3.00,0
474,określenie,3.00,0
744,50,3.00,0
5549,obywatelka,3.00,0
2478,młody,3.00,0
1631,przeszkoda,3.00,0
5626,Ameryka,3.00,0
3391,układ,3.00,0
2419,traktować,3.00,0
2652,przyjemność,3.00,0
8491,bogini,3.00,0
802,skłonność,3.00,0
8168,trzydziesty,3.00,0
7365,bić,3.00,0
3198,wodny,3.00,0
5074,pod,3.00,0
1780,fabryka,3.00,0
6578,cukier,3.00,0
3173,suma,3.00,0
9241,Wielka Brytania,3.00,0
495,uczyć,3.00,0
9535,pełnić,3.00,0
2985,głupek,3.00,0
6879,przeznaczyć,3.00,0
5676,obraz,3.00,0
5869,skład,3.00,0
2342,ocena,3.00,0
5022,urodziny,3.00,0
6935,posługiwać się,3.00,0
3322,dokonać,3.00,0
214,Włochy,3.00,0
1707,szkolny,3.00,0
9918,imię,3.00,0
5766,podczas,3.00,0
4612,postępować,3.00,0
8197,sieć,3.00,0
9245,na przykład,3.00,0
4660,poważny,3.00,0
6100,włos,3.00,0
7807,ziemski,3.00,0
2847,trudno,3.00,0
5236,urząd,3.00,0
7318,wy,3.00,0
3603,widok,3.00,0
1138,niebo,3.00,0
9491,czas,3.00,0
2481,teraz,3.00,0
9935,dobro,3.00,0
7343,całkowicie,3.00,0
990,wykorzystywać,3.00,0
6931,4,3.00,0
9464,nie,3.00,0
4576,szwedzki,3.00,0
2003,nic,3.00,0
6637,składać,3.00,0
3208,wiara,3.00,0
463,wykonywać,3.00,0
1503,kolorowy,3.00,0
7278,pojechać,3.00,0
2714,podstawowy,3.00,0
8410,spowodować,3.00,0
126,sądzić,3.00,0
2838,zarówno,3.00,0
605,pociąg,3.00,0
4389,poeta,3.00,0
6082,publiczny,3.00,0
9373,muzyczny,3.00,0
8572,dziewięćdziesiąt,3.00,0
9810,miasto,3.00,0
5747,nauczyciel,3.00,0
224,istotny,3.00,0
430,zawodowy,3.00,0
3876,następny,3.00,0
1497,usta,3.00,0
6421,bogactwo,3.00,0
9196,poznać,3.00,0
7125,oddział,3.00,0
15,wojna,3.00,0
3100,program,3.00,0
7210,zabawka,3.00,0
5103,Unia Europejska,3.00,0
5144,o,3.00,0
4992,działać,3.00,0
5597,pojęcie,3.00,0
9218,czynić,3.00,0
626,wolność,3.00,0
1755,zgromadzenie,3.00,0
2018,jaki,3.00,0
3421,przestrzeń,3.00,0
8581,polityk,3.00,0
5736,piątek,3.00,0
2596,sowa,3.00,0
9716,te,3.00,0
8200,stacja,3.00,0
6470,nieprzyjemny,3.00,0
1674,opłata,3.00,0
1985,niebezpieczeństwo,3.00,0
5139,w kształcie,3.00,0
6192,dokument,3.00,0
3101,łączyć,3.00,0
3843,część,3.00,0
7440,wielkość,3.00,0
7148,flaga,3.00,0
8213,własny,3.00,0
5402,dach,3.00,0
3089,pokazywać,3.00,0
2244,zamek,3.00,0
4465,bilet,3.00,0
9641,oddawać,3.00,0
7038,odzież,3.00,0
7681,dostęp,3.00,0
6965,głupota,3.00,0
4882,pałac,3.00,0
5444,pływać,3.00,0
4495,na,3.00,0
4823,rzymski,3.00,0
4579,ono,3.00,0
5746,mówić,3.00,0
9556,fabryka,3.00,0
8341,śmierć,3.00,0
4834,ku,3.00,0
6209,bycie,3.00,0
3433,przyrząd,3.00,0
1348,policzek,3.00,0
7474,miejsce,3.00,0
7177,amerykański,3.00,0
3493,chrześcijaństwo,3.00,0
8090,czytać,3.00,0
773,zimny,3.00,0
106,ciepło,3.00,0
7023,pieniądz,3.00,0
5380,pewien,3.00,0
1597,późno,3.00,0
1315,tłumaczyć,3.00,0
7109,dar,3.00,0
1082,złożyć,3.00,0
9522,prosty,3.00,0
2508,bieda,3.00,0
2080,pokój,3.00,0
1769,stały,3.00,0
7763,znaleźć,3.00,0
9277,specjalny,3.00,0
9071,związek,3.00,0
7416,środkowy,3.00,0
9318,jasny,3.00,0
8225,wysłać,3.00,0
6078,sok,3.00,0
8046,pustynia,3.00,0
4488,wzrost,3.00,0
8283,sen,3.00,0
5776,obcy,3.00,0
7063,jakiś,3.00,0
2139,jechać,3.00,0
3279,pieniądze,3.00,0
932,gleba,3.00,0
7627,kształt,3.00,0
7572,strefa,3.00,0
9038,model,3.00,0
8311,1000,3.00,0
1000,zakon,3.00,0
4572,dusza,3.00,0
4396,odpowiedni,3.00,0
4364,utwór,3.00,0
5262,słodki,3.00,0
3675,zanim,3.00,0
2282,chmura,3.00,0
9794,powiat,3.00,0
9624,składać się,3.00,0
3485,oni,3.00,0
942,wprowadzać,3.00,0
7197,ich,3.00,0
1062,ciemność,3.00,0
1815,zakład,3.00,0
6817,pieniądze,3.00,0
1940,trzeba,3.00,0
2708,naprawdę,3.00,0
1387,cecha,3.00,0
203,nastrój,3.00,0
1649,narkotyk,3.00,0
1656,fragment,3.00,0
4469,obok,3.00,0
2060,ukraiński,3.00,0
7183,lub,3.00,0
1546,działanie,3.00,0
8542,spać,3.00,0
9315,wina,3.00,0
4326,jabłko,3.00,0
504,liczny,3.00,0
8358,studiować,3.00,0
1378,rodowity,3.00,0
9032,mysz,3.00,0
4840,sowa,3.00,0
2701,szybki,3.00,0
5448,średniowieczny,3.00,0
668,zapomnieć,3.00,0
8540,metalowy,3.00,0
8048,urodzenie,3.00,0
3713,kuchnia,3.00,0
4186,dziura,3.00,0
2424,bydło,3.00,0
3468,procent,3.00,0
1112,tylko,3.00,0
6774,ptak,3.00,0
4373,stół,3.00,0
4258,religia,3.00,0
750,tablica,3.00,0
2662,mieszkanie,3.00,0
5731,wątpliwość,3.00,0
9020,ciąża,3.00,0
3706,zbierać,3.00,0
8758,tak,3.00,0
5061,funkcja,3.00,0
3339,łąka,3.00,0
6982,akcja,3.00,0
4891,Niemiec,3.00,0
4512,one,3.00,0
5754,szary,3.00,0
7531,ozdoba,3.00,0
7631,okno,3.00,0
7137,wyrok,3.00,0
3820,kolejowy,3.00,0
5683,piętnaście,3.00,0
737,okręt,3.00,0
9176,wina,3.00,0
3869,zwierzę,3.00,0
5922,rozumieć,3.00,0
428,bar,3.00,0
2667,przynosić,3.00,0
6646,obiekt,3.00,0
3721,posługiwać się,3.00,0
4919,sylaba,3.00,0
340,samiec,3.00,0
118,przestać,3.00,0
1491,zewnętrzny,3.00,0
4505,kot,3.00,0
3733,substancja,3.00,0
4989,sąsiad,3.00,0
6613,dobry,3.00,0
8238,surowy,3.00,0
9155,łatwy,3.00,0
2499,trudny,3.00,0
5499,płyn,3.00,0
1982,podawać,3.00,0
9919,wciąż,3.00,0
4980,dziadek,3.00,0
4922,działalność,3.00,0
4635,rozpocząć,3.00,0
939,alkohol,3.00,0
6591,całkowicie,3.00,0
5513,no,3.00,0
7991,dostęp,3.00,0
9305,dziewięć,3.00,0
6219,iść,3.00,0
5480,kanał,3.00,0
6452,częściowo,3.00,0
3034,wojenny,3.00,0
6513,utrzymywać,3.00,0
7685,pomiędzy,3.00,0
8562,wola,3.00,0
2147,rozpocząć,3.00,0
9407,świeży,3.00,0
8795,umożliwiać,3.00,0
3102,więc,3.00,0
9040,wypowiedź,3.00,0
3617,przybyć,3.00,0
2016,natura,3.00,0
2865,dziewczynka,3.00,0
3354,samochód,3.00,0
3074,majątek,3.00,0
7656,medycyna,3.00,0
5906,żeby,3.00,0
5646,próba,3.00,0
7514,marka,3.00,0
3949,90,3.00,0
7106,przyjęcie,3.00,0
7676,uprawiać,3.00,0
6174,most,3.00,0
1197,działanie,3.00,0
7099,nauczyciel,3.00,0
8930,dwadzieścia,3.00,0
9174,gdyby,3.00,0
9453,wykonywać,3.00,0
4397,rozumieć,3.00,0
6626,wóz,3.00,0
7157,razem,3.00,0
4672,pełny,3.00,0
8849,figura,3.00,0
5841,kłaść,3.00,0
1380,doświadczenie,3.00,0
3482,ten sam,3.00,0
3747,cienki,3.00,0
4067,określenie,3.00,0
5474,wyglądać,3.00,0
5224,układ,3.00,0
1476,butelka,3.00,0
375,kilka,3.00,0
4483,moment,3.00,0
1529,wykonywanie,3.00,0
2321,plaża,3.00,0
3410,wokół,3.00,0
5955,zakończenie,3.00,0
9473,żołnierz,3.00,0
7139,użyć,3.00,0
3609,klimat,3.00,0
397,zachowywać się,3.00,0
8859,pani,3.00,0
6244,jak,3.00,0
982,błąd,3.00,0
5729,centrum,3.00,0
2451,Szwecja,3.00,0
1727,blisko,3.00,0
4360,statek,3.00,0
5907,skutek,3.00,0
401,obowiązywać,3.00,0
2893,czynność,3.00,0
354,dawny,3.00,0
2622,wysiłek,3.00,0
8030,północny,3.00,0
7910,w wyniku,3.00,0
5696,koncert,3.00,0
2056,odkryć,3.00,0
7506,pieniądz,3.00,0
6776,dzielić,3.00,0
4599,płeć,3.00,0
9893,kaczka,3.00,0
3681,okoliczność,3.00,0
6660,nauczyciel,3.00,0
3647,natychmiast,3.00,0
9310,szkoła,3.00,0
3762,dziewiąty,3.00,0
6701,kłaść,3.00,0
7510,para,3.00,0
8142,kilometr,3.00,0
6854,przebywać,3.00,0
3412,źle,3.00,0
7659,wierzyć,3.00,0
5868,pieśń,3.00,0
9606,dzisiaj,3.00,0
6508,muzyk,3.00,0
9192,hasło,3.00,0
4171,siostra,3.00,0
5739,tutaj,3.00,0
215,jej,3.00,0
2980,strata,3.00,0
6812,spokój,3.00,0
6523,korzyść,3.00,0
6084,nadawać,3.00,0
5168,o,3.00,0
1439,postawić,3.00,0
4435,oglądać,3.00,0
5390,traktować,3.00,0
4308,dzisiaj,3.00,0
9352,treść,3.00,0
5982,potrzebny,3.00,0
5383,pismo,3.00,0
6276,czterdzieści,3.00,0
402,dział,3.00,0
4233,sześćdziesiąt,3.00,0
2868,trudny,3.00,0
377,płyta,3.00,0
2104,bezpieczeństwo,3.00,0
6933,dziki,3.00,0
9166,-,3.00,0
9067,nóż,3.00,0
3031,strefa,3.00,0
9831,zainteresowanie,3.00,0
4178,siebie,3.00,0
7258,istota,3.00,0
4372,zakończenie,3.00,0
6992,używać,3.00,0
454,szary,3.00,0
2234,lewy,3.00,0
6377,węgiel,3.00,0
2459,wisieć,3.00,0
100,ogół,3.00,0
7913,cierpienie,3.00,0
5559,dobro,3.00,0
7670,listopad,3.00,0
5333,port,3.00,0
4932,Szwajcaria,3.00,0
5039,stary,3.00,0
6635,pomiędzy,3.00,0
2914,dziś,3.00,0
1068,pół,3.00,0
4047,muzyka,3.00,0
6361,list,3.00,0
3342,wracać,3.00,0
7562,cel,3.00,0
8233,jezioro,3.00,0
9406,na,3.00,0
9558,dla,3.00,0
8499,plecy,3.00,0
3658,moralny,3.00,0
199,szczególny,3.00,0
6227,pole,3.00,0
3740,po,3.00,0
3030,wykonać,3.00,0
2022,brzuch,3.00,0
2727,dziewczyna,3.00,0
7006,siedemdziesiąt,3.00,0
6459,dobry,3.00,0
5095,choroba,3.00,0
8571,kąt,3.00,0
2474,marka,3.00,0
797,doskonały,3.00,0
6832,jeździć,3.00,0
3590,pozostawać,3.00,0
5147,biedny,3.00,0
6395,intensywny,3.00,0
2106,tydzień,3.00,0
5852,cisza,3.00,0
2848,przy,3.00,0
6763,ćwiczenie,3.00,0
4436,dłoń,3.00,0
6985,wieża,3.00,0
6409,czeski,3.00,0
8756,następować,3.00,0
7517,8,3.00,0
5348,50,3.00,0
3091,wspomnienie,3.00,0
1253,angielski,3.00,0
9019,twój,3.00,0
7422,dźwięk,3.00,0
3114,wieś,3.00,0
4506,okropny,3.00,0
955,moc,3.00,0
8211,gdzieś,3.00,0
7097,pokryć,3.00,0
814,zysk,3.00,0
9936,właściciel,3.00,0
6001,istnieć,3.00,0
3013,spać,3.00,0
7291,gorączka,3.00,0
2562,powierzchnia,3.00,0
5889,cebula,3.00,0
6298,dzieło,3.00,0
6559,zima,3.00,0
3125,konflikt,3.00,0
1131,skład,3.00,0
3273,oddech,3.00,0
560,m.in.,3.00,0
4204,bogini,3.00,0
9109,okres,3.00,0
4713,cały,3.00,0
306,chyba,3.00,0
9844,próbować,3.00,0
7635,diabeł,3.00,0
7663,wioska,3.00,0
6286,kapelusz,3.00,0
9589,radio,3.00,0
6947,dużo,3.00,0
7892,pić,3.00,0
950,telewizyjny,3.00,0
5249,marzec,3.00,0
3207,medycyna,3.00,0
9314,prawy,3.00,0
7043,wygrać,3.00,0
7811,sport,3.00,0
5238,trudno,3.00,0
2044,gruby,3.00,0
6363,Austria,3.00,0
4921,mrówka,3.00,0
4747,policzek,3.00,0
7282,wyjść,3.00,0
3290,spadek,3.00,0
4710,osobisty,3.00,0
6403,osiemdziesiąt,3.00,0
7781,ciasto,3.00,0
7820,zabawa,3.00,0
9682,kiedyś,3.00,0
8428,przyrząd,3.00,0
9908,mięsień,3.00,0
3683,umożliwiać,3.00,0
280,mały,3.00,0
7037,uderzenie,3.00,0
1933,pierwiastek chemiczny,3.00,0
6829,stosunek,3.00,0
7987,składać się,3.00,0
7853,mama,3.00,0
3490,obrona,3.00,0
7522,nazwa,3.00,0
3098,rzucać,3.00,0
1637,niewielki,3.00,0
163,zamiast,3.00,0
3243,następować,3.00,0
5406,gość,3.00,0
400,taniec,3.00,0
1560,miejsce,3.00,0
2491,założyć,3.00,0
9330,budować,3.00,0
9034,Polak,3.00,0
3189,karta,3.00,0
3806,lotniczy,3.00,0
9483,centralny,3.00,0
10000,wąski,3.00,0
2984,związać,3.00,0
7980,osioł,3.00,0
3407,teatr,3.00,0
2709,świadczyć,3.00,0
4756,gołąb,3.00,0
9293,wewnętrzny,3.00,0
8091,strona,3.00,0
7062,kraj,3.00,0
3935,internetowy,3.00,0
9995,kobieta,3.00,0
5397,trudność,3.00,0
2516,bezpieczeństwo,3.00,0
8796,ocean,3.00,0
9805,zmęczony,3.00,0
9880,warzywo,3.00,0
6606,polegać,3.00,0
2291,pomarańcza,3.00,0
4336,zostać,3.00,0
3093,zdjęcie,3.00,0
7758,długo,3.00,0
7259,kierować,3.00,0
3241,dzisiejszy,3.00,0
4548,między,3.00,0
9992,klient,3.00,0
5414,kalendarz,3.00,0
1129,zachód,3.00,0
3373,samochodowy,3.00,0
3325,radio,3.00,0
2202,muzyk,3.00,0
940,substancja,3.00,0
3955,spokój,3.00,0
3259,wzrost,3.00,0
8149,2,3.00,0
7039,osiągnąć,3.00,0
9359,polityk,3.00,0
1981,dopiero,3.00,0
2770,społeczeństwo,3.00,0
4791,czasownik,3.00,0
7975,brać,3.00,0
1485,gotowy,3.00,0
8014,obcy,3.00,0
2420,plac,3.00,0
7005,naukowiec,3.00,0
9734,znany,3.00,0
3593,swój,3.00,0
7851,herb,3.00,0
6986,bydło,3.00,0
3815,dalej,3.00,0
1045,ruch,3.00,0
4499,cel,3.00,0
9686,latać,3.00,0
7098,ono,3.00,0
9402,wywoływać,3.00,0
1320,określony,3.00,0
4245,chodzić,3.00,0
2912,zadanie,3.00,0
5190,moc,3.00,0
1604,osiągnąć,3.00,0
3868,przez,3.00,0
489,służyć,3.00,0
8937,ryż,3.00,0
7947,dzień,3.00,0
9622,przedstawiciel,3.00,0
8649,w formie,3.00,0
3519,pogoda,3.00,0
8370,organ,3.00,0
4945,kieszeń,3.00,0
2392,węgiel,3.00,0
5367,kurs,3.00,0
3825,połowa,3.00,0
3078,wyłącznie,3.00,0
251,pomarańcza,3.00,0
2014,trwać,3.00,0
670,przecież,3.00,0
8451,Piotr,3.00,0
7114,Azja,3.00,0
6952,sądowy,3.00,0
4704,syn,3.00,0
8172,powierzchnia,3.00,0
7709,ksiądz,3.00,0
621,stado,3.00,0
3732,odcień,3.00,0
8731,wódka,3.00,0
7368,istnieć,3.00,0
867,jego,3.00,0
175,wzrok,3.00,0
7961,wszystkie,3.00,0
5593,uzyskać,3.00,0
3966,rola,3.00,0
4859,alkohol,3.00,0
1964,nauczycielka,3.00,0
71,kłopot,3.00,0
7714,wrzesień,3.00,0
6382,minuskuła,3.00,0
1776,piątek,3.00,0
2600,oba,3.00,0
3632,jako,3.00,0
5516,aby,3.00,0
8810,przeznaczyć,3.00,0
774,wyjście,3.00,0
5035,profesor,3.00,0
2890,kilka,3.00,0
1992,płakać,3.00,0
1166,lecz,3.00,0
6709,postępować,3.00,0
7220,roślina,3.00,0
2421,październik,3.00,0
913,tracić,3.00,0
6956,oba,3.00,0
8254,mieszkać,3.00,0
6979,matematyka,3.00,0
9980,zewnętrzny,3.00,0
671,lek,3.00,0
1443,liczba,3.00,0
8282,pojechać,3.00,0
3767,mgła,3.00,0
7785,bardzo,3.00,0
6741,składnik,3.00,0
9204,gmina,3.00,0
3026,dziura,3.00,0
4299,odmiana,3.00,0
8706,chemiczny,3.00,0
2689,otoczenie,3.00,0
2209,on,3.00,0
8879,napisać,3.00,0
2644,Kraków,3.00,0
8760,w.,3.00,0
4278,razem,3.00,0
6383,odzież,3.00,0
75,na zewnątrz,3.00,0
2309,chociaż,3.00,0
3204,rzeczywistość,3.00,0
3095,typ,3.00,0
6326,przedmiot,3.00,0
8635,-,3.00,0
563,hotel,3.00,0
8486,typ,3.00,0
4583,kuchnia,3.00,0
5969,stawiać,3.00,0
2036,miłość,3.00,0
8739,policja,3.00,0
7798,zabawka,3.00,0
6533,wojsko,3.00,0
4003,otwierać,3.00,0
5730,wodny,3.00,0
628,północny,3.00,0
2951,turecki,3.00,0
6987,kawałek,3.00,0
4107,Azja,3.00,0
1728,dość,3.00,0
6840,rzeczownik,3.00,0
5519,szkolny,3.00,0
2856,policja,3.00,0
6959,Białoruś,3.00,0
4409,umieścić,3.00,0
6278,górski,3.00,0
9809,ziemski,3.00,0
9480,numer,3.00,0
386,pióro,3.00,0
4479,bać się,3.00,0
6540,gołąb,3.00,0
1027,przeciwny,3.00,0
3242,państwowy,3.00,0
1406,warunek,3.00,0
8228,oddział,3.00,0
5647,kończyć,3.00,0
648,pijany,3.00,0
6887,dany,3.00,0
9720,znajdować się,3.00,0
1577,człowiek,3.00,0
6851,trzy,3.00,0
799,parlament,3.00,0
4081,fala,3.00,0
4216,artysta,3.00,0
6960,przynieść,3.00,0
9289,brudny,3.00,0
9563,chrześcijaństwo,3.00,0
9529,odczuwać,3.00,0
6489,odczuwać,3.00,0
3458,wierny,3.00,0
6706,całkowicie,3.00,0
5883,przeprowadzać,3.00,0
1850,cienki,3.00,0
7151,obserwować,3.00,0
3235,sos,3.00,0
9513,blisko,3.00,0
2528,bogaty,3.00,0
2505,szklanka,3.00,0
3134,obrót,3.00,0
1167,prezydent,3.00,0
1054,egzamin,3.00,0
3009,iść,3.00,0
6438,jezioro,3.00,0
8698,butelka,3.00,0
5268,godność,3.00,0
2391,dzięki,3.00,0
2235,urzędnik,3.00,0
4962,uznawać,3.00,0
1423,słyszeć,3.00,0
4578,szczególny,3.00,0
5715,ósmy,3.00,0
2765,bogaty,3.00,0
9706,USA,3.00,0
7541,motyl,3.00,0
1261,zajęcie,3.00,0
6145,własny,3.00,0
5613,należy,3.00,0
8252,wrażenie,3.00,0
9240,dzisiaj,3.00,0
6448,potrzebny,3.00,0
6686,podobny,3.00,0
9328,wiosna,3.00,0
379,maszyna,3.00,0
6047,ci,3.00,0
6943,otwierać,3.00,0
949,pragnąć,3.00,0
2318,zasada,3.00,0
7847,niechęć,3.00,0
2487,wyrok,3.00,0
6057,szklanka,3.00,0
9439,kuchnia,3.00,0
6138,jesień,3.00,0
4738,towar,3.00,0
6574,oba,3.00,0
6820,metr,3.00,0
2947,projekt,3.00,0
2454,gniazdo,3.00,0
154,patrzeć,3.00,0
9925,teraz,3.00,0
2931,zazwyczaj,3.00,0
2643,talerz,3.00,0
443,odpowiedni,3.00,0
9833,lekki,3.00,0
5633,historia,3.00,0
8107,koncert,3.00,0
238,chęć,3.00,0
4588,władza,3.00,0
4261,powieść,3.00,0
7571,restauracja,3.00,0
4996,morski,3.00,0
959,podczas,3.00,0
5063,nastrój,3.00,0
1282,mięso,3.00,0
8614,wysiłek,3.00,0
2081,wyjść,3.00,0
5568,kolejny,3.00,0
7096,ogólny,3.00,0
476,film,3.00,0
8120,pałac,3.00,0
7799,podawać,3.00,0
762,nie,3.00,0
4875,klient,3.00,0
9847,zanim,3.00,0
1983,należeć,3.00,0
8878,samochodowy,3.00,0
1934,zawsze,3.00,0
3887,sprawiać,3.00,0
4501,jednostka,3.00,0
5610,córka,3.00,0
44,lata,3.00,0
7280,większy,3.00,0
7308,nagle,3.00,0
6080,otoczenie,3.00,0
8774,obowiązek,3.00,0
556,św.,3.00,0
4630,również,3.00,0
6147,liczba,3.00,0
7049,dom,3.00,0
7716,umieć,3.00,0
8903,bóg,3.00,0
6275,produkować,3.00,0
7463,więzienie,3.00,0
3462,nie,3.00,0
2105,Włochy,3.00,0
8816,bar,3.00,0
4077,nauczyciel,3.00,0
8278,substancja,3.00,0
255,posiłek,3.00,0
2750,zamiar,3.00,0
7755,chrześcijański,3.00,0
8866,ulica,3.00,0
8815,że,3.00,0
338,Kościół,3.00,0
3308,żaden,3.00,0
9275,większość,3.00,0
4268,kij,3.00,0
6768,kamień,3.00,0
7353,zgodny,3.00,0
2548,owca,3.00,0
1480,daleki,3.00,0
7553,pomiędzy,3.00,0
5300,szczęśliwy,3.00,0
8261,czynność,3.00,0
8365,znów,3.00,0
4170,wyraz,3.00,0
9553,kontakt,3.00,0
4681,ich,3.00,0
3930,oddział,3.00,0
3760,jakby,3.00,0
2715,plama,3.00,0
9065,rzeczownik,3.00,0
7375,kupować,3.00,0
6685,kosztować,3.00,0
2741,pełen,3.00,0
6250,przedstawienie,3.00,0
274,np.,3.00,0
3379,prostytutka,3.00,0
1395,wyraz,3.00,0
1393,obywatel,3.00,0
672,bez,3.00,0
5637,ziemski,3.00,0
2839,gęś,3.00,0
8586,jezioro,3.00,0
8069,radio,3.00,0
7527,należy,3.00,0
6601,film,3.00,0
3081,piąty,3.00,0
3544,sąd,3.00,0
3132,po prostu,3.00,0
3648,chwila,3.00,0
2184,bez,3.00,0
5282,pochodzić,3.00,0
6627,istnieć,3.00,0
9550,gdyby,3.00,0
1441,lina,3.00,0
1233,budować,3.00,0
5442,bardzo,3.00,0
5082,ćwiczenie,3.00,0
4292,narkotyk,3.00,0
4106,wieczorem,3.00,0
5797,uciekać,3.00,0
3961,pierwszy,3.00,0
7413,płaszcz,3.00,0
9168,wojskowy,3.00,0
127,produkcja,3.00,0
2780,narząd,3.00,0
8712,poza,3.00,0
5663,łaciński,3.00,0
2744,ciecz,3.00,0
776,oni,3.00,0
6497,pracownik,3.00,0
6971,słońce,3.00,0
5121,siedem,3.00,0
4627,metoda,3.00,0
3822,prawo,3.00,0
9631,pan,3.00,0
8363,kuchnia,3.00,0
260,wolny,3.00,0
367,dzielić,3.00,0
2274,obwód,3.00,0
9839,ocena,3.00,0
9724,historia,3.00,0
995,założyć,3.00,0
4096,łaciński,3.00,0
9274,zostać,3.00,0
7250,żeński,3.00,0
5737,sprawiać,3.00,0
4274,śmierć,3.00,0
9512,instytucja,3.00,0
6558,komputerowy,3.00,0
5536,dane,3.00,0
87,pora,3.00,0
9965,odbywać się,3.00,0
3895,powstanie,3.00,0
8477,suchy,3.00,0
1482,wkrótce,3.00,0
8755,uczyć,3.00,0
2771,wcześnie,3.00,0
7376,seksualny,3.00,0
4833,klient,3.00,0
2816,badanie,3.00,0
7110,adres,3.00,0
7875,kilka,3.00,0
441,stworzyć,3.00,0
7187,zbudować,3.00,0
7296,jedenaście,3.00,0
624,użycie,3.00,0
263,chodzić,3.00,0
3220,skała,3.00,0
9934,pismo,3.00,0
4584,przeciwnik,3.00,0
4950,matka,3.00,0
4440,Indie,3.00,0
501,amharski,3.00,0
403,społeczeństwo,3.00,0
3393,obecnie,3.00,0
2699,przychodzić,3.00,0
6406,przyjąć,3.00,0
7112,prawo,3.00,0
6370,zadanie,3.00,0
6803,otwarty,3.00,0
414,organizacja,3.00,0
9042,mama,3.00,0
4199,kochać,3.00,0
6593,róża,3.00,0
3029,biblioteka,3.00,0
8994,zając,3.00,0
5726,czekać,3.00,0
411,żaba,3.00,0
9248,prezydent,3.00,0
7408,pojemnik,3.00,0
3514,egzamin,3.00,0
3714,oficjalny,3.00,0
1240,radiowy,3.00,0
603,pełnić,3.00,0
734,śmiać się,3.00,0
8565,poza,3.00,0
5971,spodnie,3.00,0
2053,port,3.00,0
9719,metal,3.00,0
2412,owad,3.00,0
1264,pochodzenie,3.00,0
2119,suchy,3.00,0
305,niech,3.00,0
3387,możliwość,3.00,0
6235,by,3.00,0
3708,do,3.00,0
1583,spór,3.00,0
7826,plan,3.00,0
1580,dobrze,3.00,0
4755,wziąć,3.00,0
5863,brzydki,3.00,0
7379,marka,3.00,0
1454,problem,3.00,0
4631,wybuch,3.00,0
4225,centralny,3.00,0
4457,przepis,3.00,0
4973,nadzieja,3.00,0
4490,oraz,3.00,0
1946,warunek,3.00,0
9972,nasiono,3.00,0
3065,wybierać,3.00,0
7545,świeca,3.00,0
5542,szanowny,3.00,0
8768,zdjęcie,3.00,0
7065,kot,3.00,0
2486,zwłaszcza,2.00,0
8595,tor,2.00,0
8996,dokładny,2.00,0
124,zatrzymać,2.00,0
6732,wykonać,2.00,0
5374,zwolennik,2.00,0
2618,temperatura,2.00,0
3510,prezent,2.00,0
1846,profesor,2.00,0
7952,zwyczaj,2.00,0
5006,lotnisko,2.00,0
9528,urodziny,2.00,0
4241,ono,2.00,0
9875,pewny,2.00,0
9070,wybory,2.00,0
8791,poziom,2.00,0
6155,siódmy,2.00,0
4513,rok,2.00,0
3439,domowy,2.00,0
1102,specjalny,2.00,0
5127,profesor,2.00,0
6322,szanowny,2.00,0
3564,rok,2.00,0
2674,milion,2.00,0
8035,tańczyć,2.00,0
1835,okazja,2.00,0
3631,pomarańczowy,2.00,0
839,waga,2.00,0
9376,w czasie,2.00,0
8236,pokryć,2.00,0
9361,policjant,2.00,0
488,po,2.00,0
4392,uczyć się,2.00,0
9063,dar,2.00,0
9628,plecy,2.00,0
107,wzrost,2.00,0
6345,gleba,2.00,0
9849,średniowieczny,2.00,0
4535,pokazywać,2.00,0
4721,część,2.00,0
6679,wieczorem,2.00,0
67,odmiana,2.00,0
356,ogon,2.00,0
2657,lew,2.00,0
312,wojenny,2.00,0
6514,uczyć,2.00,0
5654,sprzęt,2.00,0
5666,zacząć,2.00,0
5970,głos,2.00,0
9592,styl,2.00,0
1326,twarz,2.00,0
3988,wzór,2.00,0
4025,piąty,2.00,0
9465,biskup,2.00,0
1133,doskonały,2.00,0
7613,córka,2.00,0
665,rodzina,2.00,0
3513,pod,2.00,0
6128,wyrażenie,2.00,0
8620,zjawisko,2.00,0
1517,Turcja,2.00,0
825,zaburzenie,2.00,0
731,trudny,2.00,0
7059,3,2.00,0
9715,jak,2.00,0
4418,gałąź,2.00,0
4643,treść,2.00,0
1486,jeśli,2.00,0
1528,srebrny,2.00,0
9537,około,2.00,0
8025,sądzić,2.00,0
8277,sen,2.00,0
6805,upadek,2.00,0
4315,szkodliwy,2.00,0
7140,orzeł,2.00,0
6767,potem,2.00,0
4432,jeszcze,2.00,0
5065,Japonia,2.00,0
2502,myśleć,2.00,0
493,ziemia,2.00,0
9993,los,2.00,0
7153,pytanie,2.00,0
4144,postępowanie,2.00,0
4256,krzew,2.00,0
1014,twarz,2.00,0
5772,wszystek,2.00,0
1361,deska,2.00,0
9058,Pan,2.00,0
1271,jak,2.00,0
4569,pełny,2.00,0
7351,postawić,2.00,0
8059,drobny,2.00,0
972,pochodzić,2.00,0
38,słowo,2.00,0
8054,osiemdziesiąt,2.00,0
604,sąd,2.00,0
7974,zamiar,2.00,0
562,ściana,2.00,0
2279,mebel,2.00,0
5359,po,2.00,0
5393,ostry,2.00,0
565,ja,2.00,0
7643,ciepło,2.00,0
5541,znaczyć,2.00,0
8015,chrześcijański,2.00,0
7855,minuskuła,2.00,0
7188,starożytny,2.00,0
2154,robota,2.00,0
3271,gwiazdozbiór,2.00,0
4661,często,2.00,0
7198,chemiczny,2.00,0
7132,teren,2.00,0
782,dzisiejszy,2.00,0
1061,japoński,2.00,0
9413,przejaw,2.00,0
9888,zdrowie,2.00,0
4987,pająk,2.00,0
5742,nazywać,2.00,0
346,w celu,2.00,0
5443,ziemia,2.00,0
5855,oraz,2.00,0
6141,ucho,2.00,0
9392,zeszły,2.00,0
6091,sukces,2.00,0
9170,rola,2.00,0
3070,chrześcijaństwo,2.00,0
9445,Rumunia,2.00,0
3951,grać,2.00,0
6112,za pomocą,2.00,0
6086,uzyskać,2.00,0
5558,jednostka,2.00,0
4449,piosenka,2.00,0
7013,uderzenie,2.00,0
3174,wspomnienie,2.00,0
7829,krzyż,2.00,0
5182,prasa,2.00,0
5629,wystawa,2.00,0
9131,gniazdo,2.00,0
1897,lecieć,2.00,0
3435,duński,2.00,0
1376,wzgórze,2.00,0
5983,dokument,2.00,0
7644,ćwiczenie,2.00,0
7047,metr,2.00,0
4598,wspomnienie,2.00,0
5389,tu,2.00,0
8918,kolejny,2.00,0
6819,idea,2.00,0
3061,zamiar,2.00,0
2897,warunek,2.00,0
5301,wąż,2.00,0
1758,Rzym,2.00,0
7746,podstawowy,2.00,0
1457,nazwisko,2.00,0
1161,brat,2.00,0
1012,węgiel,2.00,0
5681,pragnienie,2.00,0
4794,wróg,2.00,0
2011,z powodu,2.00,0
9973,mleko,2.00,0
3948,pojedynczy,2.00,0
6190,Afganistan,2.00,0
1258,styl,2.00,0
6937,ślub,2.00,0
3757,wymagać,2.00,0
8416,sklep,2.00,0
4638,egzamin,2.00,0
652,narodowy,2.00,0
4128,dać się,2.00,0
1422,ciemność,2.00,0
8456,kamień,2.00,0
6973,europejski,2.00,0
8857,Jezus,2.00,0
9565,sobą,2.00,0
6517,polityk,2.00,0
6394,wybierać,2.00,0
6945,park,2.00,0
7301,strumień,2.00,0
9486,nadzieja,2.00,0
9257,miód,2.00,0
7260,delikatny,2.00,0
3218,południe,2.00,0
9750,kartka,2.00,0
2992,sos,2.00,0
7348,ze,2.00,0
6988,smak,2.00,0
7174,środkowy,2.00,0
9261,grób,2.00,0
8913,ozdobny,2.00,0
7281,poziom,2.00,0
3217,odbywać się,2.00,0
8292,dźwięk,2.00,0
5993,filmowy,2.00,0
1606,Rosja,2.00,0
4002,klimat,2.00,0
66,6,2.00,0
3478,policja,2.00,0
2870,szybki,2.00,0
4126,piętnaście,2.00,0
8631,łuk,2.00,0
4304,zero,2.00,0
7287,Chiny,2.00,0
2723,bogactwo,2.00,0
6941,żywność,2.00,0
8835,wiek,2.00,0
3139,fragment,2.00,0
7449,Białoruś,2.00,0
9501,nic,2.00,0
599,fizyczny,2.00,0
6951,itp.,2.00,0
7009,gorący,2.00,0
8929,przyjemny,2.00,0
96,kanał,2.00,0
6346,słoń,2.00,0
6283,urodzić się,2.00,0
9096,bóg,2.00,0
7034,określony,2.00,0
7880,sprzedawać,2.00,0
1954,sobie,2.00,0
7682,jeździć,2.00,0
3116,temat,2.00,0
7708,miejsce,2.00,0
533,cesarz,2.00,0
2283,poczta,2.00,0
6589,rzadko,2.00,0
9848,córka,2.00,0
1802,obcy,2.00,0
1790,przecież,2.00,0
5212,łagodny,2.00,0
6121,nasiono,2.00,0
1646,dziób,2.00,0
4760,atmosfera,2.00,0
6215,składnik,2.00,0
2332,lot,2.00,0
6436,ocean,2.00,0
7119,proces,2.00,0
3589,nasienie,2.00,0
806,noga,2.00,0
8644,zakres,2.00,0
34,telewizyjny,2.00,0
310,szeroki,2.00,0
37,błoto,2.00,0
1916,pierś,2.00,0
9886,ojczyzna,2.00,0
8286,ciemność,2.00,0
1352,rano,2.00,0
2594,rynek,2.00,0
9632,śniadanie,2.00,0
4913,włożyć,2.00,0
1904,4,2.00,0
7691,jakość,2.00,0
6266,od,2.00,0
5601,założyć,2.00,0
3405,region,2.00,0
9668,grudzień,2.00,0
6594,broń,2.00,0
6792,polować,2.00,0
5767,ojciec,2.00,0
3215,już,2.00,0
2892,naczynie,2.00,0
6424,artykuł,2.00,0
2542,katastrofa,2.00,0
5078,planeta,2.00,0
2577,stracić,2.00,0
3236,kaczka,2.00,0
8009,historia,2.00,0
518,gniew,2.00,0
5833,czuć,2.00,0
2691,ogół,2.00,0
5738,los,2.00,0
6722,publiczny,2.00,0
5410,kwestia,2.00,0
5149,myśl,2.00,0
6299,koszula,2.00,0
2007,jutro,2.00,0
4020,odzież,2.00,0
2323,metr,2.00,0
2536,ustawa,2.00,0
2700,teraz,2.00,0
5757,odległość,2.00,0
166,luty,2.00,0
4405,może,2.00,0
3969,obecny,2.00,0
6786,zakres,2.00,0
8773,przeszłość,2.00,0
9801,małżeństwo,2.00,0
4408,bar,2.00,0
8736,spaść,2.00,0
572,zmienić,2.00,0
9151,połączyć,2.00,0
4185,potrzeba,2.00,0
472,niewielki,2.00,0
5967,hodować,2.00,0
4212,wąski,2.00,0
7450,szczególnie,2.00,0
1309,ciasto,2.00,0
2027,decyzja,2.00,0
6842,brak,2.00,0
6785,drogi,2.00,0
8892,otwierać,2.00,0
5648,róża,2.00,0
1206,plac,2.00,0
9771,taniec,2.00,0
6067,tablica,2.00,0
3899,kuchnia,2.00,0
6555,wziąć,2.00,0
2479,jutro,2.00,0
9343,pierś,2.00,0
7475,temperatura,2.00,0
9209,urodziny,2.00,0
9933,pszczoła,2.00,0
2712,materiał,2.00,0
5514,?,2.00,0
9309,zakładać,2.00,0
4830,umrzeć,2.00,0
5898,smutek,2.00,0
4451,kij,2.00,0
1155,technika,2.00,0
1571,papier,2.00,0
1202,Holandia,2.00,0
4746,uciec,2.00,0
9426,chory,2.00,0
6350,Czechy,2.00,0
7385,głupi,2.00,0
9781,ośrodek,2.00,0
7430,wczesny,2.00,0
6588,członek,2.00,0
78,lekcja,2.00,0
2603,trzymać,2.00,0
1791,pokryć,2.00,0
9223,obraz,2.00,0
907,linia,2.00,0
7230,zwyczaj,2.00,0
8575,policjant,2.00,0
1808,komputerowy,2.00,0
4042,biedny,2.00,0
1335,właściciel,2.00,0
1763,natychmiast,2.00,0
2940,również,2.00,0
7273,narkotyk,2.00,0
4690,silnik,2.00,0
2527,noga,2.00,0
6778,arabski,2.00,0
4450,plaża,2.00,0
8971,wstyd,2.00,0
4181,seksualny,2.00,0
5526,coraz,2.00,0
1703,sędzia,2.00,0
4852,ucho,2.00,0
459,fabryka,2.00,0
3363,literacki,2.00,0
5,kawa,2.00,0
7477,ostatni,2.00,0
9758,pojawiać się,2.00,0
4683,siebie,2.00,0
1417,1,2.00,0
1469,ptak,2.00,0
3159,czynność,2.00,0
2362,długość,2.00,0
8000,nie,2.00,0
1001,pismo,2.00,0
7767,coś,2.00,0
3263,narodowy,2.00,0
6892,mebel,2.00,0
9126,9,2.00,0
6800,rzeczownik,2.00,0
7087,już,2.00,0
1626,kwiat,2.00,0
7576,obecny,2.00,0
4158,opłata,2.00,0
1200,wartość,2.00,0
4517,naj-,2.00,0
7128,sala,2.00,0
324,koszula,2.00,0
259,może,2.00,0
2646,wódka,2.00,0
4504,jeden,2.00,0
7560,dobry,2.00,0
6314,gorączka,2.00,0
8051,podnieść,2.00,0
6050,żelazo,2.00,0
1356,pojawiać się,2.00,0
527,to,2.00,0
4189,zawodowy,2.00,0
8661,talerz,2.00,0
7397,komputer,2.00,0
4250,lekcja,2.00,0
3401,tańczyć,2.00,0
187,Morze Śródziemne,2.00,0
7589,zakończyć,2.00,0
6929,określać,2.00,0
6004,umieszczać,2.00,0
3903,pracować,2.00,0
5611,ten,2.00,0
2688,postępowanie,2.00,0
3430,może,2.00,0
9838,kosz,2.00,0
716,spokojny,2.00,0
5627,cały,2.00,0
8643,ten sam,2.00,0
1165,student,2.00,0
1083,cukier,2.00,0
7101,żart,2.00,0
8704,mistrz,2.00,0
6151,gleba,2.00,0
1718,pochodzić,2.00,0
9669,przypadek,2.00,0
4406,podróż,2.00,0
9036,okropny,2.00,0
4383,dziadek,2.00,0
9421,myśl,2.00,0
2196,róża,2.00,0
3591,studiować,2.00,0
896,przyszły,2.00,0
5565,narodowy,2.00,0
4890,żyć,2.00,0
2614,potrzeba,2.00,0
2514,przykład,2.00,0
9417,międzynarodowy,2.00,0
8663,zniszczyć,2.00,0
7488,komórka,2.00,0
8636,biuro,2.00,0
6642,piłka nożna,2.00,0
9989,gwiazdozbiór,2.00,0
2109,gniew,2.00,0
6506,trzydziesty,2.00,0
8021,zewnętrzny,2.00,0
11,śniadanie,2.00,0
8525,wola,2.00,0
1451,zgadzać się,2.00,0
7696,utrzymywać,2.00,0
739,siedemdziesiąt,2.00,0
7423,udać się,2.00,0
7445,poprzez,2.00,0
5786,sztuka,2.00,0
9460,fakt,2.00,0
5255,uczeń,2.00,0
7516,park,2.00,0
3844,żaba,2.00,0
8744,piwo,2.00,0
741,ciągnąć,2.00,0
417,pałac,2.00,0
9540,plaża,2.00,0
8195,pomiędzy,2.00,0
5621,lotniczy,2.00,0
9554,ofiara,2.00,0
162,dolny,2.00,0
2221,trzydziesty,2.00,0
3464,dzień,2.00,0
9721,wysyłać,2.00,0
9111,błąd,2.00,0
1494,talerz,2.00,0
2694,Izrael,2.00,0
3902,modlitwa,2.00,0
2331,wspólny,2.00,0
7494,suchy,2.00,0
5439,jednocześnie,2.00,0
8482,wybrzeże,2.00,0
2269,ono,2.00,0
7933,chmura,2.00,0
722,trudno,2.00,0
8811,rozwiązanie,2.00,0
5449,sam,2.00,0
3302,osiemdziesiąt,2.00,0
5344,robić,2.00,0
4812,mięsień,2.00,0
6738,Austria,2.00,0
1222,odnosić się,2.00,0
974,ogólny,2.00,0
5024,list,2.00,0
5329,np.,2.00,0
8916,jeszcze,2.00,0
7960,pytać,2.00,0
2705,tytuł,2.00,0
7418,oficjalny,2.00,0
1891,północny,2.00,0
8260,narodowy,2.00,0
299,czekolada,2.00,0
4247,doprowadzić,2.00,0
6070,łyżka,2.00,0
3649,rana,2.00,0
4266,Holandia,2.00,0
254,rząd,2.00,0
1715,w wyniku,2.00,0
5864,sądowy,2.00,0
5059,pojemnik,2.00,0
6636,w ciągu,2.00,0
4297,zgoda,2.00,0
3915,gaz,2.00,0
8175,biec,2.00,0
237,cesarz,2.00,0
8882,30,2.00,0
7481,oddech,2.00,0
6064,podstawa,2.00,0
4689,on,2.00,0
7647,uderzać,2.00,0
2286,przestępstwo,2.00,0
5111,pusty,2.00,0
9507,wydawać,2.00,0
7932,dobry,2.00,0
1566,twardy,2.00,0
2203,diabeł,2.00,0
3871,przeciwko,2.00,0
4662,hiszpański,2.00,0
8079,środowisko,2.00,0
2107,Bóg,2.00,0
2489,dać,2.00,0
988,skutek,2.00,0
8705,zewnętrzny,2.00,0
1745,broń,2.00,0
9135,drzwi,2.00,0
7523,cisza,2.00,0
3411,hodować,2.00,0
200,rada,2.00,0
7383,zainteresowanie,2.00,0
8157,zwłaszcza,2.00,0
9954,wina,2.00,0
1615,wracać,2.00,0
2249,dopływ,2.00,0
5884,religijny,2.00,0
5217,świecić,2.00,0
4401,odpowiadać,2.00,0
4623,instytucja,2.00,0
3375,metalowy,2.00,0
8555,siedem,2.00,0
5023,kolano,2.00,0
6942,istota,2.00,0
2535,w ciągu,2.00,0
3583,wybierać,2.00,0
7796,samolot,2.00,0
2208,reakcja,2.00,0
6161,gołąb,2.00,0
7169,żółty,2.00,0
8747,w czasie,2.00,0
3659,przebywać,2.00,0
3080,ozdoba,2.00,0
7699,kawa,2.00,0
3610,zysk,2.00,0
4537,wciąż,2.00,0
5462,podnieść,2.00,0
4567,tam,2.00,0
7574,artystyczny,2.00,0
3314,ponad,2.00,0
460,konflikt,2.00,0
9024,?,2.00,0
7267,przejść,2.00,0
3256,dokonywać,2.00,0
993,twój,2.00,0
7438,oznaczać,2.00,0
9775,księżyc,2.00,0
2517,prosić,2.00,0
7539,lęk,2.00,0
9955,lekarz,2.00,0
8751,wszyscy,2.00,0
2429,bronić,2.00,0
3309,sportowy,2.00,0
1587,telewizja,2.00,0
9466,bronić,2.00,0
6553,majuskuła,2.00,0
1075,pojęcie,2.00,0
5435,przeciwnik,2.00,0
7946,powolny,2.00,0
8392,kolega,2.00,0
1169,gruby,2.00,0
8955,ozdoba,2.00,0
4088,wyrażenie,2.00,0
22,umieć,2.00,0
7971,wisieć,2.00,0
135,święty,2.00,0
4448,kartka,2.00,0
7732,widok,2.00,0
6885,świątynia,2.00,0
5392,wierny,2.00,0
7058,tradycyjny,2.00,0
7194,możliwość,2.00,0
1759,zewnętrzny,2.00,0
7441,przyjemność,2.00,0
1773,Holandia,2.00,0
2350,opisać,2.00,0
9811,natura,2.00,0
2607,ryba,2.00,0
8003,gniazdo,2.00,0
7590,potrzebny,2.00,0
4757,dziecko,2.00,0
3324,r.,2.00,0
7092,użycie,2.00,0
3850,prędkość,2.00,0
9398,on,2.00,0
4022,odnosić się,2.00,0
4167,energia,2.00,0
5491,siedem,2.00,0
7926,pan,2.00,0
6028,światło,2.00,0
1215,figura,2.00,0
8004,wynosić,2.00,0
5527,pusty,2.00,0
8346,pasek,2.00,0
8608,80,2.00,0
8718,wnętrze,2.00,0
8235,narząd,2.00,0
7405,analiza,2.00,0
3355,pojęcie,2.00,0
5809,niektóry,2.00,0
2268,wyłącznie,2.00,0
4676,minister,2.00,0
8209,liść,2.00,0
7015,zgodny,2.00,0
8677,hiszpański,2.00,0
1643,armia,2.00,0
7866,cierpienie,2.00,0
1029,jeśli,2.00,0
5699,katastrofa,2.00,0
4938,wzór,2.00,0
9515,rana,2.00,0
3570,powoli,2.00,0
3222,powietrze,2.00,0
3059,dolina,2.00,0
4745,mapa,2.00,0
90,stowarzyszenie,2.00,0
7968,zając,2.00,0
1521,podstawa,2.00,0
8928,futro,2.00,0
6233,musieć,2.00,0
5370,archipelag,2.00,0
5346,biały,2.00,0
8812,włoski,2.00,0
6847,łatwy,2.00,0
4926,kochać,2.00,0
5854,obiekt,2.00,0
9681,lód,2.00,0
6609,obejmować,2.00,0
3099,człowiek,2.00,0
6735,podróżować,2.00,0
4679,wydawać,2.00,0
5873,cisza,2.00,0
387,wpływ,2.00,0
4634,straszny,2.00,0
8622,(…),2.00,0
4498,kłaść,2.00,0
2550,budzić,2.00,0
2875,postawić,2.00,0
69,wciąż,2.00,0
1063,usuwać,2.00,0
3731,potrzebować,2.00,0
3907,główny,2.00,0
515,prosty,2.00,0
2681,one,2.00,0
4229,zachód,2.00,0
933,teoria,2.00,0
3990,podróż,2.00,0
1304,dowód,2.00,0
5160,zostać,2.00,0
4717,pisać,2.00,0
5844,przychodzić,2.00,0
4196,spotkać,2.00,0
7905,pozwalać,2.00,0
2828,wiek,2.00,0
9657,gotować,2.00,0
1712,?,2.00,0
5915,cierpieć,2.00,0
4068,rok,2.00,0
3736,rzymski,2.00,0
6655,tekst,2.00,0
8959,energia,2.00,0
6632,sąd,2.00,0
5849,ssak,2.00,0
3625,istota,2.00,0
5577,zacząć,2.00,0
5816,wokół,2.00,0
1114,przyjąć,2.00,0
1965,otoczenie,2.00,0
7986,wycieczka,2.00,0
3702,cztery,2.00,0
6978,wywodzić się,2.00,0
2171,Ameryka,2.00,0
3050,pióro,2.00,0
1848,spokój,2.00,0
234,przyjmować,2.00,0
5992,należy,2.00,0
8077,społeczeństwo,2.00,0
1661,osioł,2.00,0
6628,chłopak,2.00,0
5719,uznawać,2.00,0
3129,kaczka,2.00,0
6146,para,2.00,0
7323,restauracja,2.00,0
9222,luty,2.00,0
9146,dziwny,2.00,0
2002,wybory,2.00,0
9538,sposób,2.00,0
2583,żółty,2.00,0
7321,czytać,2.00,0
7832,strumień,2.00,0
5825,ryba,2.00,0
1149,no,2.00,0
9332,reakcja,2.00,0
2721,zdrowy,2.00,0
1065,czyli,2.00,0
9969,pozbawić,2.00,0
5279,ja,2.00,0
5245,no,2.00,0
3063,wolno,2.00,0
6153,czerwony,2.00,0
1673,pragnienie,2.00,0
2534,spór,2.00,0
6204,wystawa,2.00,0
9298,tutaj,2.00,0
8806,miód,2.00,0
759,autobus,2.00,0
4522,wreszcie,2.00,0
8873,podnieść,2.00,0
3613,dziecięcy,2.00,0
4601,mieszkanka,2.00,0
6724,dzięki,2.00,0
7770,Boże Narodzenie,2.00,0
5045,plaża,2.00,0
1509,pora,2.00,0
1893,miły,2.00,0
8550,nieszczęście,2.00,0
8,jednostka,2.00,0
1822,rzadko,2.00,0
1276,zachodni,2.00,0
5554,smutny,2.00,0
1950,sól,2.00,0
8940,wojskowy,2.00,0
9064,900,2.00,0
5872,długość,2.00,0
7810,punkt,2.00,0
3886,bić,2.00,0
4244,przedstawiać,2.00,0
9864,podnosić,2.00,0
5189,przedstawiciel,2.00,0
6866,otrzymać,2.00,0
2148,rzeczownik,2.00,0
7163,drzewo,2.00,0
9165,prawy,2.00,0
2422,ten sam,2.00,0
5000,Ameryka,2.00,0
5220,imię,2.00,0
9099,znak,2.00,0
8869,mieszkanie,2.00,0
7555,słyszeć,2.00,0
9005,siebie,2.00,0
6179,bieg,2.00,0
1178,cień,2.00,0
3396,rzadko,2.00,0
206,nie ma,2.00,0
583,zgoda,2.00,0
3936,naturalny,2.00,0
838,jego,2.00,0
7958,Jezus,2.00,0
4176,lud,2.00,0
8905,pies,2.00,0
9336,metalowy,2.00,0
1199,sytuacja,2.00,0
31,plaża,2.00,0
2852,mądry,2.00,0
6634,charakter,2.00,0
8055,późno,2.00,0
8862,potem,2.00,0
5720,dać,2.00,0
3800,książę,2.00,0
1263,górny,2.00,0
9944,flaga,2.00,0
7243,leżeć,2.00,0
4565,wytwarzać,2.00,0
7371,ten sam,2.00,0
9769,nadawać,2.00,0
5963,nasienie,2.00,0
8438,strach,2.00,0
4117,panować,2.00,0
8492,republika,2.00,0
7364,początek,2.00,0
6106,kupować,2.00,0
7136,kula,2.00,0
4543,płyn,2.00,0
7912,duński,2.00,0
4581,zaufanie,2.00,0
3048,wysłać,2.00,0
1614,słowacki,2.00,0
7118,znak,2.00,0
220,oni,2.00,0
4773,łatwo,2.00,0
8780,lekcja,2.00,0
9120,lew,2.00,0
5537,odważny,2.00,0
7543,klub,2.00,0
3605,światło,2.00,0
1076,gwiazda,2.00,0
5247,długo,2.00,0
747,papież,2.00,0
9678,obiekt,2.00,0
3794,Warszawa,2.00,0
4582,rzadki,2.00,0
5170,wioska,2.00,0
2192,własny,2.00,0
9461,szyja,2.00,0
4652,pozostawać,2.00,0
1929,koncert,2.00,0
8805,dodać,2.00,0
2929,otrzymywać,2.00,0
8396,czynność,2.00,0
8508,los,2.00,0
3796,siedem,2.00,0
9868,dawać,2.00,0
3210,szkolny,2.00,0
3330,jazda,2.00,0
7815,poniedziałek,2.00,0
7142,pragnienie,2.00,0
4462,kij,2.00,0
3979,autor,2.00,0
5555,obiad,2.00,0
2302,Szwecja,2.00,0
5100,obszar,2.00,0
3383,postępować,2.00,0
1995,sprawa,2.00,0
834,włosy,2.00,0
1986,by,2.00,0
5320,ślad,2.00,0
2800,uważać,2.00,0
4103,uczeń,2.00,0
1038,samochód,2.00,0
2745,elektryczny,2.00,0
8515,zajęcie,2.00,0
1111,stan,2.00,0
1681,biedny,2.00,0
8241,francuski,2.00,0
9049,brązowy,2.00,0
4494,kolorowy,2.00,0
1524,zdanie,2.00,0
7507,dopływ,2.00,0
4253,osiągnąć,2.00,0
5680,razem,2.00,0
7788,główny,2.00,0
690,kto,2.00,0
7164,urodzić,2.00,0
8109,równy,2.00,0
2093,strata,2.00,0
3011,brak,2.00,0
649,włosy,2.00,0
8832,ramię,2.00,0
8290,powstanie,2.00,0
3156,zboże,2.00,0
1250,policjant,2.00,0
5240,otaczać,2.00,0
9230,zwykły,2.00,0
6411,historyczny,2.00,0
8547,polegać,2.00,0
6691,ze,2.00,0
2910,100,2.00,0
7501,ciepły,2.00,0
8737,gmina,2.00,0
4659,Chiny,2.00,0
6166,stacja,2.00,0
8057,koszula,2.00,0
7354,jakość,2.00,0
7959,zmiana,2.00,0
6756,zjeść,2.00,0
4074,księga,2.00,0
3696,jakby,2.00,0
4675,prowadzić,2.00,0
9496,kult,2.00,0
6239,zbudować,2.00,0
5658,czyjś,2.00,0
2493,urodziny,2.00,0
6392,gruby,2.00,0
7809,telewizyjny,2.00,0
1072,znajdować się,2.00,0
2024,krok,2.00,0
2580,czekać,2.00,0
1779,piec,2.00,0
1268,własność,2.00,0
7856,czasownik,2.00,0
883,opowiadać,2.00,0
3176,sytuacja,2.00,0
3959,informacja,2.00,0
94,gniew,2.00,0
7984,komputerowy,2.00,0
1281,turecki,2.00,0
7989,powszechny,2.00,0
7339,władza,2.00,0
9087,łatwo,2.00,0
7271,siostra,2.00,0
9239,nieść,2.00,0
7739,wobec,2.00,0
6814,przestać,2.00,0
1279,wola,2.00,0
1410,szereg,2.00,0
8453,miękki,2.00,0
8496,dach,2.00,0
5911,dusza,2.00,0
344,spodnie,2.00,0
2010,sieć,2.00,0
2240,tablica,2.00,0
5012,część,2.00,0
7152,skrzydło,2.00,0
1949,papieros,2.00,0
6158,on,2.00,0
4925,królewski,2.00,0
9349,mi,2.00,0
2775,przestępstwo,2.00,0
2518,francuski,2.00,0
5690,dowód,2.00,0
9536,masa,2.00,0
908,100,2.00,0
2168,godzina,2.00,0
2377,złapać,2.00,0
3565,spadać,2.00,0
8921,wspomnienie,2.00,0
6272,farba,2.00,0
5428,zmarły,2.00,0
3476,okręt,2.00,0
8684,potrzebować,2.00,0
9766,umysł,2.00,0
2356,przejaw,2.00,0
8217,doświadczenie,2.00,0
8714,miecz,2.00,0
9836,bajka,2.00,0
244,leczenie,2.00,0
3863,dziewczyna,2.00,0
2833,przyszły,2.00,0
8436,sądzić,2.00,0
4507,alkoholowy,2.00,0
4549,Anglia,2.00,0
2278,łuk,2.00,0
8671,niektóry,2.00,0
2228,pozwalać,2.00,0
6343,święto,2.00,0
813,dziki,2.00,0
7032,ciężki,2.00,0
225,handel,2.00,0
6563,zostać,2.00,0
5590,ty,2.00,0
697,pas,2.00,0
1096,w wyniku,2.00,0
4865,teraz,2.00,0
1898,inaczej,2.00,0
184,związek,2.00,0
3652,milion,2.00,0
6875,zachowanie,2.00,0
207,flaga,2.00,0
6063,dialekt,2.00,0
9368,mieszkać,2.00,0
7342,wielki,2.00,0
9722,dlatego,2.00,0
4012,znaleźć,2.00,0
4928,oczekiwać,2.00,0
4039,klucz,2.00,0
7029,czwarty,2.00,0
5830,domowy,2.00,0
4197,trzeci,2.00,0
272,finansowy,2.00,0
912,wojna,2.00,0
8226,rozwój,2.00,0
3656,księga,2.00,0
8519,zrozumieć,2.00,0
9107,wybrać,2.00,0
4782,kolor,2.00,0
6039,szkło,2.00,0
4853,albo,2.00,0
2067,papier,2.00,0
1599,ile,2.00,0
5266,miejscowość,2.00,0
2414,kąt,2.00,0
6710,linia,2.00,0
9736,włożyć,2.00,0
7212,coś,2.00,0
7358,jedzenie,2.00,0
8626,hałas,2.00,0
4640,system,2.00,0
4182,wioska,2.00,0
6120,polityka,2.00,0
6839,dany,2.00,0
5743,znany,2.00,0
3543,prosić,2.00,0
3237,kiedy,2.00,0
5434,ciotka,2.00,0
5943,cierpienie,2.00,0
6094,oś,2.00,0
2112,gwałtowny,2.00,0
5761,pojechać,2.00,0
7559,żeński,1.00,0
1807,wrażenie,1.00,0
4040,okolica,1.00,0
7448,literacki,1.00,0
1714,przedmiot,1.00,0
3226,w celu,1.00,0
2616,wy,1.00,0
3212,wojenny,1.00,0
2162,rada,1.00,0
56,zysk,1.00,0
7192,pragnienie,1.00,0
5477,uciekać,1.00,0
8454,900,1.00,0
7715,cień,1.00,0
904,gleba,1.00,0
3507,leczenie,1.00,0
5403,Unia Europejska,1.00,0
7640,Boże Narodzenie,1.00,0
6667,pół,1.00,0
2779,wy,1.00,0
6259,7,1.00,0
6412,poznać,1.00,0
6906,zachowanie,1.00,0
2159,relacja,1.00,0
8868,operacja,1.00,0
1640,profesor,1.00,0
8119,woda,1.00,0
4046,pies,1.00,0
6749,mleko,1.00,0
9108,średniowieczny,1.00,0
9881,zazwyczaj,1.00,0
9530,daleki,1.00,0
4334,turecki,1.00,0
435,teatr,1.00,0
7215,wejście,1.00,0
4004,słoneczny,1.00,0
7345,róg,1.00,0
4235,radość,1.00,0
4135,potrzebny,1.00,0
7585,w postaci,1.00,0
5722,założyć,1.00,0
1369,nigdy,1.00,0
4941,zaraz,1.00,0
8409,umowa,1.00,0
3219,zwykły,1.00,0
6831,Jezus,1.00,0
2466,pokój,1.00,0
812,przed,1.00,0
5782,odnosić się,1.00,0
3818,słownik,1.00,0
6201,zmienić,1.00,0
5832,szwedzki,1.00,0
2435,drzwi,1.00,0
1201,ślub,1.00,0
7637,tańczyć,1.00,0
4806,wkrótce,1.00,0
3007,pewien,1.00,0
5146,bóg,1.00,0
4894,smak,1.00,0
7537,właściwość,1.00,0
3967,5,1.00,0
4542,łuk,1.00,0
6693,południe,1.00,0
8709,gęś,1.00,0
7324,substancja,1.00,0
3381,sklep,1.00,0
4496,dotyczyć,1.00,0
3913,ostatni,1.00,0
7131,otwierać,1.00,0
9672,podczas,1.00,0
114,aż,1.00,0
9702,Egipt,1.00,0
8280,mały,1.00,0
7786,plama,1.00,0
2143,zdanie,1.00,0
2354,przeciw,1.00,0
8719,całkowicie,1.00,0
141,drugi,1.00,0
7657,ilość,1.00,0
6861,tydzień,1.00,0
3202,pojemnik,1.00,0
2306,butelka,1.00,0
7051,czyn,1.00,0
784,postawić,1.00,0
5257,iść,1.00,0
6961,szwedzki,1.00,0
8576,internetowy,1.00,0
6217,zapach,1.00,0
6541,kara,1.00,0
1809,muzyk,1.00,0
4825,góra,1.00,0
7774,dziecko,1.00,0
7208,Stany Zjednoczone,1.00,0
3486,ciemny,1.00,0
9202,wzór,1.00,0
4214,we,1.00,0
7771,pragnienie,1.00,0
47,te,1.00,0
1716,błoto,1.00,0
552,amerykański,1.00,0
7366,ostry,1.00,0
9670,strata,1.00,0
4861,wybrzeże,1.00,0
6864,duży,1.00,0
2344,republika,1.00,0
526,rzucić,1.00,0
318,wróg,1.00,0
1121,natychmiast,1.00,0
3158,kanał,1.00,0
2754,lecz,1.00,0
5379,kolej,1.00,0
9191,dlatego,1.00,0
3360,niż,1.00,0
7155,leczenie,1.00,0
9499,zainteresowanie,1.00,0
5173,wieczorem,1.00,0
3481,plaża,1.00,0
9435,każdy,1.00,0
7658,wysyłać,1.00,0
8434,bitwa,1.00,0
7306,wychodzić,1.00,0
5001,milion,1.00,0
2749,właściciel,1.00,0
937,środowisko,1.00,0
9882,cztery,1.00,0
1484,starożytny,1.00,0
1638,chłopiec,1.00,0
2887,linia,1.00,0
3027,należy,1.00,0
9306,Anglia,1.00,0
4608,obrona,1.00,0
4429,świątynia,1.00,0
7130,butelka,1.00,0
2511,ryba,1.00,0
7729,czysty,1.00,0
853,handel,1.00,0
9862,zgromadzenie,1.00,0
8989,wszystkie,1.00,0
7262,bieda,1.00,0
2861,całkowicie,1.00,0
4781,potrafić,1.00,0
4371,żyć,1.00,0
8953,by,1.00,0
706,państwowy,1.00,0
1828,mieszkaniec,1.00,0
2150,Szwajcaria,1.00,0
6491,sobota,1.00,0
5791,zabić,1.00,0
8891,orzeł,1.00,0
5453,straszny,1.00,0
345,armia,1.00,0
3264,wyścig,1.00,0
3523,brzydki,1.00,0
4985,pomagać,1.00,0
1525,robotnik,1.00,0
9823,użyć,1.00,0
8567,czarny,1.00,0
6747,60,1.00,0
3422,pani,1.00,0
6658,trawa,1.00,0
3918,dziób,1.00,0
5965,potrzebny,1.00,0
2790,piętro,1.00,0
4737,angielski,1.00,0
8708,gazeta,1.00,0
6645,zakres,1.00,0
9007,radość,1.00,0
5231,na zewnątrz,1.00,0
5408,wybór,1.00,0
6291,wydać,1.00,0
5142,tysiąc,1.00,0
3088,ryba,1.00,0
2170,wysyłać,1.00,0
1314,wydać,1.00,0
2963,dopływ,1.00,0
3942,trawa,1.00,0
634,społeczny,1.00,0
9370,często,1.00,0
4927,także,1.00,0
1069,sól,1.00,0
1398,średni,1.00,0
9476,ten,1.00,0
6031,za pomocą,1.00,0
2225,trzeba,1.00,0
1016,zupa,1.00,0
7629,miejsce,1.00,0
3546,inaczej,1.00,0
3977,zobaczyć,1.00,0
9138,światło,1.00,0
8382,żydowski,1.00,0
3294,podatek,1.00,0
1033,zamiast,1.00,0
4147,świnia,1.00,0
8374,plemię,1.00,0
3679,wewnętrzny,1.00,0
2483,obejmować,1.00,0
5295,złapać,1.00,0
4670,rzecz,1.00,0
7624,piosenka,1.00,0
425,czoło,1.00,0
8115,nowy,1.00,0
1979,strona,1.00,0
555,stanowisko,1.00,0
6367,nowy,1.00,0
6,poduszka,1.00,0
3938,Czechy,1.00,0
513,kraj,1.00,0
6136,lek,1.00,0
5034,ząb,1.00,0
8335,przyczyna,1.00,0
1011,zupełnie,1.00,0
9531,urodzić się,1.00,0
4,dar,1.00,0
6614,przyjmować,1.00,0
5485,górski,1.00,0
3126,początek,1.00,0
423,most,1.00,0
8589,skutek,1.00,0
5724,krzew,1.00,0
9112,występować,1.00,0
1007,pochodzić,1.00,0
2471,patrzeć,1.00,0
9796,broda,1.00,0
9171,jednocześnie,1.00,0
9471,wśród,1.00,0
6236,Ameryka,1.00,0
6925,wychodzić,1.00,0
2065,odnosić się,1.00,0
5233,dzisiejszy,1.00,0
5886,Europa,1.00,0
540,znak,1.00,0
6525,coś,1.00,0
9694,grać,1.00,0
1760,stawać się,1.00,0
5623,jesień,1.00,0
4464,Hiszpania,1.00,0
2328,ładny,1.00,0
5780,prawny,1.00,0
3738,patrzeć,1.00,0
1669,znaczny,1.00,0
5948,symbol,1.00,0
6699,ramię,1.00,0
7437,bogactwo,1.00,0
1871,przykład,1.00,0
9048,to,1.00,0
2690,religia,1.00,0
7903,sześć,1.00,0
1909,przestępstwo,1.00,0
9137,wygrać,1.00,0
6689,zbiór,1.00,0
1350,sądowy,1.00,0
1901,stać,1.00,0
9696,twarz,1.00,0
2797,spadać,1.00,0
4889,pokarm,1.00,0
8825,kosz,1.00,0
9802,obiad,1.00,0
1839,ciągle,1.00,0
5148,serce,1.00,0
3457,reguła,1.00,0
5015,gorączka,1.00,0
1633,pomoc,1.00,0
6615,tradycyjny,1.00,0
5157,usuwać,1.00,0
7041,studiować,1.00,0
4811,uderzenie,1.00,0
4982,pytać,1.00,0
6515,jeździć,1.00,0
6924,więzienie,1.00,0
8660,energia,1.00,0
5309,seksualny,1.00,0
1232,domowy,1.00,0
7751,gaz,1.00,0
3897,dolny,1.00,0
6240,trzymać,1.00,0
2781,przedstawienie,1.00,0
8902,płyta,1.00,0
4744,pies,1.00,0
2923,oddawać,1.00,0
2075,wymagać,1.00,0
7795,sprawiać,1.00,0
2021,kilometr,1.00,0
6033,szczyt,1.00,0
380,robotnik,1.00,0
6825,kraj,1.00,0
8616,móc,1.00,0
2792,igła,1.00,0
5900,podstawowy,1.00,0
3867,wydawać się,1.00,0
9340,następować,1.00,0
2070,jakby,1.00,0
6918,prawdziwy,1.00,0
2991,pochodzenie,1.00,0
6827,kult,1.00,0
934,dusza,1.00,0
2606,miejski,1.00,0
787,że,1.00,0
3455,psychiczny,1.00,0
4166,cierpieć,1.00,0
4069,dziwny,1.00,0
9770,rosyjski,1.00,0
9469,samochód,1.00,0
7513,oddawać,1.00,0
2981,otwierać,1.00,0
2972,ślad,1.00,0
3719,przyjmować,1.00,0
2360,podczas,1.00,0
5200,projekt,1.00,0
1043,bogini,1.00,0
7149,zmęczony,1.00,0
3670,zamknąć,1.00,0
6460,ustawa,1.00,0
1288,drobny,1.00,0
2623,próbować,1.00,0
781,–,1.00,0
2507,rozmiar,1.00,0
9509,obowiązek,1.00,0
3282,(…),1.00,0
4963,koncert,1.00,0
3449,bohater,1.00,0
445,węgiel,1.00,0
1431,pod,1.00,0
2673,znak,1.00,0
6902,upadek,1.00,0
2213,władca,1.00,0
190,żywy,1.00,0
9812,przeciwnik,1.00,0
6806,drzwi,1.00,0
433,żaba,1.00,0
4376,pająk,1.00,0
3784,trawa,1.00,0
8640,gniew,1.00,0
4267,szybko,1.00,0
3509,inaczej,1.00,0
8212,sok,1.00,0
6357,lekki,1.00,0
4095,ludzki,1.00,0
9964,100,1.00,0
1446,czwartek,1.00,0
5826,stary,1.00,0
5600,Afryka,1.00,0
3504,silnik,1.00,0
8707,południowy,1.00,0
8986,Jan,1.00,0
6442,biskup,1.00,0
3987,pięćdziesiąt,1.00,0
8715,świątynia,1.00,0
7552,zdrowie,1.00,0
1052,panować,1.00,0
5861,cebula,1.00,0
2857,szeroki,1.00,0
1537,francuski,1.00,0
1236,odzież,1.00,0
6440,księżyc,1.00,0
7824,kolejny,1.00,0
4884,wiatr,1.00,0
302,kosz,1.00,0
2155,choć,1.00,0
5569,studiować,1.00,0
588,dowód,1.00,0
5727,ogromny,1.00,0
9740,błąd,1.00,0
4063,styczeń,1.00,0
182,kontakt,1.00,0
6085,płeć,1.00,0
6477,bo,1.00,0
9759,oglądać,1.00,0
5196,powinien,1.00,0
7582,procent,1.00,0
8845,porządek,1.00,0
9569,przejście,1.00,0
587,70,1.00,0
5387,szkoda,1.00,0
5578,jazda,1.00,0
8841,pomieszczenie,1.00,0
9517,waluta,1.00,0
3929,nikt,1.00,0
8513,sobota,1.00,0
8909,zbudować,1.00,0
4558,analiza,1.00,0
1782,wyrób,1.00,0
5933,zawodowy,1.00,0
8662,spowodować,1.00,0
1607,prosty,1.00,0
6420,milion,1.00,0
9482,figura,1.00,0
4445,rachunek,1.00,0
3594,znaczny,1.00,0
3700,tysiąc,1.00,0
7692,wychodzić,1.00,0
3172,Ukraina,1.00,0
6567,jajko,1.00,0
7421,zdobyć,1.00,0
2666,akcja,1.00,0
7223,wesoły,1.00,0
9644,zero,1.00,0
8075,lub,1.00,0
4453,niż,1.00,0
2255,rosyjski,1.00,0
4765,element,1.00,0
7977,od,1.00,0
103,głównie,1.00,0
2118,Niemcy,1.00,0
4307,zajęcie,1.00,0
8122,bieg,1.00,0
6331,ósmy,1.00,0
8218,a,1.00,0
5785,odmiana,1.00,0
5944,bok,1.00,0
8528,otwierać,1.00,0
2957,iść,1.00,0
5603,m.in.,1.00,0
6441,sierpień,1.00,0
1449,osioł,1.00,0
8653,marzec,1.00,0
7457,wejście,1.00,0
5901,przyszły,1.00,0
7320,lina,1.00,0
2115,Chiny,1.00,0
5062,władza,1.00,0
7868,zwykły,1.00,0
7175,komputerowy,1.00,0
5612,jaki,1.00,0
7806,czyli,1.00,0
3508,telewizja,1.00,0
8648,pojęcie,1.00,0
9094,czwartek,1.00,0
5557,niewolnik,1.00,0
4365,istota,1.00,0
7213,jądro,1.00,0
6881,czynność,1.00,0
202,ściana,1.00,0
4772,poza,1.00,0
8058,przyjemny,1.00,0
1396,kultura,1.00,0
362,ten sam,1.00,0
554,ciasto,1.00,0
7202,głupek,1.00,0
8034,południe,1.00,0
2821,ślub,1.00,0
8205,osioł,1.00,0
2532,nad,1.00,0
8027,włożyć,1.00,0
6773,dziki,1.00,0
5070,nadmierny,1.00,0
5315,podział,1.00,0
758,lub,1.00,0
2738,luty,1.00,0
9371,Japonia,1.00,0
6537,rzymski,1.00,0
8224,możliwość,1.00,0
3477,cienki,1.00,0
1980,który,1.00,0
8230,bułgarski,1.00,0
7678,zabawa,1.00,0
7298,wysoki,1.00,0
6883,wyłącznie,1.00,0
5030,grudzień,1.00,0
6990,droga,1.00,0
4727,północny,1.00,0
569,bić,1.00,0
5134,dziewiąty,1.00,0
2492,lek,1.00,0
6433,technika,1.00,0
1238,brać,1.00,0
5765,wschodni,1.00,0
4879,nazywać,1.00,0
4444,że,1.00,0
1324,jedyny,1.00,0
88,dusza,1.00,0
909,wola,1.00,0
8330,kwiecień,1.00,0
2427,w.,1.00,0
735,wcześnie,1.00,0
1355,kawa,1.00,0
4213,wojenny,1.00,0
152,odkryć,1.00,0
6597,promień,1.00,0
8323,element,1.00,0
5104,drzewo,1.00,0
7401,zając,1.00,0
2137,dawać,1.00,0
6809,wysoki,1.00,0
7873,rozmiar,1.00,0
2529,wyglądać,1.00,0
1198,ryba,1.00,0
8295,czynność,1.00,0
6790,szkodliwy,1.00,0
1119,wzgórze,1.00,0
6536,one,1.00,0
6873,używać,1.00,0
3351,wspaniały,1.00,0
4335,równy,1.00,0
3103,kolacja,1.00,0
2993,i,1.00,0
4983,obszar,1.00,0
5133,w czasie,1.00,0
9658,żołnierz,1.00,0
4736,transport,1.00,0
2035,na,1.00,0
7894,mnóstwo,1.00,0
3983,urząd,1.00,0
9258,otrzymać,1.00,0
8325,związany,1.00,0
2882,urodziny,1.00,0
9940,kot,1.00,0
5291,mysz,1.00,0
9562,Boże Narodzenie,1.00,0
948,zbiornik,1.00,0
2173,jeszcze,1.00,0
9284,a,1.00,0
5110,sylaba,1.00,0
4668,daleko,1.00,0
3353,przeciwko,1.00,0
185,procent,1.00,0
9448,udać się,1.00,0
1972,8,1.00,0
2444,list,1.00,0
8958,Polska,1.00,0
270,sądzić,1.00,0
983,przy,1.00,0
4870,urząd,1.00,0
1004,taniec,1.00,0
6999,doprowadzić,1.00,0
1632,przeszkoda,1.00,0
1872,matka,1.00,0
4165,ludność,1.00,0
3121,kawałek,1.00,0
3425,model,1.00,0
8507,te,1.00,0
6955,region,1.00,0
9485,przyjmować,1.00,0
1280,droga,1.00,0
9372,wysokość,1.00,0
8176,hodować,1.00,0
3882,obszar,1.00,0
8733,panować,1.00,0
6651,dolina,1.00,0
7661,nieprzyjemny,1.00,0
6029,również,1.00,0
3395,odczuwać,1.00,0
7046,punkt,1.00,0
1584,wymagać,1.00,0
5940,warstwa,1.00,0
8074,charakter,1.00,0
5902,wytwarzać,1.00,0
3674,firma,1.00,0
5413,kolacja,1.00,0
9009,pięćdziesiąt,1.00,0
7503,pałac,1.00,0
1914,trawa,1.00,0
2649,oczywiście,1.00,0
8658,nosić,1.00,0
6484,firma,1.00,0
1522,złoty,1.00,0
327,mieszkaniec,1.00,0
8441,za,1.00,0
9488,zwłaszcza,1.00,0
4801,10,1.00,0
5258,ulegać,1.00,0
59,ślub,1.00,0
3090,dziwny,1.00,0
9478,światło,1.00,0
6666,karta,1.00,0
5164,leżeć,1.00,0
7334,silny,1.00,0
4284,dłoń,1.00,0
7496,70,1.00,0
8979,wielkość,1.00,0
5892,mieszkaniec,1.00,0
4198,ku,1.00,0
6285,gość,1.00,0
3452,mocno,1.00,0
3221,atmosfera,1.00,0
21,stawać się,1.00,0
4677,liczyć,1.00,0
1814,bezpieczeństwo,1.00,0
1544,palić,1.00,0
7596,zamieszkiwać,1.00,0
2347,chmura,1.00,0
8005,delikatny,1.00,0
2216,że,1.00,0
1020,małpa,1.00,0
7446,los,1.00,0
6260,płeć,1.00,0
5430,reguła,1.00,0
6170,900,1.00,0
6797,dwudziesty,1.00,0
3454,kobiecy,1.00,0
4800,łuk,1.00,0
7943,narkotyk,1.00,0
7493,rodzina,1.00,0
2590,pięćdziesiąt,1.00,0
9904,szczęście,1.00,0
5586,impreza,1.00,0
2319,dla,1.00,0
6639,dziś,1.00,0
4075,okrągły,1.00,0
8123,wyrażenie,1.00,0
5150,religia,1.00,0
6306,zarówno,1.00,0
7533,szkodliwy,1.00,0
9991,zwykły,1.00,0
8405,inaczej,1.00,0
4688,zgadzać się,1.00,0
9514,azjatycki,1.00,0
6269,zwolennik,1.00,0
1623,dziedzina,1.00,0
5857,nikt,1.00,0
2353,odbywać się,1.00,0
3521,warunek,1.00,0
1088,osiemdziesiąt,1.00,0
1998,żołnierz,1.00,0
8448,bohater,1.00,0
952,wspólnota,1.00,0
2141,wolno,1.00,0
1429,planeta,1.00,0
9429,człowiek,1.00,0
9952,być,1.00,0
6577,leczenie,1.00,0
7411,reakcja,1.00,0
8464,kobieta,1.00,0
1436,wygrać,1.00,0
2578,plan,1.00,0
8420,doświadczenie,1.00,0
7300,wokół,1.00,0
3765,utwór,1.00,0
1818,kultura,1.00,0
3908,koń,1.00,0
9942,procent,1.00,0
9492,odpowiadać,1.00,0
6327,zapomnieć,1.00,0
6565,szybki,1.00,0
7319,zacząć,1.00,0
4656,bycie,1.00,0
295,ciekawy,1.00,0
16,ubranie,1.00,0
9422,znów,1.00,0
3711,padać,1.00,0
4427,ciemny,1.00,0
508,łódź,1.00,0
4048,podróżować,1.00,0
7672,chłopiec,1.00,0
1915,nikt,1.00,0
9389,wykorzystywać,1.00,0
1371,gorączka,1.00,0
8543,dzieło,1.00,0
7186,służyć,1.00,0
2246,środa,1.00,0
3286,cel,1.00,0
6720,zapomnieć,1.00,0
6788,uprawiać,1.00,0
917,graniczyć,1.00,0
1317,uśmiech,1.00,0
181,przyrząd,1.00,0
6222,biblioteka,1.00,0
6656,wiersz,1.00,0
7953,twardy,1.00,0
7138,babcia,1.00,0
8189,pić,1.00,0
721,kot,1.00,0
841,list,1.00,0
8262,kolumna,1.00,0
4723,Litwa,1.00,0
600,lekarz,1.00,0
9660,intensywny,1.00,0
7068,nic,1.00,0
6529,ucho,1.00,0
9710,jajo,1.00,0
9712,dostęp,1.00,0
7511,dla,1.00,0
6232,wysyłać,1.00,0
469,deska,1.00,0
7567,zegar,1.00,0
8741,może,1.00,0
9242,wujek,1.00,0
6857,kiedy,1.00,0
4754,kto,1.00,0
7719,handel,1.00,0
2227,mi,1.00,0
6664,angielski,1.00,0
3323,naturalny,1.00,0
5226,nowy,1.00,0
4026,używać,1.00,0
8503,zgoda,1.00,0
2855,głównie,1.00,0
6246,ile,1.00,0
8728,brzuch,1.00,0
1562,dziewięć,1.00,0
5802,gniazdo,1.00,0
35,syn,1.00,0
522,mapa,1.00,0
5345,dowód,1.00,0
4282,ząb,1.00,0
9224,gra,1.00,0
6938,oraz,1.00,0
8031,trzymać,1.00,0
713,jasny,1.00,0
2811,sześćdziesiąt,1.00,0
651,uciec,1.00,0
1744,kość,1.00,0
8838,50,1.00,0
4217,chmura,1.00,0
3830,program,1.00,0
1205,gleba,1.00,0
4249,zając,1.00,0
6007,trzydziesty,1.00,0
9718,produkcja,1.00,0
9608,analiza,1.00,0
6118,robota,1.00,0
8531,albo,1.00,0
5014,region,1.00,0
4847,kwiat,1.00,0
8553,sieć,1.00,0
9869,rak,1.00,0
4000,wspomnienie,1.00,0
512,dobrze,1.00,0
1923,katolicki,1.00,0
7336,jako,1.00,0
7850,międzynarodowy,1.00,0
1912,banknot,1.00,0
4205,zwierzę,1.00,0
3953,czwartek,1.00,0
5952,ozdoba,1.00,0
6572,spadek,1.00,0
5441,Austria,1.00,0
6880,jednocześnie,1.00,0
6315,odważny,1.00,0
6815,biedny,1.00,0
5708,sport,1.00,0
4327,obszar,1.00,0
1220,wielkość,1.00,0
7976,handel,1.00,0
2028,prosić,1.00,0
8855,ona,1.00,0
3082,ładny,1.00,0
8484,okropny,1.00,0
7284,możliwość,1.00,0
8204,mierzyć,1.00,0
8100,szef,1.00,0
5339,brać,1.00,0
5697,projekt,1.00,0
8729,przeciwnik,1.00,0
1699,konstrukcja,1.00,0
7147,ulica,1.00,0
5326,chwila,1.00,0
3227,dwadzieścia,1.00,0
7388,letni,1.00,0
4489,w końcu,1.00,0
9688,produkcja,1.00,0
3758,skrzydło,1.00,0
6742,nowy,1.00,0
2809,pomidor,1.00,0
6643,wciąż,1.00,0
1164,niski,1.00,0
9557,sport,1.00,0
7843,ponownie,1.00,0
9494,dokonać,1.00,0
5605,pozostać,1.00,0
8676,kontrola,1.00,0
3083,widoczny,1.00,0
8076,dwanaście,1.00,0
2084,gdyby,1.00,0
8865,owad,1.00,0
1057,złożyć,1.00,0
5784,ciemność,1.00,0
3677,powolny,1.00,0
8376,żaba,1.00,0
418,papieros,1.00,0
9308,zapalenie,1.00,0
3973,potrafić,1.00,0
9391,liczba,1.00,0
8328,strach,1.00,0
8064,opowiadać,1.00,0
8717,gmina,1.00,0
3715,szczyt,1.00,0
8833,rada,1.00,0
2913,Kościół,1.00,0
5702,ważny,1.00,0
1438,typowy,1.00,0
1229,linia,1.00,0
3752,niski,1.00,0
6218,gwiazda,1.00,0
622,bać się,1.00,0
5280,produkt,1.00,0
6764,zadanie,1.00,0
6772,zadanie,1.00,0
2572,silny,1.00,0
997,wobec,1.00,0
2769,miesiąc,1.00,0
7604,jesień,1.00,0
5592,mieszkać,1.00,0
4358,święto,1.00,0
372,dziewczyna,1.00,0
742,wspólny,1.00,0
99,ciąża,1.00,0
8450,opinia,1.00,0
7356,przestępstwo,1.00,0
5178,wspomnienie,1.00,0
2400,tańczyć,1.00,0
9498,broń,1.00,0
3778,francuski,1.00,0
8150,móc,1.00,0
9746,trzydzieści,1.00,0
962,stan,1.00,0
9033,teoria,1.00,0
7218,szef,1.00,0
5365,wewnętrzny,1.00,0
7756,zwycięstwo,1.00,0
7120,wszystko,1.00,0
6330,dostać,1.00,0
8654,a,1.00,0
4145,czekać,1.00,0
6976,poczta,1.00,0
4487,Niemiec,1.00,0
9053,tutaj,1.00,0
110,osiemdziesiąt,1.00,0
9383,bułgarski,1.00,0
4341,powinien,1.00,0
1010,pióro,1.00,0
9039,proces,1.00,0
5319,historyczny,1.00,0
4129,wypowiedź,1.00,0
3270,popularny,1.00,0
1837,kierować,1.00,0
6980,wy,1.00,0
5277,syn,1.00,0
1493,Kraków,1.00,0
9523,zatoka,1.00,0
683,godność,1.00,0
1784,dolny,1.00,0
7295,następny,1.00,0
317,uznawać,1.00,0
5009,sen,1.00,0
8378,ciało,1.00,0
5989,ponad,1.00,0
7549,prosty,1.00,0
8504,poruszać,1.00,0
2774,panna,1.00,0
4459,tradycja,1.00,0
2384,strój,1.00,0
1418,gęś,1.00,0
7573,jeśli,1.00,0
3072,cześć,1.00,0
1570,wola,1.00,0
9764,śmierć,1.00,0
2345,dziwny,1.00,0
7639,sprawiać,1.00,0
3298,bok,1.00,0
4673,skóra,1.00,0
8479,stopa,1.00,0
5246,zamek,1.00,0
4236,zobaczyć,1.00,0
8352,muzyk,1.00,0
9680,praktyka,1.00,0
8068,wchodzić,1.00,0
1421,nowy,1.00,0
3413,pomiędzy,1.00,0
5954,użycie,1.00,0
2494,Czechy,1.00,0
9190,potrafić,1.00,0
76,bezpieczeństwo,1.00,0
8559,cierpienie,1.00,0
4647,ryż,1.00,0
8336,zima,1.00,0
4946,nie ma,1.00,0
1618,temu,1.00,0
55,niemiecki,1.00,0
4680,pióro,1.00,0
8884,siebie,1.00,0
5560,mysz,1.00,0
3495,skala,1.00,0
9030,który,1.00,0
9104,urząd,1.00,0
8877,książka,1.00,0
7011,włosy,1.00,0
946,trzeba,1.00,0
7482,rynek,1.00,0
7954,Izrael,1.00,0
8763,20,1.00,0
6641,patrzeć,1.00,0
2087,wesoły,1.00,0
6671,itp.,1.00,0
4447,palec,1.00,0
1863,kanał,1.00,0
9167,republika,1.00,0
6916,nóż,1.00,0
271,akt,1.00,0
9637,lis,1.00,0
4065,otrzymać,1.00,0
7340,od,1.00,0
9409,klasztor,1.00,0
7554,pomarańczowy,1.00,0
9685,płakać,1.00,0
371,budynek,1.00,0
7082,mięso,1.00,0
703,krzesło,1.00,0
1284,zgromadzenie,1.00,0
8179,Szwecja,1.00,0
3704,drogi,1.00,0
4015,źle,1.00,0
5589,dziś,1.00,0
4374,kosztować,1.00,0
4209,Czechy,1.00,0
8834,potrafić,1.00,0
8828,więcej,1.00,0
2245,właściwość,1.00,0
9411,piłka nożna,1.00,0
6181,jądro,1.00,0
2939,sprzedawać,1.00,0
7100,moment,1.00,0
5251,oni,1.00,0
2822,przeciwnik,1.00,0
286,słuchać,1.00,0
3833,wojsko,1.00,0
8651,tył,1.00,0
1363,dlaczego,1.00,0
5135,według,1.00,0
967,wujek,1.00,0
8234,pozycja,1.00,0
9457,kontynent,1.00,0
3146,zboże,1.00,0
2163,przyprawa,1.00,0
7352,zewnętrzny,1.00,0
9723,mecz,1.00,0
1531,istnienie,1.00,0
4994,zobaczyć,1.00,0
6663,gleba,1.00,0
1465,mąż,1.00,0
9227,np.,1.00,0
8854,metr,1.00,0
9941,dany,1.00,0
885,zakres,1.00,0
1663,wierzyć,1.00,0
3291,przyjechać,1.00,0
5827,kieszeń,1.00,0
332,katastrofa,1.00,0
708,kolorowy,1.00,0
307,przejście,1.00,0
7167,odnosić się,1.00,0
6387,wydawać się,1.00,0
8388,alkohol,1.00,0
4814,dziś,1.00,0
6475,nadzieja,1.00,0
3105,60,1.00,0
3811,nadmierny,1.00,0
3717,płakać,1.00,0
3502,dziewczynka,1.00,0
3250,dzień,1.00,0
6098,skrzydło,1.00,0
5535,ojczyzna,1.00,0
3470,zachowywać się,1.00,0
8106,katolicki,1.00,0
5099,7,1.00,0
8600,epoka,1.00,0
7929,stół,1.00,0
4845,określenie,1.00,0
6111,właściwy,1.00,0
4414,wrogość,1.00,0
123,towarzystwo,1.00,0
8829,charakter,1.00,0
5896,rok,1.00,0
5839,aby,1.00,0
9975,8,1.00,0
6014,dawać,1.00,0
5324,polityczny,1.00,0
1563,głęboki,1.00,0
1622,sierpień,1.00,0
319,mieszkać,1.00,0
5850,Wielka Brytania,1.00,0
4655,towarzystwo,1.00,0
3418,suma,1.00,0
9651,zimno,1.00,0
6898,przypadek,1.00,0
6672,tam,1.00,0
7123,królowa,1.00,0
8462,lęk,1.00,0
3349,rozmowa,1.00,0
4338,zawodowy,1.00,0
9890,całkiem,1.00,0
1194,śmierć,1.00,0
3304,zwierzę,1.00,0
7687,narząd,1.00,0
664,żołnierz,1.00,0
7648,warstwa,1.00,0
9184,zapalenie,1.00,0
3861,radiowy,1.00,0
9427,odwaga,1.00,0
7520,urząd,1.00,0
359,oczekiwać,1.00,0
9212,pozbawić,1.00,0
1228,podczas,1.00,0
9774,elektryczny,1.00,0
186,pomoc,1.00,0
8539,promień,1.00,0
830,właściciel,1.00,0
8093,wyrok,1.00,0
8281,kawałek,1.00,0
4219,pracować,1.00,0
507,wada,1.00,0
3901,piłka,1.00,0
4279,śnieg,1.00,0
8793,pszczoła,1.00,0
283,materiał,1.00,0
1035,różny,1.00,0
7970,więcej,1.00,0
1101,biały,1.00,0
27,lecieć,1.00,0
6248,wrogi,1.00,0
1179,trawa,1.00,0
2091,świnia,1.00,0
3414,godny,1.00,0
5686,list,1.00,0
7804,te,1.00,0
2055,narkotyk,1.00,0
5994,długo,1.00,0
4424,zewnętrzny,1.00,0
9012,drugi,1.00,0
294,dotyczyć,1.00,0
4136,pociąg,1.00,0
850,medycyna,1.00,0
4534,narkotyk,1.00,0
8163,kurs,1.00,0
6079,metal,1.00,0
7586,dokument,1.00,0
9730,wyścig,1.00,0
6966,małżeństwo,1.00,0
8594,religia,1.00,0
6993,odmiana,1.00,0
7031,Unia Europejska,1.00,0
6688,umożliwiać,1.00,0
8967,wiersz,1.00,0
3531,uwaga,1.00,0
6188,pomiędzy,1.00,0
3566,zawartość,1.00,0
7170,czerwony,1.00,0
5420,dwanaście,1.00,0
5162,po,1.00,0
4787,wojenny,1.00,0
9793,godny,1.00,0
6962,plecy,1.00,0
4967,tłuszcz,1.00,0
8259,gwiazdozbiór,1.00,0
7768,ciało,1.00,0
4797,myśleć,1.00,0
1813,bok,1.00,0
6804,pustynia,1.00,0
6185,9,1.00,0
2401,przecież,1.00,0
8145,żydowski,1.00,0
3032,żeński,1.00,0
269,niezwykły,1.00,0
1017,brat,1.00,0
8726,zeszły,1.00,0
7927,Wielka Brytania,1.00,0
